2025-09-30 10:04:37,058 [INFO] [MainThread] [root/log.py:59]: YASB v1.8.2
2025-09-30 10:04:37,059 [INFO] [Thread-1 (_run_server)] [cli_server/cli_server.py:212]: CLI server started v1.1.2
2025-09-30 10:04:37,059 [INFO] [MainThread] [cli_server/cli_server.py:104]: Log pipe server started
2025-09-30 10:04:37,269 [INFO] [MainThread] [root/config.py:64]: Created default config file at C:\Users\Fahim Rifat\.config\yasb\config.yaml
2025-09-30 10:04:37,336 [INFO] [MainThread] [root/config.py:78]: Created default stylesheet at C:\Users\Fahim Rifat\.config\yasb\styles.css
2025-09-30 10:05:00,627 [DEBUG] [MainThread] [tzlocal/win32.py:55]: Looking up time zone info from registry
2025-09-30 10:05:04,688 [DEBUG] [MainThread] [comtypes/__init__.py:149]: CoInitializeEx(None, 2)
2025-09-30 10:05:05,982 [ERROR] [MainThread] [root/weather.py:59]: API key or location is missing. Please provide a valid API key and location.
2025-09-30 10:05:07,813 [INFO] [MainThread] [root/bar_manager.py:76]: Starting WindowsNotificationEventListener...
2025-09-30 10:05:07,814 [INFO] [MainThread] [root/bar_manager.py:76]: Starting KomorebiEventListener...
2025-09-30 10:05:07,814 [INFO] [MainThread] [root/bar_manager.py:76]: Starting SystemEventListener...
2025-09-30 10:05:07,815 [INFO] [MainThread] [root/watcher.py:54]: Created file watcher for path C:\Users\Fahim Rifat\.config\yasb
2025-09-30 10:05:07,835 [INFO] [Dummy-5] [root/event_listener.py:51]: Created named pipe yasb-a6e36064-9db2-11f0-96bd-bce92fdcd0ca
2025-09-30 10:05:07,885 [DEBUG] [MainThread] [qasync._windows._EventPoller/_windows.py:215]: Starting (proactor: <_IocpProactor overlapped#=0 result#=0>)...
2025-09-30 10:05:07,887 [DEBUG] [Dummy-7] [qasync._windows._EventWorker/_windows.py:195]: Thread started
2025-09-30 10:10:59,809 [ERROR] [MainThread] [root/config.py:115]: The config file 'C:\Users\Fahim Rifat\.config\yasb\config.yaml' contains validation errors. Please fix:
binding_modes:
- unknown field
gaps:
- unknown field
general:
- unknown field
keybindings:
- unknown field
window_behavior:
- unknown field
window_effects:
- unknown field
window_rules:
- unknown field
workspaces:
- unknown field

2025-09-30 10:14:29,375 [INFO] [MainThread] [root/controller.py:15]: Reloading Application because of config change.
2025-09-30 10:14:29,476 [INFO] [MainThread] [cli_server/cli_server.py:112]: Log pipe server stopped
2025-09-30 10:14:29,476 [DEBUG] [MainThread] [cli_server/cli_server.py:206]: CLI server stopped
2025-09-30 10:14:29,490 [INFO] [MainThread] [root/bar_manager.py:83]: Stopping WindowsNotificationEventListener...
2025-09-30 10:14:29,491 [INFO] [MainThread] [root/bar_manager.py:83]: Stopping KomorebiEventListener...
2025-09-30 10:14:29,491 [INFO] [MainThread] [root/bar_manager.py:83]: Stopping SystemEventListener...
2025-09-30 10:14:29,492 [INFO] [MainThread] [root/bar_manager.py:67]: Successfully loaded updated config and re-initialised all bars.
2025-09-30 10:14:29,493 [DEBUG] [MainThread] [qasync._windows._EventPoller/_windows.py:220]: Stopping worker thread...
2025-09-30 10:14:29,506 [DEBUG] [Dummy-7] [qasync._windows._EventWorker/_windows.py:204]: Exiting thread
2025-09-30 10:14:29,508 [DEBUG] [MainThread] [qasync._windows._IocpProactor/_windows.py:78]: Closing
2025-09-30 10:14:30,463 [INFO] [MainThread] [root/log.py:59]: YASB v1.8.2
2025-09-30 10:14:30,465 [INFO] [Thread-1 (_run_server)] [cli_server/cli_server.py:212]: CLI server started v1.1.2
2025-09-30 10:14:30,466 [INFO] [MainThread] [cli_server/cli_server.py:104]: Log pipe server started
2025-09-30 10:15:00,299 [DEBUG] [MainThread] [tzlocal/win32.py:55]: Looking up time zone info from registry
2025-09-30 10:15:00,445 [DEBUG] [MainThread] [comtypes/__init__.py:149]: CoInitializeEx(None, 2)
2025-09-30 10:15:00,638 [ERROR] [MainThread] [root/weather.py:59]: API key or location is missing. Please provide a valid API key and location.
2025-09-30 10:15:03,112 [INFO] [MainThread] [root/bar_manager.py:76]: Starting SystemEventListener...
2025-09-30 10:15:03,113 [INFO] [MainThread] [root/bar_manager.py:76]: Starting WindowsNotificationEventListener...
2025-09-30 10:15:03,115 [INFO] [MainThread] [root/watcher.py:54]: Created file watcher for path C:\Users\Fahim Rifat\.config\yasb
2025-09-30 10:15:03,247 [DEBUG] [MainThread] [qasync._windows._EventPoller/_windows.py:215]: Starting (proactor: <_IocpProactor overlapped#=0 result#=0>)...
2025-09-30 10:15:03,251 [DEBUG] [Dummy-6] [qasync._windows._EventWorker/_windows.py:195]: Thread started
2025-09-30 10:17:36,335 [INFO] [MainThread] [root/controller.py:15]: Reloading Application from tray...
2025-09-30 10:17:36,446 [INFO] [MainThread] [cli_server/cli_server.py:112]: Log pipe server stopped
2025-09-30 10:17:36,446 [DEBUG] [MainThread] [cli_server/cli_server.py:206]: CLI server stopped
2025-09-30 10:17:36,466 [INFO] [MainThread] [root/bar_manager.py:83]: Stopping SystemEventListener...
2025-09-30 10:17:36,467 [INFO] [MainThread] [root/bar_manager.py:83]: Stopping WindowsNotificationEventListener...
2025-09-30 10:17:36,468 [DEBUG] [MainThread] [qasync._windows._EventPoller/_windows.py:220]: Stopping worker thread...
2025-09-30 10:17:36,477 [DEBUG] [Dummy-6] [qasync._windows._EventWorker/_windows.py:204]: Exiting thread
2025-09-30 10:17:36,478 [DEBUG] [MainThread] [qasync._windows._IocpProactor/_windows.py:78]: Closing
2025-09-30 10:17:37,861 [INFO] [MainThread] [root/log.py:59]: YASB v1.8.2
2025-09-30 10:17:37,862 [INFO] [Thread-1 (_run_server)] [cli_server/cli_server.py:212]: CLI server started v1.1.2
2025-09-30 10:17:37,863 [INFO] [MainThread] [cli_server/cli_server.py:104]: Log pipe server started
2025-09-30 10:17:38,277 [DEBUG] [MainThread] [tzlocal/win32.py:55]: Looking up time zone info from registry
2025-09-30 10:17:38,404 [DEBUG] [MainThread] [comtypes/__init__.py:149]: CoInitializeEx(None, 2)
2025-09-30 10:17:38,604 [ERROR] [MainThread] [root/weather.py:59]: API key or location is missing. Please provide a valid API key and location.
2025-09-30 10:17:39,831 [INFO] [MainThread] [root/bar_manager.py:76]: Starting SystemEventListener...
2025-09-30 10:17:39,832 [INFO] [MainThread] [root/bar_manager.py:76]: Starting WindowsNotificationEventListener...
2025-09-30 10:17:39,833 [INFO] [MainThread] [root/watcher.py:54]: Created file watcher for path C:\Users\Fahim Rifat\.config\yasb
2025-09-30 10:17:39,923 [DEBUG] [MainThread] [qasync._windows._EventPoller/_windows.py:215]: Starting (proactor: <_IocpProactor overlapped#=0 result#=0>)...
2025-09-30 10:17:39,925 [DEBUG] [Dummy-6] [qasync._windows._EventWorker/_windows.py:195]: Thread started
2025-09-30 10:19:48,122 [INFO] [MainThread] [root/controller.py:15]: Reloading Application from tray...
2025-09-30 10:19:48,231 [INFO] [MainThread] [cli_server/cli_server.py:112]: Log pipe server stopped
2025-09-30 10:19:48,231 [DEBUG] [MainThread] [cli_server/cli_server.py:206]: CLI server stopped
2025-09-30 10:19:48,241 [INFO] [MainThread] [root/bar_manager.py:83]: Stopping SystemEventListener...
2025-09-30 10:19:48,241 [INFO] [MainThread] [root/bar_manager.py:83]: Stopping WindowsNotificationEventListener...
2025-09-30 10:19:48,243 [DEBUG] [MainThread] [qasync._windows._EventPoller/_windows.py:220]: Stopping worker thread...
2025-09-30 10:19:48,246 [DEBUG] [Dummy-6] [qasync._windows._EventWorker/_windows.py:204]: Exiting thread
2025-09-30 10:19:48,247 [DEBUG] [MainThread] [qasync._windows._IocpProactor/_windows.py:78]: Closing
2025-09-30 10:19:49,558 [INFO] [MainThread] [root/log.py:59]: YASB v1.8.2
2025-09-30 10:19:49,559 [INFO] [Thread-1 (_run_server)] [cli_server/cli_server.py:212]: CLI server started v1.1.2
2025-09-30 10:19:49,559 [INFO] [MainThread] [cli_server/cli_server.py:104]: Log pipe server started
2025-09-30 10:19:49,928 [DEBUG] [MainThread] [tzlocal/win32.py:55]: Looking up time zone info from registry
2025-09-30 10:19:50,053 [DEBUG] [MainThread] [comtypes/__init__.py:149]: CoInitializeEx(None, 2)
2025-09-30 10:19:50,246 [ERROR] [MainThread] [root/weather.py:59]: API key or location is missing. Please provide a valid API key and location.
2025-09-30 10:19:51,215 [INFO] [MainThread] [root/bar_manager.py:76]: Starting SystemEventListener...
2025-09-30 10:19:51,215 [INFO] [MainThread] [root/bar_manager.py:76]: Starting WindowsNotificationEventListener...
2025-09-30 10:19:51,217 [INFO] [MainThread] [root/watcher.py:54]: Created file watcher for path C:\Users\Fahim Rifat\.config\yasb
2025-09-30 10:19:51,303 [DEBUG] [MainThread] [qasync._windows._EventPoller/_windows.py:215]: Starting (proactor: <_IocpProactor overlapped#=0 result#=0>)...
2025-09-30 10:19:51,304 [DEBUG] [Dummy-6] [qasync._windows._EventWorker/_windows.py:195]: Thread started
2025-09-30 10:23:11,013 [INFO] [MainThread] [root/controller.py:15]: Reloading Application because of config change.
2025-09-30 10:23:11,123 [INFO] [MainThread] [cli_server/cli_server.py:112]: Log pipe server stopped
2025-09-30 10:23:11,123 [DEBUG] [MainThread] [cli_server/cli_server.py:206]: CLI server stopped
2025-09-30 10:23:11,130 [INFO] [MainThread] [root/bar_manager.py:83]: Stopping SystemEventListener...
2025-09-30 10:23:11,130 [INFO] [MainThread] [root/bar_manager.py:83]: Stopping WindowsNotificationEventListener...
2025-09-30 10:23:11,131 [INFO] [MainThread] [root/bar_manager.py:67]: Successfully loaded updated config and re-initialised all bars.
2025-09-30 10:23:11,132 [DEBUG] [MainThread] [qasync._windows._EventPoller/_windows.py:220]: Stopping worker thread...
2025-09-30 10:23:11,139 [DEBUG] [Dummy-6] [qasync._windows._EventWorker/_windows.py:204]: Exiting thread
2025-09-30 10:23:11,140 [DEBUG] [MainThread] [qasync._windows._IocpProactor/_windows.py:78]: Closing
2025-09-30 10:23:12,568 [INFO] [MainThread] [root/log.py:59]: YASB v1.8.2
2025-09-30 10:23:12,569 [INFO] [Thread-1 (_run_server)] [cli_server/cli_server.py:212]: CLI server started v1.1.2
2025-09-30 10:23:12,570 [INFO] [MainThread] [cli_server/cli_server.py:104]: Log pipe server started
2025-09-30 10:23:12,983 [DEBUG] [MainThread] [tzlocal/win32.py:55]: Looking up time zone info from registry
2025-09-30 10:23:13,100 [DEBUG] [MainThread] [comtypes/__init__.py:149]: CoInitializeEx(None, 2)
2025-09-30 10:23:13,307 [ERROR] [MainThread] [root/weather.py:59]: API key or location is missing. Please provide a valid API key and location.
2025-09-30 10:23:14,439 [INFO] [MainThread] [root/bar_manager.py:76]: Starting SystemEventListener...
2025-09-30 10:23:14,439 [INFO] [MainThread] [root/bar_manager.py:76]: Starting WindowsNotificationEventListener...
2025-09-30 10:23:14,441 [INFO] [MainThread] [root/watcher.py:54]: Created file watcher for path C:\Users\Fahim Rifat\.config\yasb
2025-09-30 10:23:14,529 [DEBUG] [MainThread] [qasync._windows._EventPoller/_windows.py:215]: Starting (proactor: <_IocpProactor overlapped#=0 result#=0>)...
2025-09-30 10:23:14,530 [DEBUG] [Dummy-6] [qasync._windows._EventWorker/_windows.py:195]: Thread started
2025-09-30 10:25:19,737 [ERROR] [MainThread] [root/config.py:124]: The file 'C:\Users\Fahim Rifat\.config\yasb\config.yaml' contains Parser Error(s). Please fix:
while parsing a flow sequence
  in "C:\Users\Fahim Rifat\.config\yasb\config.yaml", line 40, column 9
expected ',' or ']', but got '<scalar>'
  in "C:\Users\Fahim Rifat\.config\yasb\config.yaml", line 44, column 11
2025-09-30 10:25:31,457 [INFO] [MainThread] [root/controller.py:15]: Reloading Application because of config change.
2025-09-30 10:25:31,563 [INFO] [MainThread] [cli_server/cli_server.py:112]: Log pipe server stopped
2025-09-30 10:25:31,563 [DEBUG] [MainThread] [cli_server/cli_server.py:206]: CLI server stopped
2025-09-30 10:25:31,570 [INFO] [MainThread] [root/bar_manager.py:83]: Stopping SystemEventListener...
2025-09-30 10:25:31,570 [INFO] [MainThread] [root/bar_manager.py:83]: Stopping WindowsNotificationEventListener...
2025-09-30 10:25:31,571 [INFO] [MainThread] [root/bar_manager.py:67]: Successfully loaded updated config and re-initialised all bars.
2025-09-30 10:25:31,572 [DEBUG] [MainThread] [qasync._windows._EventPoller/_windows.py:220]: Stopping worker thread...
2025-09-30 10:25:31,578 [DEBUG] [Dummy-6] [qasync._windows._EventWorker/_windows.py:204]: Exiting thread
2025-09-30 10:25:31,579 [DEBUG] [MainThread] [qasync._windows._IocpProactor/_windows.py:78]: Closing
2025-09-30 10:25:32,929 [INFO] [MainThread] [root/log.py:59]: YASB v1.8.2
2025-09-30 10:25:32,929 [INFO] [Thread-1 (_run_server)] [cli_server/cli_server.py:212]: CLI server started v1.1.2
2025-09-30 10:25:32,930 [INFO] [MainThread] [cli_server/cli_server.py:104]: Log pipe server started
2025-09-30 10:25:33,301 [DEBUG] [MainThread] [tzlocal/win32.py:55]: Looking up time zone info from registry
2025-09-30 10:25:33,392 [DEBUG] [MainThread] [comtypes/__init__.py:149]: CoInitializeEx(None, 2)
2025-09-30 10:25:33,580 [ERROR] [MainThread] [root/weather.py:59]: API key or location is missing. Please provide a valid API key and location.
2025-09-30 10:25:34,593 [INFO] [MainThread] [root/bar_manager.py:76]: Starting SystemEventListener...
2025-09-30 10:25:34,593 [INFO] [MainThread] [root/bar_manager.py:76]: Starting WindowsNotificationEventListener...
2025-09-30 10:25:34,595 [INFO] [MainThread] [root/watcher.py:54]: Created file watcher for path C:\Users\Fahim Rifat\.config\yasb
2025-09-30 10:25:34,682 [DEBUG] [MainThread] [qasync._windows._EventPoller/_windows.py:215]: Starting (proactor: <_IocpProactor overlapped#=0 result#=0>)...
2025-09-30 10:25:34,684 [DEBUG] [Dummy-6] [qasync._windows._EventWorker/_windows.py:195]: Thread started
2025-09-30 10:25:52,669 [INFO] [MainThread] [root/controller.py:15]: Reloading Application because of config change.
2025-09-30 10:25:52,781 [INFO] [MainThread] [cli_server/cli_server.py:112]: Log pipe server stopped
2025-09-30 10:25:52,781 [DEBUG] [MainThread] [cli_server/cli_server.py:206]: CLI server stopped
2025-09-30 10:25:52,788 [INFO] [MainThread] [root/bar_manager.py:83]: Stopping SystemEventListener...
2025-09-30 10:25:52,788 [INFO] [MainThread] [root/bar_manager.py:83]: Stopping WindowsNotificationEventListener...
2025-09-30 10:25:52,789 [INFO] [MainThread] [root/bar_manager.py:67]: Successfully loaded updated config and re-initialised all bars.
2025-09-30 10:25:52,789 [DEBUG] [MainThread] [qasync._windows._EventPoller/_windows.py:220]: Stopping worker thread...
2025-09-30 10:25:52,796 [DEBUG] [Dummy-6] [qasync._windows._EventWorker/_windows.py:204]: Exiting thread
2025-09-30 10:25:52,797 [DEBUG] [MainThread] [qasync._windows._IocpProactor/_windows.py:78]: Closing
2025-09-30 10:25:54,097 [INFO] [MainThread] [root/log.py:59]: YASB v1.8.2
2025-09-30 10:25:54,098 [INFO] [Thread-1 (_run_server)] [cli_server/cli_server.py:212]: CLI server started v1.1.2
2025-09-30 10:25:54,098 [INFO] [MainThread] [cli_server/cli_server.py:104]: Log pipe server started
2025-09-30 10:25:54,465 [DEBUG] [MainThread] [tzlocal/win32.py:55]: Looking up time zone info from registry
2025-09-30 10:25:54,562 [DEBUG] [MainThread] [comtypes/__init__.py:149]: CoInitializeEx(None, 2)
2025-09-30 10:25:54,756 [ERROR] [MainThread] [root/weather.py:59]: API key or location is missing. Please provide a valid API key and location.
2025-09-30 10:25:55,780 [INFO] [MainThread] [root/bar_manager.py:76]: Starting WindowsNotificationEventListener...
2025-09-30 10:25:55,781 [INFO] [MainThread] [root/bar_manager.py:76]: Starting SystemEventListener...
2025-09-30 10:25:55,782 [INFO] [MainThread] [root/watcher.py:54]: Created file watcher for path C:\Users\Fahim Rifat\.config\yasb
2025-09-30 10:25:55,868 [DEBUG] [MainThread] [qasync._windows._EventPoller/_windows.py:215]: Starting (proactor: <_IocpProactor overlapped#=0 result#=0>)...
2025-09-30 10:25:55,871 [DEBUG] [Dummy-6] [qasync._windows._EventWorker/_windows.py:195]: Thread started
2025-09-30 10:29:10,066 [INFO] [MainThread] [root/controller.py:35]: Exiting Application...
2025-09-30 10:29:10,178 [INFO] [MainThread] [cli_server/cli_server.py:112]: Log pipe server stopped
2025-09-30 10:29:10,178 [DEBUG] [MainThread] [cli_server/cli_server.py:206]: CLI server stopped
2025-09-30 10:29:10,178 [INFO] [MainThread] [root/bar_manager.py:83]: Stopping WindowsNotificationEventListener...
2025-09-30 10:29:10,178 [INFO] [MainThread] [root/bar_manager.py:83]: Stopping SystemEventListener...
2025-09-30 10:29:10,208 [DEBUG] [MainThread] [qasync._windows._EventPoller/_windows.py:220]: Stopping worker thread...
2025-09-30 10:29:10,209 [DEBUG] [Dummy-6] [qasync._windows._EventWorker/_windows.py:204]: Exiting thread
2025-09-30 10:29:10,210 [DEBUG] [MainThread] [qasync._windows._IocpProactor/_windows.py:78]: Closing
2025-09-30 10:30:23,090 [INFO] [MainThread] [root/log.py:59]: YASB v1.8.2
2025-09-30 10:30:23,091 [INFO] [Thread-1 (_run_server)] [cli_server/cli_server.py:212]: CLI server started v1.1.2
2025-09-30 10:30:23,092 [INFO] [MainThread] [cli_server/cli_server.py:104]: Log pipe server started
2025-09-30 10:30:23,479 [DEBUG] [MainThread] [tzlocal/win32.py:55]: Looking up time zone info from registry
2025-09-30 10:30:23,604 [DEBUG] [MainThread] [comtypes/__init__.py:149]: CoInitializeEx(None, 2)
2025-09-30 10:30:23,821 [ERROR] [MainThread] [root/weather.py:59]: API key or location is missing. Please provide a valid API key and location.
2025-09-30 10:30:25,878 [INFO] [MainThread] [root/bar_manager.py:76]: Starting WindowsNotificationEventListener...
2025-09-30 10:30:25,879 [INFO] [MainThread] [root/bar_manager.py:76]: Starting SystemEventListener...
2025-09-30 10:30:25,880 [INFO] [MainThread] [root/watcher.py:54]: Created file watcher for path C:\Users\Fahim Rifat\.config\yasb
2025-09-30 10:30:25,974 [DEBUG] [MainThread] [qasync._windows._EventPoller/_windows.py:215]: Starting (proactor: <_IocpProactor overlapped#=0 result#=0>)...
2025-09-30 10:30:25,976 [DEBUG] [Dummy-6] [qasync._windows._EventWorker/_windows.py:195]: Thread started
2025-09-30 10:40:01,076 [INFO] [MainThread] [root/controller.py:15]: Reloading Application because of config change.
2025-09-30 10:40:01,190 [INFO] [MainThread] [cli_server/cli_server.py:112]: Log pipe server stopped
2025-09-30 10:40:01,190 [DEBUG] [MainThread] [cli_server/cli_server.py:206]: CLI server stopped
2025-09-30 10:40:01,203 [INFO] [MainThread] [root/bar_manager.py:83]: Stopping WindowsNotificationEventListener...
2025-09-30 10:40:01,204 [INFO] [MainThread] [root/bar_manager.py:83]: Stopping SystemEventListener...
2025-09-30 10:40:01,205 [INFO] [MainThread] [root/bar_manager.py:67]: Successfully loaded updated config and re-initialised all bars.
2025-09-30 10:40:01,206 [DEBUG] [MainThread] [qasync._windows._EventPoller/_windows.py:220]: Stopping worker thread...
2025-09-30 10:40:01,221 [DEBUG] [Dummy-6] [qasync._windows._EventWorker/_windows.py:204]: Exiting thread
2025-09-30 10:40:01,223 [DEBUG] [MainThread] [qasync._windows._IocpProactor/_windows.py:78]: Closing
2025-09-30 10:40:02,047 [INFO] [MainThread] [root/log.py:59]: YASB v1.8.2
2025-09-30 10:40:02,048 [INFO] [Thread-1 (_run_server)] [cli_server/cli_server.py:212]: CLI server started v1.1.2
2025-09-30 10:40:02,049 [INFO] [MainThread] [cli_server/cli_server.py:104]: Log pipe server started
2025-09-30 10:40:02,500 [DEBUG] [MainThread] [tzlocal/win32.py:55]: Looking up time zone info from registry
2025-09-30 10:40:02,648 [DEBUG] [MainThread] [comtypes/__init__.py:149]: CoInitializeEx(None, 2)
2025-09-30 10:40:02,898 [ERROR] [MainThread] [root/weather.py:59]: API key or location is missing. Please provide a valid API key and location.
2025-09-30 10:40:04,376 [INFO] [MainThread] [root/bar_manager.py:76]: Starting SystemEventListener...
2025-09-30 10:40:04,377 [INFO] [MainThread] [root/bar_manager.py:76]: Starting WindowsNotificationEventListener...
2025-09-30 10:40:04,378 [INFO] [MainThread] [root/watcher.py:54]: Created file watcher for path C:\Users\Fahim Rifat\.config\yasb
2025-09-30 10:40:04,476 [DEBUG] [MainThread] [qasync._windows._EventPoller/_windows.py:215]: Starting (proactor: <_IocpProactor overlapped#=0 result#=0>)...
2025-09-30 10:40:04,478 [DEBUG] [Dummy-6] [qasync._windows._EventWorker/_windows.py:195]: Thread started
2025-09-30 10:40:04,560 [WARNING] [Thread-5 (check_for_update)] [root/update_check.py:50]: UpdateCheckService Failed to check for updates: Network error.
2025-09-30 10:40:19,916 [INFO] [MainThread] [root/controller.py:15]: Reloading Application because of config change.
2025-09-30 10:40:20,018 [INFO] [MainThread] [cli_server/cli_server.py:112]: Log pipe server stopped
2025-09-30 10:40:20,019 [DEBUG] [MainThread] [cli_server/cli_server.py:206]: CLI server stopped
2025-09-30 10:40:20,030 [INFO] [MainThread] [root/bar_manager.py:83]: Stopping SystemEventListener...
2025-09-30 10:40:20,030 [INFO] [MainThread] [root/bar_manager.py:83]: Stopping WindowsNotificationEventListener...
2025-09-30 10:40:20,031 [INFO] [MainThread] [root/bar_manager.py:67]: Successfully loaded updated config and re-initialised all bars.
2025-09-30 10:40:20,031 [DEBUG] [MainThread] [qasync._windows._EventPoller/_windows.py:220]: Stopping worker thread...
2025-09-30 10:40:20,034 [DEBUG] [Dummy-6] [qasync._windows._EventWorker/_windows.py:204]: Exiting thread
2025-09-30 10:40:20,036 [DEBUG] [MainThread] [qasync._windows._IocpProactor/_windows.py:78]: Closing
2025-09-30 10:40:21,473 [INFO] [MainThread] [root/log.py:59]: YASB v1.8.2
2025-09-30 10:40:21,473 [INFO] [Thread-1 (_run_server)] [cli_server/cli_server.py:212]: CLI server started v1.1.2
2025-09-30 10:40:21,474 [INFO] [MainThread] [cli_server/cli_server.py:104]: Log pipe server started
2025-09-30 10:40:21,865 [DEBUG] [MainThread] [tzlocal/win32.py:55]: Looking up time zone info from registry
2025-09-30 10:40:21,962 [DEBUG] [MainThread] [comtypes/__init__.py:149]: CoInitializeEx(None, 2)
2025-09-30 10:40:22,164 [ERROR] [MainThread] [root/weather.py:59]: API key or location is missing. Please provide a valid API key and location.
2025-09-30 10:40:23,227 [INFO] [MainThread] [root/bar_manager.py:76]: Starting WindowsNotificationEventListener...
2025-09-30 10:40:23,228 [INFO] [MainThread] [root/bar_manager.py:76]: Starting SystemEventListener...
2025-09-30 10:40:23,228 [INFO] [MainThread] [root/watcher.py:54]: Created file watcher for path C:\Users\Fahim Rifat\.config\yasb
2025-09-30 10:40:23,319 [DEBUG] [MainThread] [qasync._windows._EventPoller/_windows.py:215]: Starting (proactor: <_IocpProactor overlapped#=0 result#=0>)...
2025-09-30 10:40:23,322 [DEBUG] [Dummy-6] [qasync._windows._EventWorker/_windows.py:195]: Thread started
2025-09-30 10:40:23,371 [WARNING] [Thread-5 (check_for_update)] [root/update_check.py:50]: UpdateCheckService Failed to check for updates: Network error.
2025-09-30 10:48:13,963 [INFO] [MainThread] [root/controller.py:15]: Reloading Application because of config change.
2025-09-30 10:48:14,072 [INFO] [MainThread] [cli_server/cli_server.py:112]: Log pipe server stopped
2025-09-30 10:48:14,072 [DEBUG] [MainThread] [cli_server/cli_server.py:206]: CLI server stopped
2025-09-30 10:48:14,086 [INFO] [MainThread] [root/bar_manager.py:83]: Stopping WindowsNotificationEventListener...
2025-09-30 10:48:14,087 [INFO] [MainThread] [root/bar_manager.py:83]: Stopping SystemEventListener...
2025-09-30 10:48:14,088 [INFO] [MainThread] [root/bar_manager.py:67]: Successfully loaded updated config and re-initialised all bars.
2025-09-30 10:48:14,088 [DEBUG] [MainThread] [qasync._windows._EventPoller/_windows.py:220]: Stopping worker thread...
2025-09-30 10:48:14,103 [DEBUG] [Dummy-6] [qasync._windows._EventWorker/_windows.py:204]: Exiting thread
2025-09-30 10:48:14,105 [DEBUG] [MainThread] [qasync._windows._IocpProactor/_windows.py:78]: Closing
2025-09-30 10:48:14,849 [INFO] [MainThread] [root/log.py:59]: YASB v1.8.2
2025-09-30 10:48:14,850 [INFO] [Thread-1 (_run_server)] [cli_server/cli_server.py:212]: CLI server started v1.1.2
2025-09-30 10:48:14,850 [INFO] [MainThread] [cli_server/cli_server.py:104]: Log pipe server started
2025-09-30 10:48:15,286 [DEBUG] [MainThread] [tzlocal/win32.py:55]: Looking up time zone info from registry
2025-09-30 10:48:15,394 [DEBUG] [MainThread] [comtypes/__init__.py:149]: CoInitializeEx(None, 2)
2025-09-30 10:48:15,612 [ERROR] [MainThread] [root/weather.py:59]: API key or location is missing. Please provide a valid API key and location.
2025-09-30 10:48:17,395 [INFO] [MainThread] [root/bar_manager.py:76]: Starting WindowsNotificationEventListener...
2025-09-30 10:48:17,397 [INFO] [MainThread] [root/bar_manager.py:76]: Starting SystemEventListener...
2025-09-30 10:48:17,397 [INFO] [MainThread] [root/watcher.py:54]: Created file watcher for path C:\Users\Fahim Rifat\.config\yasb
2025-09-30 10:48:17,489 [DEBUG] [MainThread] [qasync._windows._EventPoller/_windows.py:215]: Starting (proactor: <_IocpProactor overlapped#=0 result#=0>)...
2025-09-30 10:48:17,492 [DEBUG] [Dummy-6] [qasync._windows._EventWorker/_windows.py:195]: Thread started
2025-09-30 10:48:25,695 [INFO] [MainThread] [root/controller.py:15]: Reloading Application because of config change.
2025-09-30 10:48:25,807 [INFO] [MainThread] [cli_server/cli_server.py:112]: Log pipe server stopped
2025-09-30 10:48:25,807 [DEBUG] [MainThread] [cli_server/cli_server.py:206]: CLI server stopped
2025-09-30 10:48:25,819 [INFO] [MainThread] [root/bar_manager.py:83]: Stopping WindowsNotificationEventListener...
2025-09-30 10:48:25,819 [INFO] [MainThread] [root/bar_manager.py:83]: Stopping SystemEventListener...
2025-09-30 10:48:25,820 [INFO] [MainThread] [root/bar_manager.py:67]: Successfully loaded updated config and re-initialised all bars.
2025-09-30 10:48:25,820 [DEBUG] [MainThread] [qasync._windows._EventPoller/_windows.py:220]: Stopping worker thread...
2025-09-30 10:48:25,823 [DEBUG] [Dummy-6] [qasync._windows._EventWorker/_windows.py:204]: Exiting thread
2025-09-30 10:48:25,824 [DEBUG] [MainThread] [qasync._windows._IocpProactor/_windows.py:78]: Closing
2025-09-30 10:48:26,497 [INFO] [MainThread] [root/log.py:59]: YASB v1.8.2
2025-09-30 10:48:26,498 [INFO] [Thread-1 (_run_server)] [cli_server/cli_server.py:212]: CLI server started v1.1.2
2025-09-30 10:48:26,498 [INFO] [MainThread] [cli_server/cli_server.py:104]: Log pipe server started
2025-09-30 10:48:26,880 [DEBUG] [MainThread] [tzlocal/win32.py:55]: Looking up time zone info from registry
2025-09-30 10:48:26,977 [DEBUG] [MainThread] [comtypes/__init__.py:149]: CoInitializeEx(None, 2)
2025-09-30 10:48:27,177 [ERROR] [MainThread] [root/weather.py:59]: API key or location is missing. Please provide a valid API key and location.
2025-09-30 10:48:28,876 [INFO] [MainThread] [root/bar_manager.py:76]: Starting SystemEventListener...
2025-09-30 10:48:28,877 [INFO] [MainThread] [root/bar_manager.py:76]: Starting WindowsNotificationEventListener...
2025-09-30 10:48:28,879 [INFO] [MainThread] [root/watcher.py:54]: Created file watcher for path C:\Users\Fahim Rifat\.config\yasb
2025-09-30 10:48:28,993 [DEBUG] [MainThread] [qasync._windows._EventPoller/_windows.py:215]: Starting (proactor: <_IocpProactor overlapped#=0 result#=0>)...
2025-09-30 10:48:29,010 [DEBUG] [Dummy-6] [qasync._windows._EventWorker/_windows.py:195]: Thread started
2025-09-30 10:48:35,326 [INFO] [MainThread] [root/controller.py:15]: Reloading Application because of config change.
2025-09-30 10:48:35,433 [INFO] [MainThread] [cli_server/cli_server.py:112]: Log pipe server stopped
2025-09-30 10:48:35,433 [DEBUG] [MainThread] [cli_server/cli_server.py:206]: CLI server stopped
2025-09-30 10:48:35,444 [INFO] [MainThread] [root/bar_manager.py:83]: Stopping SystemEventListener...
2025-09-30 10:48:35,444 [INFO] [MainThread] [root/bar_manager.py:83]: Stopping WindowsNotificationEventListener...
2025-09-30 10:48:35,445 [INFO] [MainThread] [root/bar_manager.py:67]: Successfully loaded updated config and re-initialised all bars.
2025-09-30 10:48:35,445 [DEBUG] [MainThread] [qasync._windows._EventPoller/_windows.py:220]: Stopping worker thread...
2025-09-30 10:48:35,448 [DEBUG] [Dummy-6] [qasync._windows._EventWorker/_windows.py:204]: Exiting thread
2025-09-30 10:48:35,449 [DEBUG] [MainThread] [qasync._windows._IocpProactor/_windows.py:78]: Closing
2025-09-30 10:48:36,130 [INFO] [MainThread] [root/log.py:59]: YASB v1.8.2
2025-09-30 10:48:36,131 [INFO] [Thread-1 (_run_server)] [cli_server/cli_server.py:212]: CLI server started v1.1.2
2025-09-30 10:48:36,132 [INFO] [MainThread] [cli_server/cli_server.py:104]: Log pipe server started
2025-09-30 10:48:36,525 [DEBUG] [MainThread] [tzlocal/win32.py:55]: Looking up time zone info from registry
2025-09-30 10:48:36,622 [DEBUG] [MainThread] [comtypes/__init__.py:149]: CoInitializeEx(None, 2)
2025-09-30 10:48:36,814 [ERROR] [MainThread] [root/weather.py:59]: API key or location is missing. Please provide a valid API key and location.
2025-09-30 10:48:38,477 [INFO] [MainThread] [root/bar_manager.py:76]: Starting WindowsNotificationEventListener...
2025-09-30 10:48:38,478 [INFO] [MainThread] [root/bar_manager.py:76]: Starting SystemEventListener...
2025-09-30 10:48:38,479 [INFO] [MainThread] [root/watcher.py:54]: Created file watcher for path C:\Users\Fahim Rifat\.config\yasb
2025-09-30 10:48:38,565 [DEBUG] [MainThread] [qasync._windows._EventPoller/_windows.py:215]: Starting (proactor: <_IocpProactor overlapped#=0 result#=0>)...
2025-09-30 10:48:38,566 [DEBUG] [Dummy-6] [qasync._windows._EventWorker/_windows.py:195]: Thread started
2025-09-30 10:48:49,239 [INFO] [MainThread] [root/controller.py:15]: Reloading Application because of config change.
2025-09-30 10:48:49,348 [INFO] [MainThread] [cli_server/cli_server.py:112]: Log pipe server stopped
2025-09-30 10:48:49,348 [DEBUG] [MainThread] [cli_server/cli_server.py:206]: CLI server stopped
2025-09-30 10:48:49,427 [INFO] [MainThread] [root/bar_manager.py:83]: Stopping WindowsNotificationEventListener...
2025-09-30 10:48:49,428 [INFO] [MainThread] [root/bar_manager.py:83]: Stopping SystemEventListener...
2025-09-30 10:48:49,429 [INFO] [MainThread] [root/bar_manager.py:67]: Successfully loaded updated config and re-initialised all bars.
2025-09-30 10:48:49,429 [DEBUG] [MainThread] [qasync._windows._EventPoller/_windows.py:220]: Stopping worker thread...
2025-09-30 10:48:49,441 [DEBUG] [Dummy-6] [qasync._windows._EventWorker/_windows.py:204]: Exiting thread
2025-09-30 10:48:49,443 [DEBUG] [MainThread] [qasync._windows._IocpProactor/_windows.py:78]: Closing
2025-09-30 10:48:50,202 [INFO] [MainThread] [root/log.py:59]: YASB v1.8.2
2025-09-30 10:48:50,203 [INFO] [Thread-1 (_run_server)] [cli_server/cli_server.py:212]: CLI server started v1.1.2
2025-09-30 10:48:50,204 [INFO] [MainThread] [cli_server/cli_server.py:104]: Log pipe server started
2025-09-30 10:48:50,615 [DEBUG] [MainThread] [tzlocal/win32.py:55]: Looking up time zone info from registry
2025-09-30 10:48:50,712 [DEBUG] [MainThread] [comtypes/__init__.py:149]: CoInitializeEx(None, 2)
2025-09-30 10:48:50,906 [ERROR] [MainThread] [root/weather.py:59]: API key or location is missing. Please provide a valid API key and location.
2025-09-30 10:48:52,585 [INFO] [MainThread] [root/bar_manager.py:76]: Starting WindowsNotificationEventListener...
2025-09-30 10:48:52,586 [INFO] [MainThread] [root/bar_manager.py:76]: Starting SystemEventListener...
2025-09-30 10:48:52,587 [INFO] [MainThread] [root/watcher.py:54]: Created file watcher for path C:\Users\Fahim Rifat\.config\yasb
2025-09-30 10:48:52,672 [DEBUG] [MainThread] [qasync._windows._EventPoller/_windows.py:215]: Starting (proactor: <_IocpProactor overlapped#=0 result#=0>)...
2025-09-30 10:48:52,674 [DEBUG] [Dummy-6] [qasync._windows._EventWorker/_windows.py:195]: Thread started
2025-09-30 10:48:59,979 [INFO] [MainThread] [root/controller.py:15]: Reloading Application because of config change.
2025-09-30 10:49:00,086 [INFO] [MainThread] [cli_server/cli_server.py:112]: Log pipe server stopped
2025-09-30 10:49:00,086 [DEBUG] [MainThread] [cli_server/cli_server.py:206]: CLI server stopped
2025-09-30 10:49:00,097 [INFO] [MainThread] [root/bar_manager.py:83]: Stopping WindowsNotificationEventListener...
2025-09-30 10:49:00,097 [INFO] [MainThread] [root/bar_manager.py:83]: Stopping SystemEventListener...
2025-09-30 10:49:00,098 [INFO] [MainThread] [root/bar_manager.py:67]: Successfully loaded updated config and re-initialised all bars.
2025-09-30 10:49:00,099 [DEBUG] [MainThread] [qasync._windows._EventPoller/_windows.py:220]: Stopping worker thread...
2025-09-30 10:49:00,102 [DEBUG] [Dummy-6] [qasync._windows._EventWorker/_windows.py:204]: Exiting thread
2025-09-30 10:49:00,103 [DEBUG] [MainThread] [qasync._windows._IocpProactor/_windows.py:78]: Closing
2025-09-30 10:49:00,779 [INFO] [MainThread] [root/log.py:59]: YASB v1.8.2
2025-09-30 10:49:00,779 [INFO] [Thread-1 (_run_server)] [cli_server/cli_server.py:212]: CLI server started v1.1.2
2025-09-30 10:49:00,780 [INFO] [MainThread] [cli_server/cli_server.py:104]: Log pipe server started
2025-09-30 10:49:01,177 [DEBUG] [MainThread] [tzlocal/win32.py:55]: Looking up time zone info from registry
2025-09-30 10:49:01,276 [DEBUG] [MainThread] [comtypes/__init__.py:149]: CoInitializeEx(None, 2)
2025-09-30 10:49:01,468 [ERROR] [MainThread] [root/weather.py:59]: API key or location is missing. Please provide a valid API key and location.
2025-09-30 10:49:03,179 [INFO] [MainThread] [root/bar_manager.py:76]: Starting WindowsNotificationEventListener...
2025-09-30 10:49:03,180 [INFO] [MainThread] [root/bar_manager.py:76]: Starting SystemEventListener...
2025-09-30 10:49:03,181 [INFO] [MainThread] [root/watcher.py:54]: Created file watcher for path C:\Users\Fahim Rifat\.config\yasb
2025-09-30 10:49:03,268 [DEBUG] [MainThread] [qasync._windows._EventPoller/_windows.py:215]: Starting (proactor: <_IocpProactor overlapped#=0 result#=0>)...
2025-09-30 10:49:03,270 [DEBUG] [Dummy-6] [qasync._windows._EventWorker/_windows.py:195]: Thread started
2025-09-30 10:49:12,219 [INFO] [MainThread] [root/controller.py:15]: Reloading Application because of config change.
2025-09-30 10:49:12,326 [INFO] [MainThread] [cli_server/cli_server.py:112]: Log pipe server stopped
2025-09-30 10:49:12,326 [DEBUG] [MainThread] [cli_server/cli_server.py:206]: CLI server stopped
2025-09-30 10:49:12,336 [INFO] [MainThread] [root/bar_manager.py:83]: Stopping WindowsNotificationEventListener...
2025-09-30 10:49:12,337 [INFO] [MainThread] [root/bar_manager.py:83]: Stopping SystemEventListener...
2025-09-30 10:49:12,339 [INFO] [MainThread] [root/bar_manager.py:67]: Successfully loaded updated config and re-initialised all bars.
2025-09-30 10:49:12,339 [DEBUG] [MainThread] [qasync._windows._EventPoller/_windows.py:220]: Stopping worker thread...
2025-09-30 10:49:12,341 [DEBUG] [Dummy-6] [qasync._windows._EventWorker/_windows.py:204]: Exiting thread
2025-09-30 10:49:12,343 [DEBUG] [MainThread] [qasync._windows._IocpProactor/_windows.py:78]: Closing
2025-09-30 10:49:13,032 [INFO] [MainThread] [root/log.py:59]: YASB v1.8.2
2025-09-30 10:49:13,033 [INFO] [Thread-1 (_run_server)] [cli_server/cli_server.py:212]: CLI server started v1.1.2
2025-09-30 10:49:13,033 [INFO] [MainThread] [cli_server/cli_server.py:104]: Log pipe server started
2025-09-30 10:49:13,429 [DEBUG] [MainThread] [tzlocal/win32.py:55]: Looking up time zone info from registry
2025-09-30 10:49:13,529 [DEBUG] [MainThread] [comtypes/__init__.py:149]: CoInitializeEx(None, 2)
2025-09-30 10:49:13,730 [ERROR] [MainThread] [root/weather.py:59]: API key or location is missing. Please provide a valid API key and location.
2025-09-30 10:49:15,393 [INFO] [MainThread] [root/bar_manager.py:76]: Starting WindowsNotificationEventListener...
2025-09-30 10:49:15,395 [INFO] [MainThread] [root/bar_manager.py:76]: Starting SystemEventListener...
2025-09-30 10:49:15,395 [INFO] [MainThread] [root/watcher.py:54]: Created file watcher for path C:\Users\Fahim Rifat\.config\yasb
2025-09-30 10:49:15,481 [DEBUG] [MainThread] [qasync._windows._EventPoller/_windows.py:215]: Starting (proactor: <_IocpProactor overlapped#=0 result#=0>)...
2025-09-30 10:49:15,482 [DEBUG] [Dummy-6] [qasync._windows._EventWorker/_windows.py:195]: Thread started
2025-09-30 10:49:47,379 [INFO] [MainThread] [root/controller.py:15]: Reloading Application because of config change.
2025-09-30 10:49:47,486 [INFO] [MainThread] [cli_server/cli_server.py:112]: Log pipe server stopped
2025-09-30 10:49:47,486 [DEBUG] [MainThread] [cli_server/cli_server.py:206]: CLI server stopped
2025-09-30 10:49:47,498 [INFO] [MainThread] [root/bar_manager.py:83]: Stopping WindowsNotificationEventListener...
2025-09-30 10:49:47,498 [INFO] [MainThread] [root/bar_manager.py:83]: Stopping SystemEventListener...
2025-09-30 10:49:47,499 [INFO] [MainThread] [root/bar_manager.py:67]: Successfully loaded updated config and re-initialised all bars.
2025-09-30 10:49:47,499 [DEBUG] [MainThread] [qasync._windows._EventPoller/_windows.py:220]: Stopping worker thread...
2025-09-30 10:49:47,501 [DEBUG] [Dummy-6] [qasync._windows._EventWorker/_windows.py:204]: Exiting thread
2025-09-30 10:49:47,502 [DEBUG] [MainThread] [qasync._windows._IocpProactor/_windows.py:78]: Closing
2025-09-30 10:49:48,864 [INFO] [MainThread] [root/log.py:59]: YASB v1.8.2
2025-09-30 10:49:48,865 [INFO] [Thread-1 (_run_server)] [cli_server/cli_server.py:212]: CLI server started v1.1.2
2025-09-30 10:49:48,866 [INFO] [MainThread] [cli_server/cli_server.py:104]: Log pipe server started
2025-09-30 10:49:49,246 [DEBUG] [MainThread] [tzlocal/win32.py:55]: Looking up time zone info from registry
2025-09-30 10:49:49,342 [DEBUG] [MainThread] [comtypes/__init__.py:149]: CoInitializeEx(None, 2)
2025-09-30 10:49:49,538 [ERROR] [MainThread] [root/weather.py:59]: API key or location is missing. Please provide a valid API key and location.
2025-09-30 10:49:51,203 [INFO] [MainThread] [root/bar_manager.py:76]: Starting SystemEventListener...
2025-09-30 10:49:51,204 [INFO] [MainThread] [root/bar_manager.py:76]: Starting WindowsNotificationEventListener...
2025-09-30 10:49:51,206 [INFO] [MainThread] [root/watcher.py:54]: Created file watcher for path C:\Users\Fahim Rifat\.config\yasb
2025-09-30 10:49:51,291 [DEBUG] [MainThread] [qasync._windows._EventPoller/_windows.py:215]: Starting (proactor: <_IocpProactor overlapped#=0 result#=0>)...
2025-09-30 10:49:51,293 [DEBUG] [Dummy-6] [qasync._windows._EventWorker/_windows.py:195]: Thread started
2025-09-30 10:49:58,292 [INFO] [MainThread] [root/controller.py:15]: Reloading Application because of config change.
2025-09-30 10:49:58,403 [INFO] [MainThread] [cli_server/cli_server.py:112]: Log pipe server stopped
2025-09-30 10:49:58,403 [DEBUG] [MainThread] [cli_server/cli_server.py:206]: CLI server stopped
2025-09-30 10:49:58,413 [INFO] [MainThread] [root/bar_manager.py:83]: Stopping SystemEventListener...
2025-09-30 10:49:58,414 [INFO] [MainThread] [root/bar_manager.py:83]: Stopping WindowsNotificationEventListener...
2025-09-30 10:49:58,415 [INFO] [MainThread] [root/bar_manager.py:67]: Successfully loaded updated config and re-initialised all bars.
2025-09-30 10:49:58,415 [DEBUG] [MainThread] [qasync._windows._EventPoller/_windows.py:220]: Stopping worker thread...
2025-09-30 10:49:58,418 [DEBUG] [Dummy-6] [qasync._windows._EventWorker/_windows.py:204]: Exiting thread
2025-09-30 10:49:58,419 [DEBUG] [MainThread] [qasync._windows._IocpProactor/_windows.py:78]: Closing
2025-09-30 10:49:59,145 [INFO] [MainThread] [root/log.py:59]: YASB v1.8.2
2025-09-30 10:49:59,147 [INFO] [Thread-1 (_run_server)] [cli_server/cli_server.py:212]: CLI server started v1.1.2
2025-09-30 10:49:59,148 [INFO] [MainThread] [cli_server/cli_server.py:104]: Log pipe server started
2025-09-30 10:49:59,536 [DEBUG] [MainThread] [tzlocal/win32.py:55]: Looking up time zone info from registry
2025-09-30 10:49:59,633 [DEBUG] [MainThread] [comtypes/__init__.py:149]: CoInitializeEx(None, 2)
2025-09-30 10:49:59,827 [ERROR] [MainThread] [root/weather.py:59]: API key or location is missing. Please provide a valid API key and location.
2025-09-30 10:50:01,546 [INFO] [MainThread] [root/bar_manager.py:76]: Starting SystemEventListener...
2025-09-30 10:50:01,546 [INFO] [MainThread] [root/bar_manager.py:76]: Starting WindowsNotificationEventListener...
2025-09-30 10:50:01,548 [INFO] [MainThread] [root/watcher.py:54]: Created file watcher for path C:\Users\Fahim Rifat\.config\yasb
2025-09-30 10:50:01,637 [DEBUG] [MainThread] [qasync._windows._EventPoller/_windows.py:215]: Starting (proactor: <_IocpProactor overlapped#=0 result#=0>)...
2025-09-30 10:50:01,638 [DEBUG] [Dummy-6] [qasync._windows._EventWorker/_windows.py:195]: Thread started
2025-09-30 10:50:08,102 [INFO] [MainThread] [root/controller.py:15]: Reloading Application because of config change.
2025-09-30 10:50:08,208 [INFO] [MainThread] [cli_server/cli_server.py:112]: Log pipe server stopped
2025-09-30 10:50:08,208 [DEBUG] [MainThread] [cli_server/cli_server.py:206]: CLI server stopped
2025-09-30 10:50:08,219 [INFO] [MainThread] [root/bar_manager.py:83]: Stopping SystemEventListener...
2025-09-30 10:50:08,219 [INFO] [MainThread] [root/bar_manager.py:83]: Stopping WindowsNotificationEventListener...
2025-09-30 10:50:08,220 [INFO] [MainThread] [root/bar_manager.py:67]: Successfully loaded updated config and re-initialised all bars.
2025-09-30 10:50:08,221 [DEBUG] [MainThread] [qasync._windows._EventPoller/_windows.py:220]: Stopping worker thread...
2025-09-30 10:50:08,223 [DEBUG] [Dummy-6] [qasync._windows._EventWorker/_windows.py:204]: Exiting thread
2025-09-30 10:50:08,224 [DEBUG] [MainThread] [qasync._windows._IocpProactor/_windows.py:78]: Closing
2025-09-30 10:50:08,891 [INFO] [MainThread] [root/log.py:59]: YASB v1.8.2
2025-09-30 10:50:08,892 [INFO] [Thread-1 (_run_server)] [cli_server/cli_server.py:212]: CLI server started v1.1.2
2025-09-30 10:50:08,892 [INFO] [MainThread] [cli_server/cli_server.py:104]: Log pipe server started
2025-09-30 10:50:09,285 [DEBUG] [MainThread] [tzlocal/win32.py:55]: Looking up time zone info from registry
2025-09-30 10:50:09,382 [DEBUG] [MainThread] [comtypes/__init__.py:149]: CoInitializeEx(None, 2)
2025-09-30 10:50:09,573 [ERROR] [MainThread] [root/weather.py:59]: API key or location is missing. Please provide a valid API key and location.
2025-09-30 10:50:11,238 [INFO] [MainThread] [root/bar_manager.py:76]: Starting WindowsNotificationEventListener...
2025-09-30 10:50:11,239 [INFO] [MainThread] [root/bar_manager.py:76]: Starting SystemEventListener...
2025-09-30 10:50:11,240 [INFO] [MainThread] [root/watcher.py:54]: Created file watcher for path C:\Users\Fahim Rifat\.config\yasb
2025-09-30 10:50:11,325 [DEBUG] [MainThread] [qasync._windows._EventPoller/_windows.py:215]: Starting (proactor: <_IocpProactor overlapped#=0 result#=0>)...
2025-09-30 10:50:11,327 [DEBUG] [Dummy-6] [qasync._windows._EventWorker/_windows.py:195]: Thread started
2025-09-30 10:52:18,764 [INFO] [MainThread] [root/controller.py:15]: Reloading Application because of config change.
2025-09-30 10:52:18,874 [INFO] [MainThread] [cli_server/cli_server.py:112]: Log pipe server stopped
2025-09-30 10:52:18,874 [DEBUG] [MainThread] [cli_server/cli_server.py:206]: CLI server stopped
2025-09-30 10:52:18,885 [INFO] [MainThread] [root/bar_manager.py:83]: Stopping WindowsNotificationEventListener...
2025-09-30 10:52:18,886 [INFO] [MainThread] [root/bar_manager.py:83]: Stopping SystemEventListener...
2025-09-30 10:52:18,887 [INFO] [MainThread] [root/bar_manager.py:67]: Successfully loaded updated config and re-initialised all bars.
2025-09-30 10:52:18,887 [DEBUG] [MainThread] [qasync._windows._EventPoller/_windows.py:220]: Stopping worker thread...
2025-09-30 10:52:18,889 [DEBUG] [Dummy-6] [qasync._windows._EventWorker/_windows.py:204]: Exiting thread
2025-09-30 10:52:18,891 [DEBUG] [MainThread] [qasync._windows._IocpProactor/_windows.py:78]: Closing
2025-09-30 10:52:20,298 [INFO] [MainThread] [root/log.py:59]: YASB v1.8.2
2025-09-30 10:52:20,299 [INFO] [Thread-1 (_run_server)] [cli_server/cli_server.py:212]: CLI server started v1.1.2
2025-09-30 10:52:20,300 [INFO] [MainThread] [cli_server/cli_server.py:104]: Log pipe server started
2025-09-30 10:52:20,697 [DEBUG] [MainThread] [tzlocal/win32.py:55]: Looking up time zone info from registry
2025-09-30 10:52:20,796 [DEBUG] [MainThread] [comtypes/__init__.py:149]: CoInitializeEx(None, 2)
2025-09-30 10:52:20,994 [ERROR] [MainThread] [root/weather.py:59]: API key or location is missing. Please provide a valid API key and location.
2025-09-30 10:52:22,054 [INFO] [MainThread] [root/bar_manager.py:76]: Starting SystemEventListener...
2025-09-30 10:52:22,055 [INFO] [MainThread] [root/bar_manager.py:76]: Starting WindowsNotificationEventListener...
2025-09-30 10:52:22,056 [INFO] [MainThread] [root/watcher.py:54]: Created file watcher for path C:\Users\Fahim Rifat\.config\yasb
2025-09-30 10:52:22,145 [DEBUG] [MainThread] [qasync._windows._EventPoller/_windows.py:215]: Starting (proactor: <_IocpProactor overlapped#=0 result#=0>)...
2025-09-30 10:52:22,147 [DEBUG] [Dummy-6] [qasync._windows._EventWorker/_windows.py:195]: Thread started
2025-09-30 10:53:05,738 [INFO] [MainThread] [root/controller.py:15]: Reloading Application because of config change.
2025-09-30 10:53:05,850 [INFO] [MainThread] [cli_server/cli_server.py:112]: Log pipe server stopped
2025-09-30 10:53:05,850 [DEBUG] [MainThread] [cli_server/cli_server.py:206]: CLI server stopped
2025-09-30 10:53:05,861 [INFO] [MainThread] [root/bar_manager.py:83]: Stopping SystemEventListener...
2025-09-30 10:53:05,862 [INFO] [MainThread] [root/bar_manager.py:83]: Stopping WindowsNotificationEventListener...
2025-09-30 10:53:05,863 [INFO] [MainThread] [root/bar_manager.py:67]: Successfully loaded updated config and re-initialised all bars.
2025-09-30 10:53:05,863 [DEBUG] [MainThread] [qasync._windows._EventPoller/_windows.py:220]: Stopping worker thread...
2025-09-30 10:53:05,865 [DEBUG] [Dummy-6] [qasync._windows._EventWorker/_windows.py:204]: Exiting thread
2025-09-30 10:53:05,866 [DEBUG] [MainThread] [qasync._windows._IocpProactor/_windows.py:78]: Closing
2025-09-30 10:53:06,570 [INFO] [MainThread] [root/log.py:59]: YASB v1.8.2
2025-09-30 10:53:06,571 [INFO] [Thread-1 (_run_server)] [cli_server/cli_server.py:212]: CLI server started v1.1.2
2025-09-30 10:53:06,571 [INFO] [MainThread] [cli_server/cli_server.py:104]: Log pipe server started
2025-09-30 10:53:06,978 [DEBUG] [MainThread] [tzlocal/win32.py:55]: Looking up time zone info from registry
2025-09-30 10:53:07,077 [DEBUG] [MainThread] [comtypes/__init__.py:149]: CoInitializeEx(None, 2)
2025-09-30 10:53:08,298 [INFO] [MainThread] [root/bar_manager.py:76]: Starting SystemEventListener...
2025-09-30 10:53:08,299 [INFO] [MainThread] [root/bar_manager.py:76]: Starting WindowsNotificationEventListener...
2025-09-30 10:53:08,300 [INFO] [MainThread] [root/watcher.py:54]: Created file watcher for path C:\Users\Fahim Rifat\.config\yasb
2025-09-30 10:53:08,390 [DEBUG] [MainThread] [qasync._windows._EventPoller/_windows.py:215]: Starting (proactor: <_IocpProactor overlapped#=0 result#=0>)...
2025-09-30 10:53:08,391 [DEBUG] [Dummy-6] [qasync._windows._EventWorker/_windows.py:195]: Thread started
2025-09-30 10:56:58,362 [INFO] [MainThread] [root/controller.py:15]: Reloading Application because of config change.
2025-09-30 10:56:58,472 [INFO] [MainThread] [cli_server/cli_server.py:112]: Log pipe server stopped
2025-09-30 10:56:58,472 [DEBUG] [MainThread] [cli_server/cli_server.py:206]: CLI server stopped
2025-09-30 10:56:58,485 [INFO] [MainThread] [root/bar_manager.py:83]: Stopping SystemEventListener...
2025-09-30 10:56:58,486 [INFO] [MainThread] [root/bar_manager.py:83]: Stopping WindowsNotificationEventListener...
2025-09-30 10:56:58,487 [INFO] [MainThread] [root/bar_manager.py:67]: Successfully loaded updated config and re-initialised all bars.
2025-09-30 10:56:58,487 [DEBUG] [MainThread] [qasync._windows._EventPoller/_windows.py:220]: Stopping worker thread...
2025-09-30 10:56:58,503 [DEBUG] [Dummy-6] [qasync._windows._EventWorker/_windows.py:204]: Exiting thread
2025-09-30 10:56:58,505 [DEBUG] [MainThread] [qasync._windows._IocpProactor/_windows.py:78]: Closing
2025-09-30 10:56:59,228 [INFO] [MainThread] [root/log.py:59]: YASB v1.8.2
2025-09-30 10:56:59,230 [INFO] [Thread-1 (_run_server)] [cli_server/cli_server.py:212]: CLI server started v1.1.2
2025-09-30 10:56:59,230 [INFO] [MainThread] [cli_server/cli_server.py:104]: Log pipe server started
2025-09-30 10:56:59,653 [DEBUG] [MainThread] [tzlocal/win32.py:55]: Looking up time zone info from registry
2025-09-30 10:56:59,759 [DEBUG] [MainThread] [comtypes/__init__.py:149]: CoInitializeEx(None, 2)
2025-09-30 10:57:00,038 [WARNING] [MainThread] [root/widget_builder.py:40]: No widget config could be found for widget 'network
2025-09-30 10:57:01,066 [INFO] [MainThread] [root/bar_manager.py:76]: Starting WindowsNotificationEventListener...
2025-09-30 10:57:01,067 [INFO] [MainThread] [root/bar_manager.py:76]: Starting SystemEventListener...
2025-09-30 10:57:01,067 [ERROR] [MainThread] [root/widget_builder.py:86]: Failed to add undefined widget(s)  - The widget "network" is undefined.
2025-09-30 10:57:01,131 [INFO] [MainThread] [root/watcher.py:54]: Created file watcher for path C:\Users\Fahim Rifat\.config\yasb
2025-09-30 10:57:01,213 [DEBUG] [MainThread] [qasync._windows._EventPoller/_windows.py:215]: Starting (proactor: <_IocpProactor overlapped#=0 result#=0>)...
2025-09-30 10:57:01,217 [DEBUG] [Dummy-6] [qasync._windows._EventWorker/_windows.py:195]: Thread started
2025-09-30 11:17:03,065 [INFO] [MainThread] [root/controller.py:15]: Reloading Application because of config change.
2025-09-30 11:17:03,173 [INFO] [MainThread] [cli_server/cli_server.py:112]: Log pipe server stopped
2025-09-30 11:17:03,173 [DEBUG] [MainThread] [cli_server/cli_server.py:206]: CLI server stopped
2025-09-30 11:17:03,183 [INFO] [MainThread] [root/bar_manager.py:83]: Stopping WindowsNotificationEventListener...
2025-09-30 11:17:03,184 [INFO] [MainThread] [root/bar_manager.py:83]: Stopping SystemEventListener...
2025-09-30 11:17:03,185 [INFO] [MainThread] [root/bar_manager.py:67]: Successfully loaded updated config and re-initialised all bars.
2025-09-30 11:17:03,185 [DEBUG] [MainThread] [qasync._windows._EventPoller/_windows.py:220]: Stopping worker thread...
2025-09-30 11:17:03,192 [DEBUG] [Dummy-6] [qasync._windows._EventWorker/_windows.py:204]: Exiting thread
2025-09-30 11:17:03,194 [DEBUG] [MainThread] [qasync._windows._IocpProactor/_windows.py:78]: Closing
2025-09-30 11:17:03,789 [INFO] [MainThread] [root/log.py:59]: YASB v1.8.2
2025-09-30 11:17:03,790 [INFO] [Thread-1 (_run_server)] [cli_server/cli_server.py:212]: CLI server started v1.1.2
2025-09-30 11:17:03,790 [INFO] [MainThread] [cli_server/cli_server.py:104]: Log pipe server started
2025-09-30 11:17:04,182 [DEBUG] [MainThread] [tzlocal/win32.py:55]: Looking up time zone info from registry
2025-09-30 11:17:04,281 [DEBUG] [MainThread] [comtypes/__init__.py:149]: CoInitializeEx(None, 2)
2025-09-30 11:17:04,526 [WARNING] [MainThread] [root/widget_builder.py:40]: No widget config could be found for widget 'network
2025-09-30 11:17:05,454 [INFO] [MainThread] [root/bar_manager.py:76]: Starting SystemEventListener...
2025-09-30 11:17:05,455 [INFO] [MainThread] [root/bar_manager.py:76]: Starting WindowsNotificationEventListener...
2025-09-30 11:17:05,456 [ERROR] [MainThread] [root/widget_builder.py:86]: Failed to add undefined widget(s)  - The widget "network" is undefined.
2025-09-30 11:17:05,509 [INFO] [MainThread] [root/watcher.py:54]: Created file watcher for path C:\Users\Fahim Rifat\.config\yasb
2025-09-30 11:17:05,594 [DEBUG] [MainThread] [qasync._windows._EventPoller/_windows.py:215]: Starting (proactor: <_IocpProactor overlapped#=0 result#=0>)...
2025-09-30 11:17:05,595 [DEBUG] [Dummy-6] [qasync._windows._EventWorker/_windows.py:195]: Thread started
2025-09-30 11:17:23,918 [INFO] [MainThread] [root/controller.py:15]: Reloading Application because of config change.
2025-09-30 11:17:24,021 [INFO] [MainThread] [cli_server/cli_server.py:112]: Log pipe server stopped
2025-09-30 11:17:24,021 [DEBUG] [MainThread] [cli_server/cli_server.py:206]: CLI server stopped
2025-09-30 11:17:24,032 [INFO] [MainThread] [root/bar_manager.py:83]: Stopping SystemEventListener...
2025-09-30 11:17:24,032 [INFO] [MainThread] [root/bar_manager.py:83]: Stopping WindowsNotificationEventListener...
2025-09-30 11:17:24,033 [INFO] [MainThread] [root/bar_manager.py:67]: Successfully loaded updated config and re-initialised all bars.
2025-09-30 11:17:24,034 [DEBUG] [MainThread] [qasync._windows._EventPoller/_windows.py:220]: Stopping worker thread...
2025-09-30 11:17:24,036 [DEBUG] [Dummy-6] [qasync._windows._EventWorker/_windows.py:204]: Exiting thread
2025-09-30 11:17:24,039 [DEBUG] [MainThread] [qasync._windows._IocpProactor/_windows.py:78]: Closing
2025-09-30 11:17:25,391 [INFO] [MainThread] [root/log.py:59]: YASB v1.8.2
2025-09-30 11:17:25,392 [INFO] [Thread-1 (_run_server)] [cli_server/cli_server.py:212]: CLI server started v1.1.2
2025-09-30 11:17:25,393 [INFO] [MainThread] [cli_server/cli_server.py:104]: Log pipe server started
2025-09-30 11:17:25,776 [DEBUG] [MainThread] [tzlocal/win32.py:55]: Looking up time zone info from registry
2025-09-30 11:17:25,873 [DEBUG] [MainThread] [comtypes/__init__.py:149]: CoInitializeEx(None, 2)
2025-09-30 11:17:26,112 [WARNING] [MainThread] [root/widget_builder.py:40]: No widget config could be found for widget 'network
2025-09-30 11:17:26,964 [INFO] [MainThread] [root/bar_manager.py:76]: Starting SystemEventListener...
2025-09-30 11:17:26,964 [INFO] [MainThread] [root/bar_manager.py:76]: Starting WindowsNotificationEventListener...
2025-09-30 11:17:26,965 [ERROR] [MainThread] [root/widget_builder.py:86]: Failed to add undefined widget(s)  - The widget "network" is undefined.
2025-09-30 11:17:27,017 [INFO] [MainThread] [root/watcher.py:54]: Created file watcher for path C:\Users\Fahim Rifat\.config\yasb
2025-09-30 11:17:27,097 [DEBUG] [MainThread] [qasync._windows._EventPoller/_windows.py:215]: Starting (proactor: <_IocpProactor overlapped#=0 result#=0>)...
2025-09-30 11:17:27,100 [DEBUG] [Dummy-6] [qasync._windows._EventWorker/_windows.py:195]: Thread started
2025-09-30 11:17:46,242 [INFO] [MainThread] [root/controller.py:15]: Reloading Application because of config change.
2025-09-30 11:17:46,358 [INFO] [MainThread] [cli_server/cli_server.py:112]: Log pipe server stopped
2025-09-30 11:17:46,358 [DEBUG] [MainThread] [cli_server/cli_server.py:206]: CLI server stopped
2025-09-30 11:17:46,372 [INFO] [MainThread] [root/bar_manager.py:83]: Stopping SystemEventListener...
2025-09-30 11:17:46,372 [INFO] [MainThread] [root/bar_manager.py:83]: Stopping WindowsNotificationEventListener...
2025-09-30 11:17:46,373 [INFO] [MainThread] [root/bar_manager.py:67]: Successfully loaded updated config and re-initialised all bars.
2025-09-30 11:17:46,373 [DEBUG] [MainThread] [qasync._windows._EventPoller/_windows.py:220]: Stopping worker thread...
2025-09-30 11:17:46,374 [DEBUG] [Dummy-6] [qasync._windows._EventWorker/_windows.py:204]: Exiting thread
2025-09-30 11:17:46,375 [DEBUG] [MainThread] [qasync._windows._IocpProactor/_windows.py:78]: Closing
2025-09-30 11:17:47,028 [INFO] [MainThread] [root/log.py:59]: YASB v1.8.2
2025-09-30 11:17:47,029 [INFO] [Thread-1 (_run_server)] [cli_server/cli_server.py:212]: CLI server started v1.1.2
2025-09-30 11:17:47,030 [INFO] [MainThread] [cli_server/cli_server.py:104]: Log pipe server started
2025-09-30 11:17:47,425 [DEBUG] [MainThread] [tzlocal/win32.py:55]: Looking up time zone info from registry
2025-09-30 11:17:47,525 [DEBUG] [MainThread] [comtypes/__init__.py:149]: CoInitializeEx(None, 2)
2025-09-30 11:17:48,669 [INFO] [MainThread] [root/bar_manager.py:76]: Starting SystemEventListener...
2025-09-30 11:17:48,669 [INFO] [MainThread] [root/bar_manager.py:76]: Starting WindowsNotificationEventListener...
2025-09-30 11:17:48,671 [INFO] [MainThread] [root/watcher.py:54]: Created file watcher for path C:\Users\Fahim Rifat\.config\yasb
2025-09-30 11:17:48,810 [DEBUG] [MainThread] [qasync._windows._EventPoller/_windows.py:215]: Starting (proactor: <_IocpProactor overlapped#=0 result#=0>)...
2025-09-30 11:17:48,812 [DEBUG] [Dummy-6] [qasync._windows._EventWorker/_windows.py:195]: Thread started
2025-09-30 11:19:11,511 [INFO] [MainThread] [root/controller.py:35]: Exiting Application...
2025-09-30 11:19:11,616 [INFO] [MainThread] [cli_server/cli_server.py:112]: Log pipe server stopped
2025-09-30 11:19:11,616 [DEBUG] [MainThread] [cli_server/cli_server.py:206]: CLI server stopped
2025-09-30 11:19:11,616 [INFO] [MainThread] [root/bar_manager.py:83]: Stopping SystemEventListener...
2025-09-30 11:19:11,617 [INFO] [MainThread] [root/bar_manager.py:83]: Stopping WindowsNotificationEventListener...
2025-09-30 11:19:11,629 [DEBUG] [MainThread] [qasync._windows._EventPoller/_windows.py:220]: Stopping worker thread...
2025-09-30 11:19:11,632 [DEBUG] [Dummy-6] [qasync._windows._EventWorker/_windows.py:204]: Exiting thread
2025-09-30 11:19:11,634 [DEBUG] [MainThread] [qasync._windows._IocpProactor/_windows.py:78]: Closing
2025-09-30 11:21:32,953 [INFO] [MainThread] [root/log.py:59]: YASB v1.8.2
2025-09-30 11:21:32,953 [INFO] [Thread-1 (_run_server)] [cli_server/cli_server.py:212]: CLI server started v1.1.2
2025-09-30 11:21:32,953 [INFO] [MainThread] [cli_server/cli_server.py:104]: Log pipe server started
2025-09-30 11:21:34,366 [DEBUG] [MainThread] [tzlocal/win32.py:55]: Looking up time zone info from registry
2025-09-30 11:21:39,876 [DEBUG] [MainThread] [comtypes/__init__.py:149]: CoInitializeEx(None, 2)
2025-09-30 11:21:43,312 [INFO] [MainThread] [root/bar_manager.py:76]: Starting SystemEventListener...
2025-09-30 11:21:43,314 [INFO] [MainThread] [root/bar_manager.py:76]: Starting WindowsNotificationEventListener...
2025-09-30 11:21:43,316 [INFO] [MainThread] [root/watcher.py:54]: Created file watcher for path C:\Users\Fahim Rifat\.config\yasb
2025-09-30 11:21:43,453 [DEBUG] [MainThread] [qasync._windows._EventPoller/_windows.py:215]: Starting (proactor: <_IocpProactor overlapped#=0 result#=0>)...
2025-09-30 11:21:43,463 [DEBUG] [Dummy-6] [qasync._windows._EventWorker/_windows.py:195]: Thread started
2025-09-30 11:21:46,911 [INFO] [MainThread] [root/utilities.py:253]: YASB added to startup
2025-09-30 11:23:31,648 [INFO] [MainThread] [root/bar_manager.py:83]: Stopping SystemEventListener...
2025-09-30 11:23:31,649 [INFO] [MainThread] [root/bar_manager.py:83]: Stopping WindowsNotificationEventListener...
2025-09-30 11:25:26,730 [INFO] [MainThread] [root/log.py:59]: YASB v1.8.2
2025-09-30 11:25:26,730 [INFO] [Thread-1 (_run_server)] [cli_server/cli_server.py:212]: CLI server started v1.1.2
2025-09-30 11:25:26,732 [INFO] [MainThread] [cli_server/cli_server.py:104]: Log pipe server started
2025-09-30 11:25:27,957 [DEBUG] [MainThread] [tzlocal/win32.py:55]: Looking up time zone info from registry
2025-09-30 11:25:32,571 [DEBUG] [MainThread] [comtypes/__init__.py:149]: CoInitializeEx(None, 2)
2025-09-30 11:25:36,323 [INFO] [MainThread] [root/bar_manager.py:76]: Starting SystemEventListener...
2025-09-30 11:25:36,323 [INFO] [MainThread] [root/bar_manager.py:76]: Starting WindowsNotificationEventListener...
2025-09-30 11:25:36,323 [INFO] [MainThread] [root/watcher.py:54]: Created file watcher for path C:\Users\Fahim Rifat\.config\yasb
2025-09-30 11:25:36,439 [DEBUG] [MainThread] [qasync._windows._EventPoller/_windows.py:215]: Starting (proactor: <_IocpProactor overlapped#=0 result#=0>)...
2025-09-30 11:25:36,441 [DEBUG] [Dummy-6] [qasync._windows._EventWorker/_windows.py:195]: Thread started
2025-09-30 11:25:45,559 [INFO] [MainThread] [root/log.py:59]: YASB v1.8.2
2025-09-30 11:25:45,559 [INFO] [Thread-1 (_run_server)] [cli_server/cli_server.py:212]: CLI server started v1.1.2
2025-09-30 11:25:45,560 [INFO] [MainThread] [cli_server/cli_server.py:104]: Log pipe server started
2025-09-30 11:25:45,560 [ERROR] [MainThread] [root/main.py:77]: Another instance of the YASB is already running.
2025-09-30 11:26:19,104 [INFO] [MainThread] [root/bar_manager.py:83]: Stopping SystemEventListener...
2025-09-30 11:26:19,105 [INFO] [MainThread] [root/bar_manager.py:83]: Stopping WindowsNotificationEventListener...
2025-09-30 16:25:11,885 [INFO] [MainThread] [root/log.py:59]: YASB v1.8.2
2025-09-30 16:25:11,885 [INFO] [Thread-1 (_run_server)] [cli_server/cli_server.py:212]: CLI server started v1.1.2
2025-09-30 16:25:11,885 [INFO] [MainThread] [cli_server/cli_server.py:104]: Log pipe server started
2025-09-30 16:25:12,799 [DEBUG] [MainThread] [tzlocal/win32.py:55]: Looking up time zone info from registry
2025-09-30 16:25:14,519 [DEBUG] [MainThread] [comtypes/__init__.py:149]: CoInitializeEx(None, 2)
2025-09-30 16:25:18,302 [INFO] [MainThread] [root/bar_manager.py:76]: Starting SystemEventListener...
2025-09-30 16:25:18,302 [INFO] [MainThread] [root/bar_manager.py:76]: Starting WindowsNotificationEventListener...
2025-09-30 16:25:18,306 [INFO] [MainThread] [root/watcher.py:54]: Created file watcher for path C:\Users\Fahim Rifat\.config\yasb
2025-09-30 16:25:18,421 [DEBUG] [MainThread] [qasync._windows._EventPoller/_windows.py:215]: Starting (proactor: <_IocpProactor overlapped#=0 result#=0>)...
2025-09-30 16:25:18,428 [DEBUG] [Dummy-6] [qasync._windows._EventWorker/_windows.py:195]: Thread started
2025-09-30 16:25:32,978 [INFO] [MainThread] [root/log.py:59]: YASB v1.8.2
2025-09-30 16:25:32,979 [INFO] [Thread-1 (_run_server)] [cli_server/cli_server.py:212]: CLI server started v1.1.2
2025-09-30 16:25:32,979 [INFO] [MainThread] [cli_server/cli_server.py:104]: Log pipe server started
2025-09-30 16:25:32,980 [ERROR] [MainThread] [root/main.py:77]: Another instance of the YASB is already running.
2025-09-30 17:28:30,037 [INFO] [MainThread] [root/log.py:59]: YASB v1.8.2
2025-09-30 17:28:30,037 [INFO] [Thread-1 (_run_server)] [cli_server/cli_server.py:212]: CLI server started v1.1.2
2025-09-30 17:28:30,037 [INFO] [MainThread] [cli_server/cli_server.py:104]: Log pipe server started
2025-09-30 17:28:31,195 [DEBUG] [MainThread] [tzlocal/win32.py:55]: Looking up time zone info from registry
2025-09-30 17:28:35,706 [DEBUG] [MainThread] [comtypes/__init__.py:149]: CoInitializeEx(None, 2)
2025-09-30 17:28:39,466 [INFO] [MainThread] [root/bar_manager.py:76]: Starting SystemEventListener...
2025-09-30 17:28:39,466 [INFO] [MainThread] [root/bar_manager.py:76]: Starting WindowsNotificationEventListener...
2025-09-30 17:28:39,466 [INFO] [MainThread] [root/watcher.py:54]: Created file watcher for path C:\Users\Fahim Rifat\.config\yasb
2025-09-30 17:28:39,680 [DEBUG] [MainThread] [qasync._windows._EventPoller/_windows.py:215]: Starting (proactor: <_IocpProactor overlapped#=0 result#=0>)...
2025-09-30 17:28:39,688 [DEBUG] [Dummy-6] [qasync._windows._EventWorker/_windows.py:195]: Thread started
2025-09-30 17:28:56,781 [INFO] [MainThread] [root/log.py:59]: YASB v1.8.2
2025-09-30 17:28:56,782 [INFO] [Thread-1 (_run_server)] [cli_server/cli_server.py:212]: CLI server started v1.1.2
2025-09-30 17:28:56,782 [INFO] [MainThread] [cli_server/cli_server.py:104]: Log pipe server started
2025-09-30 17:28:56,783 [ERROR] [MainThread] [root/main.py:77]: Another instance of the YASB is already running.
2025-09-30 20:16:01,064 [INFO] [MainThread] [root/controller.py:15]: Reloading Application because of config change.
2025-09-30 20:16:01,178 [INFO] [MainThread] [cli_server/cli_server.py:112]: Log pipe server stopped
2025-09-30 20:16:01,178 [DEBUG] [MainThread] [cli_server/cli_server.py:206]: CLI server stopped
2025-09-30 20:16:01,185 [INFO] [MainThread] [root/bar_manager.py:83]: Stopping SystemEventListener...
2025-09-30 20:16:01,185 [INFO] [MainThread] [root/bar_manager.py:83]: Stopping WindowsNotificationEventListener...
2025-09-30 20:16:01,186 [INFO] [MainThread] [root/bar_manager.py:67]: Successfully loaded updated config and re-initialised all bars.
2025-09-30 20:16:01,187 [DEBUG] [MainThread] [qasync._windows._EventPoller/_windows.py:220]: Stopping worker thread...
2025-09-30 20:16:01,195 [DEBUG] [Dummy-6] [qasync._windows._EventWorker/_windows.py:204]: Exiting thread
2025-09-30 20:16:01,198 [DEBUG] [MainThread] [qasync._windows._IocpProactor/_windows.py:78]: Closing
2025-09-30 20:16:05,258 [INFO] [MainThread] [root/log.py:59]: YASB v1.8.2
2025-09-30 20:16:05,258 [INFO] [Thread-1 (_run_server)] [cli_server/cli_server.py:212]: CLI server started v1.1.2
2025-09-30 20:16:05,259 [INFO] [MainThread] [cli_server/cli_server.py:104]: Log pipe server started
2025-09-30 20:16:06,387 [DEBUG] [MainThread] [tzlocal/win32.py:55]: Looking up time zone info from registry
2025-09-30 20:16:08,976 [DEBUG] [MainThread] [comtypes/__init__.py:149]: CoInitializeEx(None, 2)
2025-09-30 20:16:12,086 [INFO] [MainThread] [root/bar_manager.py:76]: Starting SystemEventListener...
2025-09-30 20:16:12,086 [INFO] [MainThread] [root/bar_manager.py:76]: Starting WindowsNotificationEventListener...
2025-09-30 20:16:12,088 [INFO] [MainThread] [root/watcher.py:54]: Created file watcher for path C:\Users\Fahim Rifat\.config\yasb
2025-09-30 20:16:12,190 [DEBUG] [MainThread] [qasync._windows._EventPoller/_windows.py:215]: Starting (proactor: <_IocpProactor overlapped#=0 result#=0>)...
2025-09-30 20:16:12,191 [DEBUG] [Dummy-6] [qasync._windows._EventWorker/_windows.py:195]: Thread started
2025-09-30 20:16:32,431 [INFO] [MainThread] [root/controller.py:15]: Reloading Application because of config change.
2025-09-30 20:16:32,538 [INFO] [MainThread] [cli_server/cli_server.py:112]: Log pipe server stopped
2025-09-30 20:16:32,538 [DEBUG] [MainThread] [cli_server/cli_server.py:206]: CLI server stopped
2025-09-30 20:16:32,544 [INFO] [MainThread] [root/bar_manager.py:83]: Stopping SystemEventListener...
2025-09-30 20:16:32,545 [INFO] [MainThread] [root/bar_manager.py:83]: Stopping WindowsNotificationEventListener...
2025-09-30 20:16:32,546 [INFO] [MainThread] [root/bar_manager.py:67]: Successfully loaded updated config and re-initialised all bars.
2025-09-30 20:16:32,546 [DEBUG] [MainThread] [qasync._windows._EventPoller/_windows.py:220]: Stopping worker thread...
2025-09-30 20:16:32,553 [DEBUG] [Dummy-6] [qasync._windows._EventWorker/_windows.py:204]: Exiting thread
2025-09-30 20:16:32,554 [DEBUG] [MainThread] [qasync._windows._IocpProactor/_windows.py:78]: Closing
2025-09-30 20:16:33,242 [INFO] [MainThread] [root/log.py:59]: YASB v1.8.2
2025-09-30 20:16:33,242 [INFO] [Thread-1 (_run_server)] [cli_server/cli_server.py:212]: CLI server started v1.1.2
2025-09-30 20:16:33,243 [INFO] [MainThread] [cli_server/cli_server.py:104]: Log pipe server started
2025-09-30 20:16:33,663 [DEBUG] [MainThread] [tzlocal/win32.py:55]: Looking up time zone info from registry
2025-09-30 20:16:33,758 [DEBUG] [MainThread] [comtypes/__init__.py:149]: CoInitializeEx(None, 2)
2025-09-30 20:16:36,453 [INFO] [MainThread] [root/bar_manager.py:76]: Starting WindowsNotificationEventListener...
2025-09-30 20:16:36,456 [INFO] [MainThread] [root/bar_manager.py:76]: Starting SystemEventListener...
2025-09-30 20:16:36,457 [INFO] [MainThread] [root/watcher.py:54]: Created file watcher for path C:\Users\Fahim Rifat\.config\yasb
2025-09-30 20:16:36,684 [DEBUG] [MainThread] [qasync._windows._EventPoller/_windows.py:215]: Starting (proactor: <_IocpProactor overlapped#=0 result#=0>)...
2025-09-30 20:16:36,688 [DEBUG] [Dummy-6] [qasync._windows._EventWorker/_windows.py:195]: Thread started
2025-09-30 20:17:29,612 [INFO] [MainThread] [root/controller.py:15]: Reloading Application because of config change.
2025-09-30 20:17:29,724 [INFO] [MainThread] [cli_server/cli_server.py:112]: Log pipe server stopped
2025-09-30 20:17:29,724 [DEBUG] [MainThread] [cli_server/cli_server.py:206]: CLI server stopped
2025-09-30 20:17:29,736 [INFO] [MainThread] [root/bar_manager.py:83]: Stopping WindowsNotificationEventListener...
2025-09-30 20:17:29,737 [INFO] [MainThread] [root/bar_manager.py:83]: Stopping SystemEventListener...
2025-09-30 20:17:29,740 [INFO] [MainThread] [root/bar_manager.py:67]: Successfully loaded updated config and re-initialised all bars.
2025-09-30 20:17:29,740 [DEBUG] [MainThread] [qasync._windows._EventPoller/_windows.py:220]: Stopping worker thread...
2025-09-30 20:17:29,755 [DEBUG] [Dummy-6] [qasync._windows._EventWorker/_windows.py:204]: Exiting thread
2025-09-30 20:17:29,759 [DEBUG] [MainThread] [qasync._windows._IocpProactor/_windows.py:78]: Closing
2025-09-30 20:17:31,041 [INFO] [MainThread] [root/log.py:59]: YASB v1.8.2
2025-09-30 20:17:31,042 [INFO] [Thread-1 (_run_server)] [cli_server/cli_server.py:212]: CLI server started v1.1.2
2025-09-30 20:17:31,043 [INFO] [MainThread] [cli_server/cli_server.py:104]: Log pipe server started
2025-09-30 20:17:31,524 [DEBUG] [MainThread] [tzlocal/win32.py:55]: Looking up time zone info from registry
2025-09-30 20:17:31,629 [DEBUG] [MainThread] [comtypes/__init__.py:149]: CoInitializeEx(None, 2)
2025-09-30 20:17:33,602 [INFO] [MainThread] [root/bar_manager.py:76]: Starting SystemEventListener...
2025-09-30 20:17:33,603 [INFO] [MainThread] [root/bar_manager.py:76]: Starting WindowsNotificationEventListener...
2025-09-30 20:17:33,605 [INFO] [MainThread] [root/watcher.py:54]: Created file watcher for path C:\Users\Fahim Rifat\.config\yasb
2025-09-30 20:17:33,732 [DEBUG] [MainThread] [qasync._windows._EventPoller/_windows.py:215]: Starting (proactor: <_IocpProactor overlapped#=0 result#=0>)...
2025-09-30 20:17:33,734 [DEBUG] [Dummy-6] [qasync._windows._EventWorker/_windows.py:195]: Thread started
2025-09-30 20:18:28,831 [INFO] [MainThread] [root/bar_manager.py:83]: Stopping SystemEventListener...
2025-09-30 20:18:28,833 [INFO] [MainThread] [root/bar_manager.py:83]: Stopping WindowsNotificationEventListener...
2025-10-01 10:54:17,110 [INFO] [MainThread] [root/log.py:59]: YASB v1.8.2
2025-10-01 10:54:17,113 [INFO] [Thread-1 (_run_server)] [cli_server/cli_server.py:212]: CLI server started v1.1.2
2025-10-01 10:54:17,113 [INFO] [MainThread] [cli_server/cli_server.py:104]: Log pipe server started
2025-10-01 10:54:17,486 [DEBUG] [MainThread] [tzlocal/win32.py:55]: Looking up time zone info from registry
2025-10-01 10:54:17,645 [DEBUG] [MainThread] [comtypes/__init__.py:149]: CoInitializeEx(None, 2)
2025-10-01 10:54:20,048 [INFO] [MainThread] [root/bar_manager.py:76]: Starting SystemEventListener...
2025-10-01 10:54:20,050 [INFO] [MainThread] [root/bar_manager.py:76]: Starting WindowsNotificationEventListener...
2025-10-01 10:54:20,052 [INFO] [MainThread] [root/watcher.py:54]: Created file watcher for path C:\Users\Fahim Rifat\.config\yasb
2025-10-01 10:54:20,159 [DEBUG] [MainThread] [qasync._windows._EventPoller/_windows.py:215]: Starting (proactor: <_IocpProactor overlapped#=0 result#=0>)...
2025-10-01 10:54:20,163 [DEBUG] [Dummy-6] [qasync._windows._EventWorker/_windows.py:195]: Thread started
2025-10-01 10:54:20,290 [WARNING] [Thread-5 (check_for_update)] [root/update_check.py:50]: UpdateCheckService Failed to check for updates: Network error.
2025-10-01 10:54:40,261 [INFO] [MainThread] [root/log.py:59]: YASB v1.8.2
2025-10-01 10:54:40,262 [INFO] [Thread-1 (_run_server)] [cli_server/cli_server.py:212]: CLI server started v1.1.2
2025-10-01 10:54:40,262 [INFO] [MainThread] [cli_server/cli_server.py:104]: Log pipe server started
2025-10-01 10:54:40,263 [ERROR] [MainThread] [root/main.py:77]: Another instance of the YASB is already running.
2025-10-01 10:56:54,524 [INFO] [MainThread] [root/controller.py:15]: Reloading Application because of config change.
2025-10-01 10:56:54,634 [INFO] [MainThread] [cli_server/cli_server.py:112]: Log pipe server stopped
2025-10-01 10:56:54,634 [DEBUG] [MainThread] [cli_server/cli_server.py:206]: CLI server stopped
2025-10-01 10:56:54,644 [INFO] [MainThread] [root/bar_manager.py:83]: Stopping SystemEventListener...
2025-10-01 10:56:54,645 [INFO] [MainThread] [root/bar_manager.py:83]: Stopping WindowsNotificationEventListener...
2025-10-01 10:56:54,646 [INFO] [MainThread] [root/bar_manager.py:67]: Successfully loaded updated config and re-initialised all bars.
2025-10-01 10:56:54,646 [DEBUG] [MainThread] [qasync._windows._EventPoller/_windows.py:220]: Stopping worker thread...
2025-10-01 10:56:54,650 [DEBUG] [Dummy-6] [qasync._windows._EventWorker/_windows.py:204]: Exiting thread
2025-10-01 10:56:54,652 [DEBUG] [MainThread] [qasync._windows._IocpProactor/_windows.py:78]: Closing
2025-10-01 10:56:55,429 [INFO] [MainThread] [root/log.py:59]: YASB v1.8.2
2025-10-01 10:56:55,430 [INFO] [Thread-1 (_run_server)] [cli_server/cli_server.py:212]: CLI server started v1.1.2
2025-10-01 10:56:55,430 [INFO] [MainThread] [cli_server/cli_server.py:104]: Log pipe server started
2025-10-01 10:56:55,867 [DEBUG] [MainThread] [tzlocal/win32.py:55]: Looking up time zone info from registry
2025-10-01 10:56:56,008 [DEBUG] [MainThread] [comtypes/__init__.py:149]: CoInitializeEx(None, 2)
2025-10-01 10:56:57,703 [INFO] [MainThread] [root/bar_manager.py:76]: Starting WindowsNotificationEventListener...
2025-10-01 10:56:57,705 [INFO] [MainThread] [root/bar_manager.py:76]: Starting SystemEventListener...
2025-10-01 10:56:57,706 [INFO] [MainThread] [root/watcher.py:54]: Created file watcher for path C:\Users\Fahim Rifat\.config\yasb
2025-10-01 10:56:57,825 [DEBUG] [MainThread] [qasync._windows._EventPoller/_windows.py:215]: Starting (proactor: <_IocpProactor overlapped#=0 result#=0>)...
2025-10-01 10:56:57,828 [DEBUG] [Dummy-6] [qasync._windows._EventWorker/_windows.py:195]: Thread started
2025-10-01 10:56:57,906 [WARNING] [Thread-5 (check_for_update)] [root/update_check.py:50]: UpdateCheckService Failed to check for updates: Network error.
2025-10-01 10:59:19,205 [INFO] [MainThread] [root/controller.py:15]: Reloading Application because of config change.
2025-10-01 10:59:19,315 [INFO] [MainThread] [cli_server/cli_server.py:112]: Log pipe server stopped
2025-10-01 10:59:19,316 [DEBUG] [MainThread] [cli_server/cli_server.py:206]: CLI server stopped
2025-10-01 10:59:19,332 [INFO] [MainThread] [root/bar_manager.py:83]: Stopping WindowsNotificationEventListener...
2025-10-01 10:59:19,334 [INFO] [MainThread] [root/bar_manager.py:83]: Stopping SystemEventListener...
2025-10-01 10:59:19,336 [INFO] [MainThread] [root/bar_manager.py:67]: Successfully loaded updated config and re-initialised all bars.
2025-10-01 10:59:19,337 [DEBUG] [MainThread] [qasync._windows._EventPoller/_windows.py:220]: Stopping worker thread...
2025-10-01 10:59:19,346 [DEBUG] [Dummy-6] [qasync._windows._EventWorker/_windows.py:204]: Exiting thread
2025-10-01 10:59:19,352 [DEBUG] [MainThread] [qasync._windows._IocpProactor/_windows.py:78]: Closing
2025-10-01 10:59:20,842 [INFO] [MainThread] [root/log.py:59]: YASB v1.8.2
2025-10-01 10:59:20,843 [INFO] [Thread-1 (_run_server)] [cli_server/cli_server.py:212]: CLI server started v1.1.2
2025-10-01 10:59:20,843 [INFO] [MainThread] [cli_server/cli_server.py:104]: Log pipe server started
2025-10-01 10:59:21,427 [DEBUG] [MainThread] [tzlocal/win32.py:55]: Looking up time zone info from registry
2025-10-01 10:59:21,583 [DEBUG] [MainThread] [comtypes/__init__.py:149]: CoInitializeEx(None, 2)
2025-10-01 10:59:23,217 [INFO] [MainThread] [root/bar_manager.py:76]: Starting SystemEventListener...
2025-10-01 10:59:23,217 [INFO] [MainThread] [root/watcher.py:54]: Created file watcher for path C:\Users\Fahim Rifat\.config\yasb
2025-10-01 10:59:23,322 [DEBUG] [MainThread] [qasync._windows._EventPoller/_windows.py:215]: Starting (proactor: <_IocpProactor overlapped#=0 result#=0>)...
2025-10-01 10:59:23,324 [DEBUG] [Dummy-6] [qasync._windows._EventWorker/_windows.py:195]: Thread started
2025-10-01 10:59:23,380 [WARNING] [Thread-5 (check_for_update)] [root/update_check.py:50]: UpdateCheckService Failed to check for updates: Network error.
2025-10-01 11:03:44,577 [ERROR] [MainThread] [root/bar_manager.py:56]: Error loading config: while scanning a simple key
  in "C:\Users\Fahim Rifat\.config\yasb\config.yaml", line 399, column 9
could not find expected ':'
  in "C:\Users\Fahim Rifat\.config\yasb\config.yaml", line 400, column 3
2025-10-01 11:03:56,742 [ERROR] [MainThread] [root/bar_manager.py:56]: Error loading config: while scanning a simple key
  in "C:\Users\Fahim Rifat\.config\yasb\config.yaml", line 399, column 9
could not find expected ':'
  in "C:\Users\Fahim Rifat\.config\yasb\config.yaml", line 400, column 3
2025-10-01 11:03:56,786 [ERROR] [MainThread] [root/bar_manager.py:56]: Error loading config: while scanning a simple key
  in "C:\Users\Fahim Rifat\.config\yasb\config.yaml", line 399, column 9
could not find expected ':'
  in "C:\Users\Fahim Rifat\.config\yasb\config.yaml", line 400, column 3
2025-10-01 11:05:19,379 [INFO] [MainThread] [root/controller.py:15]: Reloading Application because of config change.
2025-10-01 11:05:19,488 [INFO] [MainThread] [cli_server/cli_server.py:112]: Log pipe server stopped
2025-10-01 11:05:19,490 [DEBUG] [MainThread] [cli_server/cli_server.py:206]: CLI server stopped
2025-10-01 11:05:19,506 [INFO] [MainThread] [root/bar_manager.py:83]: Stopping SystemEventListener...
2025-10-01 11:05:19,508 [INFO] [MainThread] [root/bar_manager.py:67]: Successfully loaded updated config and re-initialised all bars.
2025-10-01 11:05:19,509 [DEBUG] [MainThread] [qasync._windows._EventPoller/_windows.py:220]: Stopping worker thread...
2025-10-01 11:05:19,519 [DEBUG] [Dummy-6] [qasync._windows._EventWorker/_windows.py:204]: Exiting thread
2025-10-01 11:05:19,523 [DEBUG] [MainThread] [qasync._windows._IocpProactor/_windows.py:78]: Closing
2025-10-01 11:05:21,116 [INFO] [MainThread] [root/log.py:59]: YASB v1.8.2
2025-10-01 11:05:21,117 [INFO] [Thread-1 (_run_server)] [cli_server/cli_server.py:212]: CLI server started v1.1.2
2025-10-01 11:05:21,118 [INFO] [MainThread] [cli_server/cli_server.py:104]: Log pipe server started
2025-10-01 11:05:21,611 [DEBUG] [MainThread] [tzlocal/win32.py:55]: Looking up time zone info from registry
2025-10-01 11:05:21,750 [DEBUG] [MainThread] [comtypes/__init__.py:149]: CoInitializeEx(None, 2)
2025-10-01 11:05:21,919 [WARNING] [MainThread] [root/widget_builder.py:40]: No widget config could be found for widget 'wifi
2025-10-01 11:05:21,920 [WARNING] [MainThread] [root/widget_builder.py:40]: No widget config could be found for widget 'microphone'
2025-10-01 11:05:24,023 [INFO] [MainThread] [root/bar_manager.py:76]: Starting SystemEventListener...
2025-10-01 11:05:24,023 [ERROR] [MainThread] [root/widget_builder.py:86]: Failed to add undefined widget(s)  - The widget "microphone'" is undefined.
 - The widget "wifi" is undefined.
2025-10-01 11:05:24,101 [INFO] [MainThread] [root/watcher.py:54]: Created file watcher for path C:\Users\Fahim Rifat\.config\yasb
2025-10-01 11:05:24,174 [DEBUG] [MainThread] [qasync._windows._EventPoller/_windows.py:215]: Starting (proactor: <_IocpProactor overlapped#=0 result#=0>)...
2025-10-01 11:05:24,176 [DEBUG] [Dummy-6] [qasync._windows._EventWorker/_windows.py:195]: Thread started
2025-10-01 11:05:48,676 [INFO] [MainThread] [root/controller.py:15]: Reloading Application because of config change.
2025-10-01 11:05:48,783 [INFO] [MainThread] [cli_server/cli_server.py:112]: Log pipe server stopped
2025-10-01 11:05:48,783 [DEBUG] [MainThread] [cli_server/cli_server.py:206]: CLI server stopped
2025-10-01 11:05:48,794 [INFO] [MainThread] [root/bar_manager.py:83]: Stopping SystemEventListener...
2025-10-01 11:05:48,796 [INFO] [MainThread] [root/bar_manager.py:67]: Successfully loaded updated config and re-initialised all bars.
2025-10-01 11:05:48,796 [DEBUG] [MainThread] [qasync._windows._EventPoller/_windows.py:220]: Stopping worker thread...
2025-10-01 11:05:48,799 [DEBUG] [Dummy-6] [qasync._windows._EventWorker/_windows.py:204]: Exiting thread
2025-10-01 11:05:48,802 [DEBUG] [MainThread] [qasync._windows._IocpProactor/_windows.py:78]: Closing
2025-10-01 11:05:49,884 [INFO] [MainThread] [root/log.py:59]: YASB v1.8.2
2025-10-01 11:05:49,885 [INFO] [Thread-1 (_run_server)] [cli_server/cli_server.py:212]: CLI server started v1.1.2
2025-10-01 11:05:49,886 [INFO] [MainThread] [cli_server/cli_server.py:104]: Log pipe server started
2025-10-01 11:05:50,398 [DEBUG] [MainThread] [tzlocal/win32.py:55]: Looking up time zone info from registry
2025-10-01 11:05:50,568 [DEBUG] [MainThread] [comtypes/__init__.py:149]: CoInitializeEx(None, 2)
2025-10-01 11:05:50,730 [WARNING] [MainThread] [root/widget_builder.py:40]: No widget config could be found for widget 'network
2025-10-01 11:05:50,730 [WARNING] [MainThread] [root/widget_builder.py:40]: No widget config could be found for widget 'microphone'
2025-10-01 11:05:52,550 [INFO] [MainThread] [root/bar_manager.py:76]: Starting SystemEventListener...
2025-10-01 11:05:52,550 [ERROR] [MainThread] [root/widget_builder.py:86]: Failed to add undefined widget(s)  - The widget "microphone'" is undefined.
 - The widget "network" is undefined.
2025-10-01 11:05:52,602 [INFO] [MainThread] [root/watcher.py:54]: Created file watcher for path C:\Users\Fahim Rifat\.config\yasb
2025-10-01 11:05:52,682 [DEBUG] [MainThread] [qasync._windows._EventPoller/_windows.py:215]: Starting (proactor: <_IocpProactor overlapped#=0 result#=0>)...
2025-10-01 11:05:52,684 [DEBUG] [Dummy-6] [qasync._windows._EventWorker/_windows.py:195]: Thread started
2025-10-01 11:06:21,206 [INFO] [MainThread] [root/controller.py:15]: Reloading Application because of config change.
2025-10-01 11:06:21,310 [INFO] [MainThread] [cli_server/cli_server.py:112]: Log pipe server stopped
2025-10-01 11:06:21,310 [DEBUG] [MainThread] [cli_server/cli_server.py:206]: CLI server stopped
2025-10-01 11:06:21,335 [INFO] [MainThread] [root/bar_manager.py:83]: Stopping SystemEventListener...
2025-10-01 11:06:21,337 [INFO] [MainThread] [root/bar_manager.py:67]: Successfully loaded updated config and re-initialised all bars.
2025-10-01 11:06:21,338 [DEBUG] [MainThread] [qasync._windows._EventPoller/_windows.py:220]: Stopping worker thread...
2025-10-01 11:06:21,356 [DEBUG] [Dummy-6] [qasync._windows._EventWorker/_windows.py:204]: Exiting thread
2025-10-01 11:06:21,360 [DEBUG] [MainThread] [qasync._windows._IocpProactor/_windows.py:78]: Closing
2025-10-01 11:06:22,996 [INFO] [MainThread] [root/log.py:59]: YASB v1.8.2
2025-10-01 11:06:22,998 [INFO] [Thread-1 (_run_server)] [cli_server/cli_server.py:212]: CLI server started v1.1.2
2025-10-01 11:06:22,998 [INFO] [MainThread] [cli_server/cli_server.py:104]: Log pipe server started
2025-10-01 11:06:23,621 [DEBUG] [MainThread] [tzlocal/win32.py:55]: Looking up time zone info from registry
2025-10-01 11:06:23,771 [DEBUG] [MainThread] [comtypes/__init__.py:149]: CoInitializeEx(None, 2)
2025-10-01 11:06:23,935 [WARNING] [MainThread] [root/widget_builder.py:40]: No widget config could be found for widget 'networkcontrols
2025-10-01 11:06:25,422 [INFO] [MainThread] [root/bar_manager.py:76]: Starting SystemEventListener...
2025-10-01 11:06:25,423 [ERROR] [MainThread] [root/widget_builder.py:86]: Failed to add undefined widget(s)  - The widget "networkcontrols" is undefined.
2025-10-01 11:06:25,485 [INFO] [MainThread] [root/watcher.py:54]: Created file watcher for path C:\Users\Fahim Rifat\.config\yasb
2025-10-01 11:06:25,581 [DEBUG] [MainThread] [qasync._windows._EventPoller/_windows.py:215]: Starting (proactor: <_IocpProactor overlapped#=0 result#=0>)...
2025-10-01 11:06:25,583 [DEBUG] [Dummy-6] [qasync._windows._EventWorker/_windows.py:195]: Thread started
2025-10-01 11:06:35,189 [INFO] [MainThread] [root/controller.py:15]: Reloading Application because of config change.
2025-10-01 11:06:35,301 [INFO] [MainThread] [cli_server/cli_server.py:112]: Log pipe server stopped
2025-10-01 11:06:35,302 [DEBUG] [MainThread] [cli_server/cli_server.py:206]: CLI server stopped
2025-10-01 11:06:35,312 [INFO] [MainThread] [root/bar_manager.py:83]: Stopping SystemEventListener...
2025-10-01 11:06:35,314 [INFO] [MainThread] [root/bar_manager.py:67]: Successfully loaded updated config and re-initialised all bars.
2025-10-01 11:06:35,315 [DEBUG] [MainThread] [qasync._windows._EventPoller/_windows.py:220]: Stopping worker thread...
2025-10-01 11:06:35,316 [DEBUG] [Dummy-6] [qasync._windows._EventWorker/_windows.py:204]: Exiting thread
2025-10-01 11:06:35,318 [DEBUG] [MainThread] [qasync._windows._IocpProactor/_windows.py:78]: Closing
2025-10-01 11:06:36,226 [INFO] [MainThread] [root/log.py:59]: YASB v1.8.2
2025-10-01 11:06:36,227 [INFO] [Thread-1 (_run_server)] [cli_server/cli_server.py:212]: CLI server started v1.1.2
2025-10-01 11:06:36,227 [INFO] [MainThread] [cli_server/cli_server.py:104]: Log pipe server started
2025-10-01 11:06:36,679 [DEBUG] [MainThread] [tzlocal/win32.py:55]: Looking up time zone info from registry
2025-10-01 11:06:36,839 [DEBUG] [MainThread] [comtypes/__init__.py:149]: CoInitializeEx(None, 2)
2025-10-01 11:06:39,001 [INFO] [MainThread] [root/bar_manager.py:76]: Starting SystemEventListener...
2025-10-01 11:06:39,001 [INFO] [MainThread] [root/watcher.py:54]: Created file watcher for path C:\Users\Fahim Rifat\.config\yasb
2025-10-01 11:06:39,092 [DEBUG] [MainThread] [qasync._windows._EventPoller/_windows.py:215]: Starting (proactor: <_IocpProactor overlapped#=0 result#=0>)...
2025-10-01 11:06:39,093 [DEBUG] [Dummy-6] [qasync._windows._EventWorker/_windows.py:195]: Thread started
2025-10-01 11:08:08,395 [INFO] [MainThread] [root/controller.py:15]: Reloading Application because of config change.
2025-10-01 11:08:08,506 [INFO] [MainThread] [cli_server/cli_server.py:112]: Log pipe server stopped
2025-10-01 11:08:08,506 [DEBUG] [MainThread] [cli_server/cli_server.py:206]: CLI server stopped
2025-10-01 11:08:08,519 [INFO] [MainThread] [root/bar_manager.py:83]: Stopping SystemEventListener...
2025-10-01 11:08:08,520 [INFO] [MainThread] [root/bar_manager.py:67]: Successfully loaded updated config and re-initialised all bars.
2025-10-01 11:08:08,521 [DEBUG] [MainThread] [qasync._windows._EventPoller/_windows.py:220]: Stopping worker thread...
2025-10-01 11:08:08,522 [DEBUG] [Dummy-6] [qasync._windows._EventWorker/_windows.py:204]: Exiting thread
2025-10-01 11:08:08,524 [DEBUG] [MainThread] [qasync._windows._IocpProactor/_windows.py:78]: Closing
2025-10-01 11:08:10,175 [INFO] [MainThread] [root/log.py:59]: YASB v1.8.2
2025-10-01 11:08:10,176 [INFO] [Thread-1 (_run_server)] [cli_server/cli_server.py:212]: CLI server started v1.1.2
2025-10-01 11:08:10,177 [INFO] [MainThread] [cli_server/cli_server.py:104]: Log pipe server started
2025-10-01 11:08:10,538 [DEBUG] [MainThread] [tzlocal/win32.py:55]: Looking up time zone info from registry
2025-10-01 11:08:10,723 [DEBUG] [MainThread] [comtypes/__init__.py:149]: CoInitializeEx(None, 2)
2025-10-01 11:08:10,892 [WARNING] [MainThread] [root/widget_builder.py:40]: No widget config could be found for widget 'WiFi
2025-10-01 11:08:12,956 [INFO] [MainThread] [root/bar_manager.py:76]: Starting SystemEventListener...
2025-10-01 11:08:12,956 [ERROR] [MainThread] [root/widget_builder.py:86]: Failed to add undefined widget(s)  - The widget "WiFi" is undefined.
2025-10-01 11:08:13,012 [INFO] [MainThread] [root/watcher.py:54]: Created file watcher for path C:\Users\Fahim Rifat\.config\yasb
2025-10-01 11:08:13,089 [DEBUG] [MainThread] [qasync._windows._EventPoller/_windows.py:215]: Starting (proactor: <_IocpProactor overlapped#=0 result#=0>)...
2025-10-01 11:08:13,090 [DEBUG] [Dummy-6] [qasync._windows._EventWorker/_windows.py:195]: Thread started
2025-10-01 11:10:55,262 [INFO] [MainThread] [root/controller.py:15]: Reloading Application because of config change.
2025-10-01 11:10:55,364 [INFO] [MainThread] [cli_server/cli_server.py:112]: Log pipe server stopped
2025-10-01 11:10:55,365 [DEBUG] [MainThread] [cli_server/cli_server.py:206]: CLI server stopped
2025-10-01 11:10:55,383 [INFO] [MainThread] [root/bar_manager.py:83]: Stopping SystemEventListener...
2025-10-01 11:10:55,387 [INFO] [MainThread] [root/bar_manager.py:67]: Successfully loaded updated config and re-initialised all bars.
2025-10-01 11:10:55,387 [DEBUG] [MainThread] [qasync._windows._EventPoller/_windows.py:220]: Stopping worker thread...
2025-10-01 11:10:55,395 [DEBUG] [Dummy-6] [qasync._windows._EventWorker/_windows.py:204]: Exiting thread
2025-10-01 11:10:55,402 [DEBUG] [MainThread] [qasync._windows._IocpProactor/_windows.py:78]: Closing
2025-10-01 11:10:56,237 [INFO] [MainThread] [root/log.py:59]: YASB v1.8.2
2025-10-01 11:10:56,238 [INFO] [Thread-1 (_run_server)] [cli_server/cli_server.py:212]: CLI server started v1.1.2
2025-10-01 11:10:56,239 [INFO] [MainThread] [cli_server/cli_server.py:104]: Log pipe server started
2025-10-01 11:10:56,598 [DEBUG] [MainThread] [tzlocal/win32.py:55]: Looking up time zone info from registry
2025-10-01 11:10:56,740 [DEBUG] [MainThread] [comtypes/__init__.py:149]: CoInitializeEx(None, 2)
2025-10-01 11:10:56,893 [WARNING] [MainThread] [root/widget_builder.py:40]: No widget config could be found for widget 'WiFi
2025-10-01 11:10:58,351 [INFO] [MainThread] [root/bar_manager.py:76]: Starting SystemEventListener...
2025-10-01 11:10:58,351 [ERROR] [MainThread] [root/widget_builder.py:86]: Failed to add undefined widget(s)  - The widget "WiFi" is undefined.
2025-10-01 11:10:58,413 [INFO] [MainThread] [root/watcher.py:54]: Created file watcher for path C:\Users\Fahim Rifat\.config\yasb
2025-10-01 11:10:58,528 [DEBUG] [MainThread] [qasync._windows._EventPoller/_windows.py:215]: Starting (proactor: <_IocpProactor overlapped#=0 result#=0>)...
2025-10-01 11:10:58,530 [DEBUG] [Dummy-6] [qasync._windows._EventWorker/_windows.py:195]: Thread started
2025-10-01 11:16:16,097 [INFO] [Thread-1 (_run_server)] [cli_server/cli_server.py:253]: CLI server received command: stop
2025-10-01 11:16:16,097 [INFO] [Thread-1 (_run_server)] [root/controller.py:35]: Exiting Application from CLI...
2025-10-01 11:16:16,211 [INFO] [Thread-1 (_run_server)] [cli_server/cli_server.py:112]: Log pipe server stopped
2025-10-01 11:16:16,212 [DEBUG] [Thread-1 (_run_server)] [cli_server/cli_server.py:206]: CLI server stopped
2025-10-01 11:16:16,214 [DEBUG] [MainThread] [qasync._windows._EventPoller/_windows.py:220]: Stopping worker thread...
2025-10-01 11:16:16,227 [DEBUG] [Dummy-6] [qasync._windows._EventWorker/_windows.py:204]: Exiting thread
2025-10-01 11:16:16,231 [DEBUG] [MainThread] [qasync._windows._IocpProactor/_windows.py:78]: Closing
2025-10-01 11:16:18,294 [INFO] [MainThread] [root/log.py:59]: YASB v1.8.2
2025-10-01 11:16:18,295 [INFO] [Thread-1 (_run_server)] [cli_server/cli_server.py:212]: CLI server started v1.1.2
2025-10-01 11:16:18,296 [INFO] [MainThread] [cli_server/cli_server.py:104]: Log pipe server started
2025-10-01 11:16:18,816 [DEBUG] [MainThread] [tzlocal/win32.py:55]: Looking up time zone info from registry
2025-10-01 11:16:18,911 [DEBUG] [MainThread] [comtypes/__init__.py:149]: CoInitializeEx(None, 2)
2025-10-01 11:16:19,767 [INFO] [MainThread] [root/bar_manager.py:76]: Starting SystemEventListener...
2025-10-01 11:16:19,768 [INFO] [MainThread] [root/bar_manager.py:76]: Starting KomorebiEventListener...
2025-10-01 11:16:19,769 [INFO] [MainThread] [root/watcher.py:54]: Created file watcher for path C:\Users\Fahim Rifat\.config\yasb
2025-10-01 11:16:19,897 [INFO] [Dummy-5] [root/event_listener.py:51]: Created named pipe yasb-c3959f92-9e85-11f0-aaf5-bce92fdcd0ca
2025-10-01 11:16:20,003 [DEBUG] [MainThread] [qasync._windows._EventPoller/_windows.py:215]: Starting (proactor: <_IocpProactor overlapped#=0 result#=0>)...
2025-10-01 11:16:20,008 [DEBUG] [Dummy-9] [qasync._windows._EventWorker/_windows.py:195]: Thread started
2025-10-01 11:16:20,387 [INFO] [MainThread] [root/api.py:69]: Fetching new weather data at 2025-10-01 11:16:20.387438
2025-10-01 11:17:12,226 [INFO] [Thread-1 (_run_server)] [cli_server/cli_server.py:253]: CLI server received command: stop
2025-10-01 11:17:12,226 [INFO] [Thread-1 (_run_server)] [root/controller.py:35]: Exiting Application from CLI...
2025-10-01 11:17:12,331 [INFO] [Thread-1 (_run_server)] [cli_server/cli_server.py:112]: Log pipe server stopped
2025-10-01 11:17:12,331 [DEBUG] [Thread-1 (_run_server)] [cli_server/cli_server.py:206]: CLI server stopped
2025-10-01 11:17:12,333 [DEBUG] [MainThread] [qasync._windows._EventPoller/_windows.py:220]: Stopping worker thread...
2025-10-01 11:17:12,347 [DEBUG] [Dummy-9] [qasync._windows._EventWorker/_windows.py:204]: Exiting thread
2025-10-01 11:17:12,350 [DEBUG] [MainThread] [qasync._windows._IocpProactor/_windows.py:78]: Closing
2025-10-01 11:17:14,366 [INFO] [MainThread] [root/log.py:59]: YASB v1.8.2
2025-10-01 11:17:14,367 [INFO] [Thread-1 (_run_server)] [cli_server/cli_server.py:212]: CLI server started v1.1.2
2025-10-01 11:17:14,368 [INFO] [MainThread] [cli_server/cli_server.py:104]: Log pipe server started
2025-10-01 11:17:14,685 [DEBUG] [MainThread] [tzlocal/win32.py:55]: Looking up time zone info from registry
2025-10-01 11:17:14,888 [DEBUG] [MainThread] [comtypes/__init__.py:149]: CoInitializeEx(None, 2)
2025-10-01 11:17:17,025 [INFO] [MainThread] [root/bar_manager.py:76]: Starting SystemEventListener...
2025-10-01 11:17:17,025 [INFO] [MainThread] [root/bar_manager.py:76]: Starting KomorebiEventListener...
2025-10-01 11:17:17,026 [INFO] [MainThread] [root/watcher.py:54]: Created file watcher for path C:\Users\Fahim Rifat\.config\yasb
2025-10-01 11:17:17,047 [INFO] [Dummy-5] [root/event_listener.py:51]: Created named pipe yasb-e5b65ef3-9e85-11f0-a512-bce92fdcd0ca
2025-10-01 11:17:17,089 [DEBUG] [MainThread] [qasync._windows._EventPoller/_windows.py:215]: Starting (proactor: <_IocpProactor overlapped#=0 result#=0>)...
2025-10-01 11:17:17,092 [DEBUG] [Dummy-9] [qasync._windows._EventWorker/_windows.py:195]: Thread started
2025-10-01 11:17:17,321 [INFO] [MainThread] [root/api.py:69]: Fetching new weather data at 2025-10-01 11:17:17.321675
2025-10-01 11:17:55,485 [INFO] [Thread-1 (_run_server)] [cli_server/cli_server.py:253]: CLI server received command: stop
2025-10-01 11:17:55,485 [INFO] [Thread-1 (_run_server)] [root/controller.py:35]: Exiting Application from CLI...
2025-10-01 11:17:55,586 [INFO] [Thread-1 (_run_server)] [cli_server/cli_server.py:112]: Log pipe server stopped
2025-10-01 11:17:55,587 [DEBUG] [Thread-1 (_run_server)] [cli_server/cli_server.py:206]: CLI server stopped
2025-10-01 11:17:56,364 [DEBUG] [MainThread] [qasync._windows._EventPoller/_windows.py:220]: Stopping worker thread...
2025-10-01 11:17:56,369 [DEBUG] [Dummy-9] [qasync._windows._EventWorker/_windows.py:204]: Exiting thread
2025-10-01 11:17:56,373 [DEBUG] [MainThread] [qasync._windows._IocpProactor/_windows.py:78]: Closing
2025-10-01 11:17:57,729 [INFO] [MainThread] [root/log.py:59]: YASB v1.8.2
2025-10-01 11:17:57,730 [INFO] [Thread-1 (_run_server)] [cli_server/cli_server.py:212]: CLI server started v1.1.2
2025-10-01 11:17:57,731 [INFO] [MainThread] [cli_server/cli_server.py:104]: Log pipe server started
2025-10-01 11:17:58,040 [DEBUG] [MainThread] [tzlocal/win32.py:55]: Looking up time zone info from registry
2025-10-01 11:17:58,133 [DEBUG] [MainThread] [comtypes/__init__.py:149]: CoInitializeEx(None, 2)
2025-10-01 11:17:58,644 [INFO] [MainThread] [root/bar_manager.py:76]: Starting KomorebiEventListener...
2025-10-01 11:17:58,644 [INFO] [MainThread] [root/bar_manager.py:76]: Starting SystemEventListener...
2025-10-01 11:17:58,645 [INFO] [MainThread] [root/watcher.py:54]: Created file watcher for path C:\Users\Fahim Rifat\.config\yasb
2025-10-01 11:17:58,719 [INFO] [Dummy-5] [root/event_listener.py:51]: Created named pipe yasb-fe84d708-9e85-11f0-b79f-bce92fdcd0ca
2025-10-01 11:17:58,814 [DEBUG] [MainThread] [qasync._windows._EventPoller/_windows.py:215]: Starting (proactor: <_IocpProactor overlapped#=0 result#=0>)...
2025-10-01 11:17:58,821 [DEBUG] [Dummy-9] [qasync._windows._EventWorker/_windows.py:195]: Thread started
2025-10-01 11:17:59,064 [INFO] [MainThread] [root/api.py:69]: Fetching new weather data at 2025-10-01 11:17:59.063496
2025-10-01 11:18:03,441 [INFO] [Thread-1 (_run_server)] [cli_server/cli_server.py:253]: CLI server received command: stop
2025-10-01 11:18:03,442 [INFO] [Thread-1 (_run_server)] [root/controller.py:35]: Exiting Application from CLI...
2025-10-01 11:18:03,550 [INFO] [Thread-1 (_run_server)] [cli_server/cli_server.py:112]: Log pipe server stopped
2025-10-01 11:18:03,551 [DEBUG] [Thread-1 (_run_server)] [cli_server/cli_server.py:206]: CLI server stopped
2025-10-01 11:18:04,607 [DEBUG] [MainThread] [qasync._windows._EventPoller/_windows.py:220]: Stopping worker thread...
2025-10-01 11:18:04,608 [DEBUG] [Dummy-9] [qasync._windows._EventWorker/_windows.py:204]: Exiting thread
2025-10-01 11:18:04,610 [DEBUG] [MainThread] [qasync._windows._IocpProactor/_windows.py:78]: Closing
2025-10-01 11:18:05,220 [INFO] [MainThread] [root/log.py:59]: YASB v1.8.2
2025-10-01 11:18:05,221 [INFO] [Thread-1 (_run_server)] [cli_server/cli_server.py:212]: CLI server started v1.1.2
2025-10-01 11:18:05,222 [INFO] [MainThread] [cli_server/cli_server.py:104]: Log pipe server started
2025-10-01 11:18:05,455 [DEBUG] [MainThread] [tzlocal/win32.py:55]: Looking up time zone info from registry
2025-10-01 11:18:05,641 [DEBUG] [MainThread] [comtypes/__init__.py:149]: CoInitializeEx(None, 2)
2025-10-01 11:18:08,026 [INFO] [MainThread] [core.utils.widgets.taskbar.window_manager/window_manager.py:191]: TaskbarWindowManager is starting...
2025-10-01 11:18:08,033 [INFO] [MainThread] [root/bar_manager.py:76]: Starting SystemEventListener...
2025-10-01 11:18:08,033 [INFO] [MainThread] [root/bar_manager.py:76]: Starting KomorebiEventListener...
2025-10-01 11:18:08,034 [INFO] [MainThread] [root/watcher.py:54]: Created file watcher for path C:\Users\Fahim Rifat\.config\yasb
2025-10-01 11:18:08,057 [INFO] [Dummy-5] [root/event_listener.py:51]: Created named pipe yasb-041dbeac-9e86-11f0-9727-bce92fdcd0ca
2025-10-01 11:18:08,104 [DEBUG] [MainThread] [qasync._windows._EventPoller/_windows.py:215]: Starting (proactor: <_IocpProactor overlapped#=0 result#=0>)...
2025-10-01 11:18:08,106 [DEBUG] [Dummy-9] [qasync._windows._EventWorker/_windows.py:195]: Thread started
2025-10-01 11:18:08,283 [INFO] [MainThread] [root/api.py:69]: Fetching new weather data at 2025-10-01 11:18:08.283728
2025-10-01 11:18:45,017 [INFO] [Thread-1 (_run_server)] [cli_server/cli_server.py:253]: CLI server received command: stop
2025-10-01 11:18:45,017 [INFO] [Thread-1 (_run_server)] [root/controller.py:35]: Exiting Application from CLI...
2025-10-01 11:18:45,118 [INFO] [Thread-1 (_run_server)] [cli_server/cli_server.py:112]: Log pipe server stopped
2025-10-01 11:18:45,118 [DEBUG] [Thread-1 (_run_server)] [cli_server/cli_server.py:206]: CLI server stopped
2025-10-01 11:18:45,119 [DEBUG] [MainThread] [qasync._windows._EventPoller/_windows.py:220]: Stopping worker thread...
2025-10-01 11:18:45,134 [DEBUG] [Dummy-9] [qasync._windows._EventWorker/_windows.py:204]: Exiting thread
2025-10-01 11:18:45,138 [DEBUG] [MainThread] [qasync._windows._IocpProactor/_windows.py:78]: Closing
2025-10-01 11:18:45,206 [INFO] [MainThread] [core.utils.widgets.taskbar.window_manager/window_manager.py:218]: TaskbarWindowManager stopped
2025-10-01 11:18:46,677 [INFO] [MainThread] [root/log.py:59]: YASB v1.8.2
2025-10-01 11:18:46,678 [INFO] [Thread-1 (_run_server)] [cli_server/cli_server.py:212]: CLI server started v1.1.2
2025-10-01 11:18:46,678 [INFO] [MainThread] [cli_server/cli_server.py:104]: Log pipe server started
2025-10-01 11:18:46,950 [DEBUG] [MainThread] [tzlocal/win32.py:55]: Looking up time zone info from registry
2025-10-01 11:18:47,044 [DEBUG] [MainThread] [comtypes/__init__.py:149]: CoInitializeEx(None, 2)
2025-10-01 11:18:49,625 [INFO] [MainThread] [root/bar_manager.py:76]: Starting SystemEventListener...
2025-10-01 11:18:49,625 [INFO] [MainThread] [root/bar_manager.py:76]: Starting KomorebiEventListener...
2025-10-01 11:18:49,626 [INFO] [MainThread] [root/watcher.py:54]: Created file watcher for path C:\Users\Fahim Rifat\.config\yasb
2025-10-01 11:18:49,660 [INFO] [Dummy-8] [root/event_listener.py:51]: Created named pipe yasb-1ce80c18-9e86-11f0-b810-bce92fdcd0ca
2025-10-01 11:18:49,721 [DEBUG] [MainThread] [qasync._windows._EventPoller/_windows.py:215]: Starting (proactor: <_IocpProactor overlapped#=0 result#=0>)...
2025-10-01 11:18:49,723 [DEBUG] [Dummy-12] [qasync._windows._EventWorker/_windows.py:195]: Thread started
2025-10-01 11:18:49,974 [INFO] [MainThread] [root/api.py:69]: Fetching new weather data at 2025-10-01 11:18:49.974040
2025-10-01 11:19:10,505 [INFO] [Thread-1 (_run_server)] [cli_server/cli_server.py:253]: CLI server received command: stop
2025-10-01 11:19:10,505 [INFO] [Thread-1 (_run_server)] [root/controller.py:35]: Exiting Application from CLI...
2025-10-01 11:19:10,615 [INFO] [Thread-1 (_run_server)] [cli_server/cli_server.py:112]: Log pipe server stopped
2025-10-01 11:19:10,615 [DEBUG] [Thread-1 (_run_server)] [cli_server/cli_server.py:206]: CLI server stopped
2025-10-01 11:19:10,616 [DEBUG] [MainThread] [qasync._windows._EventPoller/_windows.py:220]: Stopping worker thread...
2025-10-01 11:19:10,630 [DEBUG] [Dummy-12] [qasync._windows._EventWorker/_windows.py:204]: Exiting thread
2025-10-01 11:19:10,637 [DEBUG] [MainThread] [qasync._windows._IocpProactor/_windows.py:78]: Closing
2025-10-01 11:19:12,091 [INFO] [MainThread] [root/log.py:59]: YASB v1.8.2
2025-10-01 11:19:12,092 [INFO] [Thread-1 (_run_server)] [cli_server/cli_server.py:212]: CLI server started v1.1.2
2025-10-01 11:19:12,093 [INFO] [MainThread] [cli_server/cli_server.py:104]: Log pipe server started
2025-10-01 11:19:12,488 [DEBUG] [MainThread] [tzlocal/win32.py:55]: Looking up time zone info from registry
2025-10-01 11:19:13,946 [INFO] [MainThread] [root/bar_manager.py:76]: Starting KomorebiEventListener...
2025-10-01 11:19:13,946 [INFO] [MainThread] [root/watcher.py:54]: Created file watcher for path C:\Users\Fahim Rifat\.config\yasb
2025-10-01 11:19:13,947 [INFO] [Dummy-5] [root/event_listener.py:51]: Created named pipe yasb-2b66fcb7-9e86-11f0-b82e-bce92fdcd0ca
2025-10-01 11:19:14,001 [DEBUG] [MainThread] [qasync._windows._EventPoller/_windows.py:215]: Starting (proactor: <_IocpProactor overlapped#=0 result#=0>)...
2025-10-01 11:19:14,003 [DEBUG] [Dummy-9] [qasync._windows._EventWorker/_windows.py:195]: Thread started
2025-10-01 11:19:14,416 [INFO] [MainThread] [root/api.py:69]: Fetching new weather data at 2025-10-01 11:19:14.416387
2025-10-01 11:20:57,648 [INFO] [MainThread] [root/controller.py:15]: Reloading Application because of config change.
2025-10-01 11:20:57,756 [INFO] [MainThread] [cli_server/cli_server.py:112]: Log pipe server stopped
2025-10-01 11:20:57,757 [DEBUG] [MainThread] [cli_server/cli_server.py:206]: CLI server stopped
2025-10-01 11:20:57,766 [INFO] [MainThread] [root/bar_manager.py:83]: Stopping KomorebiEventListener...
2025-10-01 11:20:57,769 [INFO] [MainThread] [root/bar_manager.py:67]: Successfully loaded updated config and re-initialised all bars.
2025-10-01 11:20:57,770 [DEBUG] [MainThread] [qasync._windows._EventPoller/_windows.py:220]: Stopping worker thread...
2025-10-01 11:20:57,772 [DEBUG] [Dummy-9] [qasync._windows._EventWorker/_windows.py:204]: Exiting thread
2025-10-01 11:20:57,774 [DEBUG] [MainThread] [qasync._windows._IocpProactor/_windows.py:78]: Closing
2025-10-01 11:20:58,491 [INFO] [MainThread] [root/log.py:59]: YASB v1.8.2
2025-10-01 11:20:58,491 [INFO] [Thread-1 (_run_server)] [cli_server/cli_server.py:212]: CLI server started v1.1.2
2025-10-01 11:20:58,491 [INFO] [MainThread] [cli_server/cli_server.py:104]: Log pipe server started
2025-10-01 11:20:58,869 [DEBUG] [MainThread] [tzlocal/win32.py:55]: Looking up time zone info from registry
2025-10-01 11:20:59,017 [DEBUG] [MainThread] [comtypes/__init__.py:149]: CoInitializeEx(None, 2)
2025-10-01 11:20:59,178 [WARNING] [MainThread] [root/widget_builder.py:40]: No widget config could be found for widget 'WiFi
2025-10-01 11:21:01,248 [INFO] [MainThread] [root/bar_manager.py:76]: Starting SystemEventListener...
2025-10-01 11:21:01,248 [ERROR] [MainThread] [root/widget_builder.py:86]: Failed to add undefined widget(s)  - The widget "WiFi" is undefined.
2025-10-01 11:21:01,322 [INFO] [MainThread] [root/watcher.py:54]: Created file watcher for path C:\Users\Fahim Rifat\.config\yasb
2025-10-01 11:21:01,402 [DEBUG] [MainThread] [qasync._windows._EventPoller/_windows.py:215]: Starting (proactor: <_IocpProactor overlapped#=0 result#=0>)...
2025-10-01 11:21:01,404 [DEBUG] [Dummy-6] [qasync._windows._EventWorker/_windows.py:195]: Thread started
2025-10-01 11:21:23,889 [INFO] [MainThread] [root/controller.py:15]: Reloading Application because of config change.
2025-10-01 11:21:23,992 [INFO] [MainThread] [cli_server/cli_server.py:112]: Log pipe server stopped
2025-10-01 11:21:23,992 [DEBUG] [MainThread] [cli_server/cli_server.py:206]: CLI server stopped
2025-10-01 11:21:24,003 [INFO] [MainThread] [root/bar_manager.py:83]: Stopping SystemEventListener...
2025-10-01 11:21:24,003 [INFO] [MainThread] [root/bar_manager.py:67]: Successfully loaded updated config and re-initialised all bars.
2025-10-01 11:21:24,003 [DEBUG] [MainThread] [qasync._windows._EventPoller/_windows.py:220]: Stopping worker thread...
2025-10-01 11:21:24,008 [DEBUG] [Dummy-6] [qasync._windows._EventWorker/_windows.py:204]: Exiting thread
2025-10-01 11:21:24,009 [DEBUG] [MainThread] [qasync._windows._IocpProactor/_windows.py:78]: Closing
2025-10-01 11:21:25,462 [INFO] [MainThread] [root/log.py:59]: YASB v1.8.2
2025-10-01 11:21:25,463 [INFO] [Thread-1 (_run_server)] [cli_server/cli_server.py:212]: CLI server started v1.1.2
2025-10-01 11:21:25,464 [INFO] [MainThread] [cli_server/cli_server.py:104]: Log pipe server started
2025-10-01 11:21:25,927 [DEBUG] [MainThread] [tzlocal/win32.py:55]: Looking up time zone info from registry
2025-10-01 11:21:26,068 [DEBUG] [MainThread] [comtypes/__init__.py:149]: CoInitializeEx(None, 2)
2025-10-01 11:21:28,351 [INFO] [MainThread] [root/bar_manager.py:76]: Starting SystemEventListener...
2025-10-01 11:21:28,353 [INFO] [MainThread] [root/watcher.py:54]: Created file watcher for path C:\Users\Fahim Rifat\.config\yasb
2025-10-01 11:21:28,453 [DEBUG] [MainThread] [qasync._windows._EventPoller/_windows.py:215]: Starting (proactor: <_IocpProactor overlapped#=0 result#=0>)...
2025-10-01 11:21:28,455 [DEBUG] [Dummy-6] [qasync._windows._EventWorker/_windows.py:195]: Thread started
2025-10-01 11:37:06,297 [INFO] [MainThread] [root/log.py:59]: YASB v1.8.2
2025-10-01 11:37:06,299 [INFO] [Thread-1 (_run_server)] [cli_server/cli_server.py:212]: CLI server started v1.1.2
2025-10-01 11:37:06,299 [INFO] [MainThread] [cli_server/cli_server.py:104]: Log pipe server started
2025-10-01 11:37:08,068 [DEBUG] [MainThread] [tzlocal/win32.py:55]: Looking up time zone info from registry
2025-10-01 11:37:12,926 [DEBUG] [MainThread] [comtypes/__init__.py:149]: CoInitializeEx(None, 2)
2025-10-01 11:37:16,081 [INFO] [MainThread] [root/bar_manager.py:76]: Starting SystemEventListener...
2025-10-01 11:37:16,081 [INFO] [MainThread] [root/watcher.py:54]: Created file watcher for path C:\Users\Fahim Rifat\.config\yasb
2025-10-01 11:37:16,284 [DEBUG] [MainThread] [qasync._windows._EventPoller/_windows.py:215]: Starting (proactor: <_IocpProactor overlapped#=0 result#=0>)...
2025-10-01 11:37:16,284 [DEBUG] [Dummy-6] [qasync._windows._EventWorker/_windows.py:195]: Thread started
2025-10-01 11:39:14,508 [INFO] [MainThread] [root/log.py:59]: YASB v1.8.2
2025-10-01 11:39:14,509 [INFO] [Thread-1 (_run_server)] [cli_server/cli_server.py:212]: CLI server started v1.1.2
2025-10-01 11:39:14,510 [INFO] [MainThread] [cli_server/cli_server.py:104]: Log pipe server started
2025-10-01 11:39:14,510 [ERROR] [MainThread] [root/main.py:77]: Another instance of the YASB is already running.
2025-10-01 11:43:18,448 [INFO] [MainThread] [root/controller.py:15]: Reloading Application because of config change.
2025-10-01 11:43:18,555 [INFO] [MainThread] [cli_server/cli_server.py:112]: Log pipe server stopped
2025-10-01 11:43:18,555 [DEBUG] [MainThread] [cli_server/cli_server.py:206]: CLI server stopped
2025-10-01 11:43:18,562 [INFO] [MainThread] [root/bar_manager.py:83]: Stopping SystemEventListener...
2025-10-01 11:43:18,563 [INFO] [MainThread] [root/bar_manager.py:67]: Successfully loaded updated config and re-initialised all bars.
2025-10-01 11:43:18,563 [DEBUG] [MainThread] [qasync._windows._EventPoller/_windows.py:220]: Stopping worker thread...
2025-10-01 11:43:18,571 [DEBUG] [Dummy-6] [qasync._windows._EventWorker/_windows.py:204]: Exiting thread
2025-10-01 11:43:18,573 [DEBUG] [MainThread] [qasync._windows._IocpProactor/_windows.py:78]: Closing
2025-10-01 11:43:20,120 [INFO] [MainThread] [root/log.py:59]: YASB v1.8.2
2025-10-01 11:43:20,121 [INFO] [Thread-1 (_run_server)] [cli_server/cli_server.py:212]: CLI server started v1.1.2
2025-10-01 11:43:20,122 [INFO] [MainThread] [cli_server/cli_server.py:104]: Log pipe server started
2025-10-01 11:43:21,227 [DEBUG] [MainThread] [tzlocal/win32.py:55]: Looking up time zone info from registry
2025-10-01 11:43:24,127 [DEBUG] [MainThread] [comtypes/__init__.py:149]: CoInitializeEx(None, 2)
2025-10-01 11:43:26,325 [INFO] [MainThread] [root/bar_manager.py:76]: Starting SystemEventListener...
2025-10-01 11:43:26,326 [INFO] [MainThread] [root/watcher.py:54]: Created file watcher for path C:\Users\Fahim Rifat\.config\yasb
2025-10-01 11:43:26,432 [DEBUG] [MainThread] [qasync._windows._EventPoller/_windows.py:215]: Starting (proactor: <_IocpProactor overlapped#=0 result#=0>)...
2025-10-01 11:43:26,434 [DEBUG] [Dummy-6] [qasync._windows._EventWorker/_windows.py:195]: Thread started
2025-10-01 11:43:41,384 [INFO] [MainThread] [root/controller.py:15]: Reloading Application because of config change.
2025-10-01 11:43:41,489 [INFO] [MainThread] [cli_server/cli_server.py:112]: Log pipe server stopped
2025-10-01 11:43:41,489 [DEBUG] [MainThread] [cli_server/cli_server.py:206]: CLI server stopped
2025-10-01 11:43:41,496 [INFO] [MainThread] [root/bar_manager.py:83]: Stopping SystemEventListener...
2025-10-01 11:43:41,497 [INFO] [MainThread] [root/bar_manager.py:67]: Successfully loaded updated config and re-initialised all bars.
2025-10-01 11:43:41,498 [DEBUG] [MainThread] [qasync._windows._EventPoller/_windows.py:220]: Stopping worker thread...
2025-10-01 11:43:41,504 [DEBUG] [Dummy-6] [qasync._windows._EventWorker/_windows.py:204]: Exiting thread
2025-10-01 11:43:41,505 [DEBUG] [MainThread] [qasync._windows._IocpProactor/_windows.py:78]: Closing
2025-10-01 11:43:42,997 [INFO] [MainThread] [root/log.py:59]: YASB v1.8.2
2025-10-01 11:43:42,997 [INFO] [Thread-1 (_run_server)] [cli_server/cli_server.py:212]: CLI server started v1.1.2
2025-10-01 11:43:42,998 [INFO] [MainThread] [cli_server/cli_server.py:104]: Log pipe server started
2025-10-01 11:43:43,363 [DEBUG] [MainThread] [tzlocal/win32.py:55]: Looking up time zone info from registry
2025-10-01 11:43:43,517 [DEBUG] [MainThread] [comtypes/__init__.py:149]: CoInitializeEx(None, 2)
2025-10-01 11:43:44,792 [INFO] [MainThread] [root/bar_manager.py:76]: Starting SystemEventListener...
2025-10-01 11:43:44,793 [INFO] [MainThread] [root/watcher.py:54]: Created file watcher for path C:\Users\Fahim Rifat\.config\yasb
2025-10-01 11:43:44,885 [DEBUG] [MainThread] [qasync._windows._EventPoller/_windows.py:215]: Starting (proactor: <_IocpProactor overlapped#=0 result#=0>)...
2025-10-01 11:43:44,887 [DEBUG] [Dummy-6] [qasync._windows._EventWorker/_windows.py:195]: Thread started
2025-10-01 11:54:58,451 [INFO] [MainThread] [root/controller.py:35]: Exiting Application...
2025-10-01 11:54:58,559 [INFO] [MainThread] [cli_server/cli_server.py:112]: Log pipe server stopped
2025-10-01 11:54:58,559 [DEBUG] [MainThread] [cli_server/cli_server.py:206]: CLI server stopped
2025-10-01 11:54:58,559 [INFO] [MainThread] [root/bar_manager.py:83]: Stopping SystemEventListener...
2025-10-01 11:54:58,569 [DEBUG] [MainThread] [qasync._windows._EventPoller/_windows.py:220]: Stopping worker thread...
2025-10-01 11:54:58,574 [DEBUG] [Dummy-6] [qasync._windows._EventWorker/_windows.py:204]: Exiting thread
2025-10-01 11:54:58,575 [DEBUG] [MainThread] [qasync._windows._IocpProactor/_windows.py:78]: Closing
2025-10-01 11:59:16,987 [INFO] [MainThread] [root/log.py:59]: YASB v1.8.2
2025-10-01 11:59:16,989 [INFO] [Thread-1 (_run_server)] [cli_server/cli_server.py:212]: CLI server started v1.1.2
2025-10-01 11:59:16,989 [INFO] [MainThread] [cli_server/cli_server.py:104]: Log pipe server started
2025-10-01 11:59:18,157 [DEBUG] [MainThread] [tzlocal/win32.py:55]: Looking up time zone info from registry
2025-10-01 11:59:22,899 [DEBUG] [MainThread] [comtypes/__init__.py:149]: CoInitializeEx(None, 2)
2025-10-01 11:59:25,925 [INFO] [MainThread] [root/bar_manager.py:76]: Starting SystemEventListener...
2025-10-01 11:59:25,925 [INFO] [MainThread] [root/watcher.py:54]: Created file watcher for path C:\Users\Fahim Rifat\.config\yasb
2025-10-01 11:59:26,058 [DEBUG] [MainThread] [qasync._windows._EventPoller/_windows.py:215]: Starting (proactor: <_IocpProactor overlapped#=0 result#=0>)...
2025-10-01 11:59:26,058 [DEBUG] [Dummy-6] [qasync._windows._EventWorker/_windows.py:195]: Thread started
2025-10-01 11:59:34,590 [INFO] [MainThread] [root/log.py:59]: YASB v1.8.2
2025-10-01 11:59:34,591 [INFO] [Thread-1 (_run_server)] [cli_server/cli_server.py:212]: CLI server started v1.1.2
2025-10-01 11:59:34,591 [INFO] [MainThread] [cli_server/cli_server.py:104]: Log pipe server started
2025-10-01 11:59:34,592 [ERROR] [MainThread] [root/main.py:77]: Another instance of the YASB is already running.
2025-10-01 22:11:31,015 [INFO] [MainThread] [root/log.py:59]: YASB v1.8.2
2025-10-01 22:11:31,017 [INFO] [Thread-1 (_run_server)] [cli_server/cli_server.py:212]: CLI server started v1.1.2
2025-10-01 22:11:31,017 [INFO] [MainThread] [cli_server/cli_server.py:104]: Log pipe server started
2025-10-01 22:11:32,189 [DEBUG] [MainThread] [tzlocal/win32.py:55]: Looking up time zone info from registry
2025-10-01 22:11:36,705 [DEBUG] [MainThread] [comtypes/__init__.py:149]: CoInitializeEx(None, 2)
2025-10-01 22:11:40,330 [INFO] [MainThread] [root/bar_manager.py:76]: Starting SystemEventListener...
2025-10-01 22:11:40,330 [INFO] [MainThread] [root/watcher.py:54]: Created file watcher for path C:\Users\Fahim Rifat\.config\yasb
2025-10-01 22:11:40,440 [DEBUG] [MainThread] [qasync._windows._EventPoller/_windows.py:215]: Starting (proactor: <_IocpProactor overlapped#=0 result#=0>)...
2025-10-01 22:11:40,440 [DEBUG] [Dummy-6] [qasync._windows._EventWorker/_windows.py:195]: Thread started
2025-10-01 22:12:39,189 [INFO] [MainThread] [root/log.py:59]: YASB v1.8.2
2025-10-01 22:12:39,190 [INFO] [Thread-1 (_run_server)] [cli_server/cli_server.py:212]: CLI server started v1.1.2
2025-10-01 22:12:39,191 [INFO] [MainThread] [cli_server/cli_server.py:104]: Log pipe server started
2025-10-01 22:12:39,191 [ERROR] [MainThread] [root/main.py:77]: Another instance of the YASB is already running.
2025-10-01 22:44:58,784 [INFO] [MainThread] [root/log.py:59]: YASB v1.8.2
2025-10-01 22:44:58,800 [INFO] [Thread-1 (_run_server)] [cli_server/cli_server.py:212]: CLI server started v1.1.2
2025-10-01 22:44:58,800 [INFO] [MainThread] [cli_server/cli_server.py:104]: Log pipe server started
2025-10-01 22:44:59,990 [DEBUG] [MainThread] [tzlocal/win32.py:55]: Looking up time zone info from registry
2025-10-01 22:45:04,491 [DEBUG] [MainThread] [comtypes/__init__.py:149]: CoInitializeEx(None, 2)
2025-10-01 22:45:08,194 [INFO] [MainThread] [root/bar_manager.py:76]: Starting SystemEventListener...
2025-10-01 22:45:08,194 [INFO] [MainThread] [root/watcher.py:54]: Created file watcher for path C:\Users\Fahim Rifat\.config\yasb
2025-10-01 22:45:08,305 [DEBUG] [MainThread] [qasync._windows._EventPoller/_windows.py:215]: Starting (proactor: <_IocpProactor overlapped#=0 result#=0>)...
2025-10-01 22:45:08,305 [DEBUG] [Dummy-6] [qasync._windows._EventWorker/_windows.py:195]: Thread started
2025-10-01 22:45:26,219 [INFO] [MainThread] [root/log.py:59]: YASB v1.8.2
2025-10-01 22:45:26,220 [INFO] [Thread-1 (_run_server)] [cli_server/cli_server.py:212]: CLI server started v1.1.2
2025-10-01 22:45:26,220 [INFO] [MainThread] [cli_server/cli_server.py:104]: Log pipe server started
2025-10-01 22:45:26,221 [ERROR] [MainThread] [root/main.py:77]: Another instance of the YASB is already running.
2025-10-02 16:45:37,476 [INFO] [MainThread] [root/log.py:59]: YASB v1.8.2
2025-10-02 16:45:37,476 [INFO] [Thread-1 (_run_server)] [cli_server/cli_server.py:212]: CLI server started v1.1.2
2025-10-02 16:45:37,476 [INFO] [MainThread] [cli_server/cli_server.py:104]: Log pipe server started
2025-10-02 16:45:39,507 [DEBUG] [MainThread] [tzlocal/win32.py:55]: Looking up time zone info from registry
2025-10-02 16:45:45,156 [DEBUG] [MainThread] [comtypes/__init__.py:149]: CoInitializeEx(None, 2)
2025-10-02 16:45:48,364 [INFO] [MainThread] [root/bar_manager.py:76]: Starting SystemEventListener...
2025-10-02 16:45:48,364 [INFO] [MainThread] [root/watcher.py:54]: Created file watcher for path C:\Users\Fahim Rifat\.config\yasb
2025-10-02 16:45:48,479 [DEBUG] [MainThread] [qasync._windows._EventPoller/_windows.py:215]: Starting (proactor: <_IocpProactor overlapped#=0 result#=0>)...
2025-10-02 16:45:48,479 [DEBUG] [Dummy-6] [qasync._windows._EventWorker/_windows.py:195]: Thread started
2025-10-02 16:47:13,504 [INFO] [MainThread] [root/log.py:59]: YASB v1.8.2
2025-10-02 16:47:13,505 [INFO] [Thread-1 (_run_server)] [cli_server/cli_server.py:212]: CLI server started v1.1.2
2025-10-02 16:47:13,506 [INFO] [MainThread] [cli_server/cli_server.py:104]: Log pipe server started
2025-10-02 16:47:13,506 [ERROR] [MainThread] [root/main.py:77]: Another instance of the YASB is already running.
2025-10-02 17:11:50,595 [INFO] [MainThread] [root/bar_manager.py:83]: Stopping SystemEventListener...
2025-10-02 17:13:26,370 [INFO] [MainThread] [root/log.py:59]: YASB v1.8.2
2025-10-02 17:13:26,370 [INFO] [Thread-1 (_run_server)] [cli_server/cli_server.py:212]: CLI server started v1.1.2
2025-10-02 17:13:26,370 [INFO] [MainThread] [cli_server/cli_server.py:104]: Log pipe server started
2025-10-02 17:13:27,567 [DEBUG] [MainThread] [tzlocal/win32.py:55]: Looking up time zone info from registry
2025-10-02 17:13:32,143 [DEBUG] [MainThread] [comtypes/__init__.py:149]: CoInitializeEx(None, 2)
2025-10-02 17:13:35,027 [INFO] [MainThread] [root/bar_manager.py:76]: Starting SystemEventListener...
2025-10-02 17:13:35,027 [INFO] [MainThread] [root/watcher.py:54]: Created file watcher for path C:\Users\Fahim Rifat\.config\yasb
2025-10-02 17:13:35,148 [DEBUG] [MainThread] [qasync._windows._EventPoller/_windows.py:215]: Starting (proactor: <_IocpProactor overlapped#=0 result#=0>)...
2025-10-02 17:13:35,148 [DEBUG] [Dummy-6] [qasync._windows._EventWorker/_windows.py:195]: Thread started
2025-10-02 17:13:53,075 [INFO] [MainThread] [root/log.py:59]: YASB v1.8.2
2025-10-02 17:13:53,076 [INFO] [Thread-1 (_run_server)] [cli_server/cli_server.py:212]: CLI server started v1.1.2
2025-10-02 17:13:53,076 [INFO] [MainThread] [cli_server/cli_server.py:104]: Log pipe server started
2025-10-02 17:13:53,076 [ERROR] [MainThread] [root/main.py:77]: Another instance of the YASB is already running.
2025-10-02 17:14:13,205 [INFO] [MainThread] [root/controller.py:35]: Exiting Application...
2025-10-02 17:14:13,315 [INFO] [MainThread] [cli_server/cli_server.py:112]: Log pipe server stopped
2025-10-02 17:14:13,315 [DEBUG] [MainThread] [cli_server/cli_server.py:206]: CLI server stopped
2025-10-02 17:14:13,315 [INFO] [MainThread] [root/bar_manager.py:83]: Stopping SystemEventListener...
2025-10-02 17:14:13,325 [DEBUG] [MainThread] [qasync._windows._EventPoller/_windows.py:220]: Stopping worker thread...
2025-10-02 17:14:13,331 [DEBUG] [Dummy-6] [qasync._windows._EventWorker/_windows.py:204]: Exiting thread
2025-10-02 17:14:13,332 [DEBUG] [MainThread] [qasync._windows._IocpProactor/_windows.py:78]: Closing
2025-10-02 17:55:39,826 [INFO] [MainThread] [root/log.py:59]: YASB v1.8.2
2025-10-02 17:55:39,837 [INFO] [Thread-1 (_run_server)] [cli_server/cli_server.py:212]: CLI server started v1.1.2
2025-10-02 17:55:39,837 [INFO] [MainThread] [cli_server/cli_server.py:104]: Log pipe server started
2025-10-02 17:55:40,927 [DEBUG] [MainThread] [tzlocal/win32.py:55]: Looking up time zone info from registry
2025-10-02 17:55:42,623 [DEBUG] [MainThread] [comtypes/__init__.py:149]: CoInitializeEx(None, 2)
2025-10-02 17:55:46,047 [INFO] [MainThread] [root/bar_manager.py:76]: Starting SystemEventListener...
2025-10-02 17:55:46,047 [INFO] [MainThread] [root/watcher.py:54]: Created file watcher for path C:\Users\Fahim Rifat\.config\yasb
2025-10-02 17:55:46,142 [DEBUG] [MainThread] [qasync._windows._EventPoller/_windows.py:215]: Starting (proactor: <_IocpProactor overlapped#=0 result#=0>)...
2025-10-02 17:55:46,158 [DEBUG] [Dummy-6] [qasync._windows._EventWorker/_windows.py:195]: Thread started
2025-10-02 17:56:01,224 [INFO] [MainThread] [root/log.py:59]: YASB v1.8.2
2025-10-02 17:56:01,226 [INFO] [Thread-1 (_run_server)] [cli_server/cli_server.py:212]: CLI server started v1.1.2
2025-10-02 17:56:01,226 [INFO] [MainThread] [cli_server/cli_server.py:104]: Log pipe server started
2025-10-02 17:56:01,226 [ERROR] [MainThread] [root/main.py:77]: Another instance of the YASB is already running.
2025-10-03 00:01:44,900 [INFO] [MainThread] [root/controller.py:35]: Exiting Application...
2025-10-03 00:01:45,014 [INFO] [MainThread] [cli_server/cli_server.py:112]: Log pipe server stopped
2025-10-03 00:01:45,014 [DEBUG] [MainThread] [cli_server/cli_server.py:206]: CLI server stopped
2025-10-03 00:01:45,015 [INFO] [MainThread] [root/bar_manager.py:83]: Stopping SystemEventListener...
2025-10-03 00:01:45,047 [DEBUG] [MainThread] [qasync._windows._EventPoller/_windows.py:220]: Stopping worker thread...
2025-10-03 00:01:45,060 [DEBUG] [Dummy-6] [qasync._windows._EventWorker/_windows.py:204]: Exiting thread
2025-10-03 00:01:45,066 [DEBUG] [MainThread] [qasync._windows._IocpProactor/_windows.py:78]: Closing
2025-10-03 11:46:05,242 [INFO] [MainThread] [root/log.py:59]: YASB v1.8.2
2025-10-03 11:46:05,242 [INFO] [Thread-1 (_run_server)] [cli_server/cli_server.py:212]: CLI server started v1.1.2
2025-10-03 11:46:05,242 [INFO] [MainThread] [cli_server/cli_server.py:104]: Log pipe server started
2025-10-03 11:46:06,175 [DEBUG] [MainThread] [tzlocal/win32.py:55]: Looking up time zone info from registry
2025-10-03 11:46:10,728 [DEBUG] [MainThread] [comtypes/__init__.py:149]: CoInitializeEx(None, 2)
2025-10-03 11:46:14,332 [INFO] [MainThread] [root/bar_manager.py:76]: Starting SystemEventListener...
2025-10-03 11:46:14,334 [INFO] [MainThread] [root/watcher.py:54]: Created file watcher for path C:\Users\Fahim Rifat\.config\yasb
2025-10-03 11:46:14,486 [DEBUG] [MainThread] [qasync._windows._EventPoller/_windows.py:215]: Starting (proactor: <_IocpProactor overlapped#=0 result#=0>)...
2025-10-03 11:46:14,489 [DEBUG] [Dummy-6] [qasync._windows._EventWorker/_windows.py:195]: Thread started
2025-10-03 11:46:14,637 [WARNING] [Thread-5 (check_for_update)] [root/update_check.py:50]: UpdateCheckService Failed to check for updates: Network error.
2025-10-03 11:46:26,594 [INFO] [MainThread] [root/log.py:59]: YASB v1.8.2
2025-10-03 11:46:26,594 [INFO] [Thread-1 (_run_server)] [cli_server/cli_server.py:212]: CLI server started v1.1.2
2025-10-03 11:46:26,595 [INFO] [MainThread] [cli_server/cli_server.py:104]: Log pipe server started
2025-10-03 11:46:26,595 [ERROR] [MainThread] [root/main.py:77]: Another instance of the YASB is already running.
2025-10-03 11:48:44,390 [INFO] [MainThread] [root/controller.py:15]: Reloading Application because of config change.
2025-10-03 11:48:44,506 [INFO] [MainThread] [cli_server/cli_server.py:112]: Log pipe server stopped
2025-10-03 11:48:44,506 [DEBUG] [MainThread] [cli_server/cli_server.py:206]: CLI server stopped
2025-10-03 11:48:44,521 [INFO] [MainThread] [root/bar_manager.py:83]: Stopping SystemEventListener...
2025-10-03 11:48:44,525 [INFO] [MainThread] [root/bar_manager.py:67]: Successfully loaded updated config and re-initialised all bars.
2025-10-03 11:48:44,525 [DEBUG] [MainThread] [qasync._windows._EventPoller/_windows.py:220]: Stopping worker thread...
2025-10-03 11:48:44,537 [DEBUG] [Dummy-6] [qasync._windows._EventWorker/_windows.py:204]: Exiting thread
2025-10-03 11:48:44,549 [DEBUG] [MainThread] [qasync._windows._IocpProactor/_windows.py:78]: Closing
2025-10-03 11:48:46,911 [INFO] [MainThread] [root/log.py:59]: YASB v1.8.2
2025-10-03 11:48:46,915 [INFO] [Thread-1 (_run_server)] [cli_server/cli_server.py:212]: CLI server started v1.1.2
2025-10-03 11:48:46,922 [INFO] [MainThread] [cli_server/cli_server.py:104]: Log pipe server started
2025-10-03 11:48:48,321 [DEBUG] [MainThread] [tzlocal/win32.py:55]: Looking up time zone info from registry
2025-10-03 11:48:49,051 [DEBUG] [MainThread] [comtypes/__init__.py:149]: CoInitializeEx(None, 2)
2025-10-03 11:48:51,688 [INFO] [MainThread] [root/bar_manager.py:76]: Starting SystemEventListener...
2025-10-03 11:48:51,690 [INFO] [MainThread] [root/watcher.py:54]: Created file watcher for path C:\Users\Fahim Rifat\.config\yasb
2025-10-03 11:48:51,804 [DEBUG] [MainThread] [qasync._windows._EventPoller/_windows.py:215]: Starting (proactor: <_IocpProactor overlapped#=0 result#=0>)...
2025-10-03 11:48:51,805 [DEBUG] [Dummy-6] [qasync._windows._EventWorker/_windows.py:195]: Thread started
2025-10-03 12:02:54,204 [INFO] [MainThread] [root/controller.py:15]: Reloading Application because of config change.
2025-10-03 12:02:54,308 [INFO] [MainThread] [cli_server/cli_server.py:112]: Log pipe server stopped
2025-10-03 12:02:54,308 [DEBUG] [MainThread] [cli_server/cli_server.py:206]: CLI server stopped
2025-10-03 12:02:54,390 [INFO] [MainThread] [root/bar_manager.py:83]: Stopping SystemEventListener...
2025-10-03 12:02:54,391 [INFO] [MainThread] [root/bar_manager.py:67]: Successfully loaded updated config and re-initialised all bars.
2025-10-03 12:02:54,392 [DEBUG] [MainThread] [qasync._windows._EventPoller/_windows.py:220]: Stopping worker thread...
2025-10-03 12:02:54,401 [DEBUG] [Dummy-6] [qasync._windows._EventWorker/_windows.py:204]: Exiting thread
2025-10-03 12:02:54,403 [DEBUG] [MainThread] [qasync._windows._IocpProactor/_windows.py:78]: Closing
2025-10-03 12:02:55,214 [INFO] [MainThread] [root/log.py:59]: YASB v1.8.2
2025-10-03 12:02:55,215 [INFO] [Thread-1 (_run_server)] [cli_server/cli_server.py:212]: CLI server started v1.1.2
2025-10-03 12:02:55,215 [INFO] [MainThread] [cli_server/cli_server.py:104]: Log pipe server started
2025-10-03 12:02:55,589 [DEBUG] [MainThread] [tzlocal/win32.py:55]: Looking up time zone info from registry
2025-10-03 12:02:55,738 [DEBUG] [MainThread] [comtypes/__init__.py:149]: CoInitializeEx(None, 2)
2025-10-03 12:02:57,412 [INFO] [MainThread] [root/bar_manager.py:76]: Starting SystemEventListener...
2025-10-03 12:02:57,414 [INFO] [MainThread] [root/watcher.py:54]: Created file watcher for path C:\Users\Fahim Rifat\.config\yasb
2025-10-03 12:02:57,549 [DEBUG] [MainThread] [qasync._windows._EventPoller/_windows.py:215]: Starting (proactor: <_IocpProactor overlapped#=0 result#=0>)...
2025-10-03 12:02:57,551 [DEBUG] [Dummy-6] [qasync._windows._EventWorker/_windows.py:195]: Thread started
2025-10-03 12:03:29,334 [INFO] [MainThread] [root/controller.py:15]: Reloading Application because of config change.
2025-10-03 12:03:29,442 [INFO] [MainThread] [cli_server/cli_server.py:112]: Log pipe server stopped
2025-10-03 12:03:29,442 [DEBUG] [MainThread] [cli_server/cli_server.py:206]: CLI server stopped
2025-10-03 12:03:29,449 [INFO] [MainThread] [root/bar_manager.py:83]: Stopping SystemEventListener...
2025-10-03 12:03:29,449 [INFO] [MainThread] [root/bar_manager.py:67]: Successfully loaded updated config and re-initialised all bars.
2025-10-03 12:03:29,450 [DEBUG] [MainThread] [qasync._windows._EventPoller/_windows.py:220]: Stopping worker thread...
2025-10-03 12:03:29,457 [DEBUG] [Dummy-6] [qasync._windows._EventWorker/_windows.py:204]: Exiting thread
2025-10-03 12:03:29,458 [DEBUG] [MainThread] [qasync._windows._IocpProactor/_windows.py:78]: Closing
2025-10-03 12:03:30,199 [INFO] [MainThread] [root/log.py:59]: YASB v1.8.2
2025-10-03 12:03:30,200 [INFO] [Thread-1 (_run_server)] [cli_server/cli_server.py:212]: CLI server started v1.1.2
2025-10-03 12:03:30,201 [INFO] [MainThread] [cli_server/cli_server.py:104]: Log pipe server started
2025-10-03 12:03:30,606 [DEBUG] [MainThread] [tzlocal/win32.py:55]: Looking up time zone info from registry
2025-10-03 12:03:30,712 [ERROR] [MainThread] [root/widget_builder.py:76]: No type specified for widget 'obs_widget'
Traceback (most recent call last):
  File "D:\a\yasb\yasb\src\core\utils\widget_builder.py", line 43, in _build_widget
KeyError: 'type'
2025-10-03 12:03:30,765 [DEBUG] [MainThread] [comtypes/__init__.py:149]: CoInitializeEx(None, 2)
2025-10-03 12:03:32,064 [INFO] [MainThread] [root/bar_manager.py:76]: Starting SystemEventListener...
2025-10-03 12:03:32,065 [ERROR] [MainThread] [root/widget_builder.py:124]: Failed to import widget(s) due to missing widget type(s)  - obs_widget
2025-10-03 12:03:32,132 [INFO] [MainThread] [root/watcher.py:54]: Created file watcher for path C:\Users\Fahim Rifat\.config\yasb
2025-10-03 12:03:32,278 [DEBUG] [MainThread] [qasync._windows._EventPoller/_windows.py:215]: Starting (proactor: <_IocpProactor overlapped#=0 result#=0>)...
2025-10-03 12:03:32,281 [DEBUG] [Dummy-6] [qasync._windows._EventWorker/_windows.py:195]: Thread started
2025-10-03 12:05:58,795 [INFO] [MainThread] [root/controller.py:15]: Reloading Application because of config change.
2025-10-03 12:05:58,897 [INFO] [MainThread] [cli_server/cli_server.py:112]: Log pipe server stopped
2025-10-03 12:05:58,897 [DEBUG] [MainThread] [cli_server/cli_server.py:206]: CLI server stopped
2025-10-03 12:05:58,906 [INFO] [MainThread] [root/bar_manager.py:83]: Stopping SystemEventListener...
2025-10-03 12:05:58,907 [INFO] [MainThread] [root/bar_manager.py:67]: Successfully loaded updated config and re-initialised all bars.
2025-10-03 12:05:58,908 [DEBUG] [MainThread] [qasync._windows._EventPoller/_windows.py:220]: Stopping worker thread...
2025-10-03 12:05:58,912 [DEBUG] [Dummy-6] [qasync._windows._EventWorker/_windows.py:204]: Exiting thread
2025-10-03 12:05:58,914 [DEBUG] [MainThread] [qasync._windows._IocpProactor/_windows.py:78]: Closing
2025-10-03 12:05:59,771 [INFO] [MainThread] [root/log.py:59]: YASB v1.8.2
2025-10-03 12:05:59,773 [INFO] [Thread-1 (_run_server)] [cli_server/cli_server.py:212]: CLI server started v1.1.2
2025-10-03 12:05:59,773 [INFO] [MainThread] [cli_server/cli_server.py:104]: Log pipe server started
2025-10-03 12:06:00,151 [DEBUG] [MainThread] [tzlocal/win32.py:55]: Looking up time zone info from registry
2025-10-03 12:06:00,255 [ERROR] [MainThread] [root/widget_builder.py:76]: No type specified for widget 'obs_widget'
Traceback (most recent call last):
  File "D:\a\yasb\yasb\src\core\utils\widget_builder.py", line 43, in _build_widget
KeyError: 'type'
2025-10-03 12:06:00,309 [DEBUG] [MainThread] [comtypes/__init__.py:149]: CoInitializeEx(None, 2)
2025-10-03 12:06:01,605 [INFO] [MainThread] [root/bar_manager.py:76]: Starting SystemEventListener...
2025-10-03 12:06:01,605 [ERROR] [MainThread] [root/widget_builder.py:124]: Failed to import widget(s) due to missing widget type(s)  - obs_widget
2025-10-03 12:06:01,663 [INFO] [MainThread] [root/watcher.py:54]: Created file watcher for path C:\Users\Fahim Rifat\.config\yasb
2025-10-03 12:06:01,781 [DEBUG] [MainThread] [qasync._windows._EventPoller/_windows.py:215]: Starting (proactor: <_IocpProactor overlapped#=0 result#=0>)...
2025-10-03 12:06:01,784 [DEBUG] [Dummy-6] [qasync._windows._EventWorker/_windows.py:195]: Thread started
2025-10-03 12:06:16,726 [INFO] [MainThread] [root/controller.py:15]: Reloading Application because of config change.
2025-10-03 12:06:16,838 [INFO] [MainThread] [cli_server/cli_server.py:112]: Log pipe server stopped
2025-10-03 12:06:16,838 [DEBUG] [MainThread] [cli_server/cli_server.py:206]: CLI server stopped
2025-10-03 12:06:16,845 [INFO] [MainThread] [root/bar_manager.py:83]: Stopping SystemEventListener...
2025-10-03 12:06:16,846 [INFO] [MainThread] [root/bar_manager.py:67]: Successfully loaded updated config and re-initialised all bars.
2025-10-03 12:06:16,846 [DEBUG] [MainThread] [qasync._windows._EventPoller/_windows.py:220]: Stopping worker thread...
2025-10-03 12:06:16,853 [DEBUG] [Dummy-6] [qasync._windows._EventWorker/_windows.py:204]: Exiting thread
2025-10-03 12:06:16,855 [DEBUG] [MainThread] [qasync._windows._IocpProactor/_windows.py:78]: Closing
2025-10-03 12:06:17,715 [INFO] [MainThread] [root/log.py:59]: YASB v1.8.2
2025-10-03 12:06:17,715 [INFO] [Thread-1 (_run_server)] [cli_server/cli_server.py:212]: CLI server started v1.1.2
2025-10-03 12:06:17,716 [INFO] [MainThread] [cli_server/cli_server.py:104]: Log pipe server started
2025-10-03 12:06:18,099 [DEBUG] [MainThread] [tzlocal/win32.py:55]: Looking up time zone info from registry
2025-10-03 12:06:18,196 [ERROR] [MainThread] [root/widget_builder.py:76]: No type specified for widget 'obs_widget'
Traceback (most recent call last):
  File "D:\a\yasb\yasb\src\core\utils\widget_builder.py", line 43, in _build_widget
KeyError: 'type'
2025-10-03 12:06:18,247 [DEBUG] [MainThread] [comtypes/__init__.py:149]: CoInitializeEx(None, 2)
2025-10-03 12:06:19,463 [INFO] [MainThread] [root/bar_manager.py:76]: Starting SystemEventListener...
2025-10-03 12:06:19,464 [ERROR] [MainThread] [root/widget_builder.py:124]: Failed to import widget(s) due to missing widget type(s)  - obs_widget
2025-10-03 12:06:19,519 [INFO] [MainThread] [root/watcher.py:54]: Created file watcher for path C:\Users\Fahim Rifat\.config\yasb
2025-10-03 12:06:19,603 [DEBUG] [MainThread] [qasync._windows._EventPoller/_windows.py:215]: Starting (proactor: <_IocpProactor overlapped#=0 result#=0>)...
2025-10-03 12:06:19,605 [DEBUG] [Dummy-6] [qasync._windows._EventWorker/_windows.py:195]: Thread started
2025-10-03 12:17:19,241 [ERROR] [MainThread] [root/config.py:115]: The config file 'C:\Users\Fahim Rifat\.config\yasb\config.yaml' contains validation errors. Please fix:
bar:
- unknown field

2025-10-03 12:17:34,551 [ERROR] [MainThread] [root/config.py:115]: The config file 'C:\Users\Fahim Rifat\.config\yasb\config.yaml' contains validation errors. Please fix:
bar:
- unknown field

2025-10-03 12:17:34,628 [ERROR] [MainThread] [root/config.py:115]: The config file 'C:\Users\Fahim Rifat\.config\yasb\config.yaml' contains validation errors. Please fix:
bar:
- unknown field

2025-10-03 12:18:00,876 [ERROR] [MainThread] [root/config.py:115]: The config file 'C:\Users\Fahim Rifat\.config\yasb\config.yaml' contains validation errors. Please fix:
bar:
- unknown field

2025-10-03 12:18:00,936 [ERROR] [MainThread] [root/config.py:115]: The config file 'C:\Users\Fahim Rifat\.config\yasb\config.yaml' contains validation errors. Please fix:
bar:
- unknown field

2025-10-03 12:18:30,197 [ERROR] [MainThread] [root/config.py:115]: The config file 'C:\Users\Fahim Rifat\.config\yasb\config.yaml' contains validation errors. Please fix:
bar:
- unknown field

2025-10-03 12:18:30,329 [ERROR] [MainThread] [root/config.py:115]: The config file 'C:\Users\Fahim Rifat\.config\yasb\config.yaml' contains validation errors. Please fix:
bar:
- unknown field

2025-10-03 12:18:51,218 [ERROR] [MainThread] [root/config.py:115]: The config file 'C:\Users\Fahim Rifat\.config\yasb\config.yaml' contains validation errors. Please fix:
bar:
- unknown field

2025-10-03 12:20:12,100 [INFO] [MainThread] [root/controller.py:15]: Reloading Application because of config change.
2025-10-03 12:20:12,209 [INFO] [MainThread] [cli_server/cli_server.py:112]: Log pipe server stopped
2025-10-03 12:20:12,209 [DEBUG] [MainThread] [cli_server/cli_server.py:206]: CLI server stopped
2025-10-03 12:20:12,393 [INFO] [MainThread] [root/bar_manager.py:83]: Stopping SystemEventListener...
2025-10-03 12:20:12,398 [INFO] [MainThread] [root/bar_manager.py:67]: Successfully loaded updated config and re-initialised all bars.
2025-10-03 12:20:12,400 [DEBUG] [MainThread] [qasync._windows._EventPoller/_windows.py:220]: Stopping worker thread...
2025-10-03 12:20:12,411 [DEBUG] [Dummy-6] [qasync._windows._EventWorker/_windows.py:204]: Exiting thread
2025-10-03 12:20:12,419 [DEBUG] [MainThread] [qasync._windows._IocpProactor/_windows.py:78]: Closing
2025-10-03 12:20:13,251 [INFO] [MainThread] [root/log.py:59]: YASB v1.8.2
2025-10-03 12:20:13,253 [INFO] [Thread-1 (_run_server)] [cli_server/cli_server.py:212]: CLI server started v1.1.2
2025-10-03 12:20:13,254 [INFO] [MainThread] [cli_server/cli_server.py:104]: Log pipe server started
2025-10-03 12:20:13,692 [DEBUG] [MainThread] [tzlocal/win32.py:55]: Looking up time zone info from registry
2025-10-03 12:20:13,857 [DEBUG] [MainThread] [comtypes/__init__.py:149]: CoInitializeEx(None, 2)
2025-10-03 12:20:14,068 [WARNING] [MainThread] [root/widget_builder.py:40]: No widget config could be found for widget 'WiFi
2025-10-03 12:20:16,531 [INFO] [MainThread] [root/bar_manager.py:76]: Starting SystemEventListener...
2025-10-03 12:20:16,532 [ERROR] [MainThread] [root/widget_builder.py:86]: Failed to add undefined widget(s)  - The widget "WiFi" is undefined.
2025-10-03 12:20:16,716 [INFO] [MainThread] [root/watcher.py:54]: Created file watcher for path C:\Users\Fahim Rifat\.config\yasb
2025-10-03 12:20:16,872 [DEBUG] [MainThread] [qasync._windows._EventPoller/_windows.py:215]: Starting (proactor: <_IocpProactor overlapped#=0 result#=0>)...
2025-10-03 12:20:16,875 [DEBUG] [Dummy-6] [qasync._windows._EventWorker/_windows.py:195]: Thread started
2025-10-03 12:20:45,525 [INFO] [MainThread] [root/controller.py:15]: Reloading Application because of config change.
2025-10-03 12:20:45,641 [INFO] [MainThread] [cli_server/cli_server.py:112]: Log pipe server stopped
2025-10-03 12:20:45,642 [DEBUG] [MainThread] [cli_server/cli_server.py:206]: CLI server stopped
2025-10-03 12:20:45,665 [INFO] [MainThread] [root/bar_manager.py:83]: Stopping SystemEventListener...
2025-10-03 12:20:45,668 [INFO] [MainThread] [root/bar_manager.py:67]: Successfully loaded updated config and re-initialised all bars.
2025-10-03 12:20:45,668 [DEBUG] [MainThread] [qasync._windows._EventPoller/_windows.py:220]: Stopping worker thread...
2025-10-03 12:20:45,687 [DEBUG] [Dummy-6] [qasync._windows._EventWorker/_windows.py:204]: Exiting thread
2025-10-03 12:20:45,694 [DEBUG] [MainThread] [qasync._windows._IocpProactor/_windows.py:78]: Closing
2025-10-03 12:20:46,560 [INFO] [MainThread] [root/log.py:59]: YASB v1.8.2
2025-10-03 12:20:46,560 [INFO] [Thread-1 (_run_server)] [cli_server/cli_server.py:212]: CLI server started v1.1.2
2025-10-03 12:20:46,562 [INFO] [MainThread] [cli_server/cli_server.py:104]: Log pipe server started
2025-10-03 12:20:46,938 [DEBUG] [MainThread] [tzlocal/win32.py:55]: Looking up time zone info from registry
2025-10-03 12:20:47,200 [DEBUG] [MainThread] [comtypes/__init__.py:149]: CoInitializeEx(None, 2)
2025-10-03 12:20:51,140 [INFO] [MainThread] [root/bar_manager.py:76]: Starting SystemEventListener...
2025-10-03 12:20:51,142 [INFO] [MainThread] [root/watcher.py:54]: Created file watcher for path C:\Users\Fahim Rifat\.config\yasb
2025-10-03 12:20:51,309 [DEBUG] [MainThread] [qasync._windows._EventPoller/_windows.py:215]: Starting (proactor: <_IocpProactor overlapped#=0 result#=0>)...
2025-10-03 12:20:51,312 [DEBUG] [Dummy-6] [qasync._windows._EventWorker/_windows.py:195]: Thread started
2025-10-03 12:20:54,948 [ERROR] [MainThread] [wifi_widget/wifi_managers.py:254]: Error scanning for WiFi networks: The wireless local area network interface is powered down and doesn't support the requested operation.
2025-10-03 12:21:27,722 [INFO] [MainThread] [root/controller.py:15]: Reloading Application because of config change.
2025-10-03 12:21:27,823 [INFO] [MainThread] [cli_server/cli_server.py:112]: Log pipe server stopped
2025-10-03 12:21:27,824 [DEBUG] [MainThread] [cli_server/cli_server.py:206]: CLI server stopped
2025-10-03 12:21:27,845 [INFO] [MainThread] [root/bar_manager.py:83]: Stopping SystemEventListener...
2025-10-03 12:21:27,848 [INFO] [MainThread] [root/bar_manager.py:67]: Successfully loaded updated config and re-initialised all bars.
2025-10-03 12:21:27,849 [DEBUG] [MainThread] [qasync._windows._EventPoller/_windows.py:220]: Stopping worker thread...
2025-10-03 12:21:27,869 [DEBUG] [Dummy-6] [qasync._windows._EventWorker/_windows.py:204]: Exiting thread
2025-10-03 12:21:27,873 [DEBUG] [MainThread] [qasync._windows._IocpProactor/_windows.py:78]: Closing
2025-10-03 12:21:28,633 [INFO] [MainThread] [root/log.py:59]: YASB v1.8.2
2025-10-03 12:21:28,633 [INFO] [Thread-1 (_run_server)] [cli_server/cli_server.py:212]: CLI server started v1.1.2
2025-10-03 12:21:28,635 [INFO] [MainThread] [cli_server/cli_server.py:104]: Log pipe server started
2025-10-03 12:21:28,760 [WARNING] [MainThread] [root/widget_builder.py:40]: No widget config could be found for widget 'strat_menu
2025-10-03 12:21:28,999 [DEBUG] [MainThread] [tzlocal/win32.py:55]: Looking up time zone info from registry
2025-10-03 12:21:29,145 [DEBUG] [MainThread] [comtypes/__init__.py:149]: CoInitializeEx(None, 2)
2025-10-03 12:21:30,667 [INFO] [MainThread] [root/bar_manager.py:76]: Starting SystemEventListener...
2025-10-03 12:21:30,667 [ERROR] [MainThread] [root/widget_builder.py:86]: Failed to add undefined widget(s)  - The widget "strat_menu" is undefined.
2025-10-03 12:21:30,737 [INFO] [MainThread] [root/watcher.py:54]: Created file watcher for path C:\Users\Fahim Rifat\.config\yasb
2025-10-03 12:21:30,829 [DEBUG] [MainThread] [qasync._windows._EventPoller/_windows.py:215]: Starting (proactor: <_IocpProactor overlapped#=0 result#=0>)...
2025-10-03 12:21:30,830 [DEBUG] [Dummy-6] [qasync._windows._EventWorker/_windows.py:195]: Thread started
2025-10-03 12:21:39,258 [ERROR] [MainThread] [wifi_widget/wifi_managers.py:254]: Error scanning for WiFi networks: The wireless local area network interface is powered down and doesn't support the requested operation.
2025-10-03 12:22:03,874 [DEBUG] [MainThread] [wifi_widget/wifi_widgets.py:597]: Disconnecting from wifi network
2025-10-03 12:22:04,814 [DEBUG] [MainThread] [wifi_widget/wifi_widgets.py:607]: WiFi network disconnected
2025-10-03 12:22:09,144 [DEBUG] [MainThread] [wifi_widget/wifi_widgets.py:547]: Connecting to wifi network...
2025-10-03 12:22:09,748 [DEBUG] [WiFiConnectWorker] [wifi_widget/wifi_widgets.py:569]: Connection completed to wifi network
2025-10-03 12:22:22,550 [DEBUG] [WiFiConnectWorker] [wifi_widget/wifi_managers.py:262]: Scanning for WiFi networks...
2025-10-03 12:25:09,674 [DEBUG] [WiFiConnectWorker] [wifi_widget/wifi_managers.py:262]: Scanning for WiFi networks...
2025-10-03 12:25:59,802 [DEBUG] [WiFiConnectWorker] [wifi_widget/wifi_managers.py:262]: Scanning for WiFi networks...
2025-10-03 12:26:53,706 [DEBUG] [WiFiConnectWorker] [wifi_widget/wifi_managers.py:262]: Scanning for WiFi networks...
2025-10-03 12:27:03,292 [INFO] [WiFiConnectWorker] [root/controller.py:15]: Reloading Application because of config change.
2025-10-03 12:27:03,395 [INFO] [WiFiConnectWorker] [cli_server/cli_server.py:112]: Log pipe server stopped
2025-10-03 12:27:03,395 [DEBUG] [WiFiConnectWorker] [cli_server/cli_server.py:206]: CLI server stopped
2025-10-03 12:27:03,413 [INFO] [WiFiConnectWorker] [root/bar_manager.py:83]: Stopping SystemEventListener...
2025-10-03 12:27:03,416 [INFO] [WiFiConnectWorker] [root/bar_manager.py:67]: Successfully loaded updated config and re-initialised all bars.
2025-10-03 12:27:03,417 [DEBUG] [WiFiConnectWorker] [qasync._windows._EventPoller/_windows.py:220]: Stopping worker thread...
2025-10-03 12:27:03,425 [DEBUG] [Dummy-6] [qasync._windows._EventWorker/_windows.py:204]: Exiting thread
2025-10-03 12:27:03,429 [DEBUG] [WiFiConnectWorker] [qasync._windows._IocpProactor/_windows.py:78]: Closing
2025-10-03 12:27:04,479 [INFO] [MainThread] [root/log.py:59]: YASB v1.8.2
2025-10-03 12:27:04,480 [INFO] [Thread-1 (_run_server)] [cli_server/cli_server.py:212]: CLI server started v1.1.2
2025-10-03 12:27:04,480 [INFO] [MainThread] [cli_server/cli_server.py:104]: Log pipe server started
2025-10-03 12:27:04,776 [WARNING] [MainThread] [root/widget_builder.py:40]: No widget config could be found for widget 'strat_menu
2025-10-03 12:27:05,260 [DEBUG] [MainThread] [tzlocal/win32.py:55]: Looking up time zone info from registry
2025-10-03 12:27:05,618 [DEBUG] [MainThread] [comtypes/__init__.py:149]: CoInitializeEx(None, 2)
2025-10-03 12:27:08,219 [INFO] [MainThread] [root/bar_manager.py:76]: Starting SystemEventListener...
2025-10-03 12:27:08,220 [ERROR] [MainThread] [root/widget_builder.py:86]: Failed to add undefined widget(s)  - The widget "strat_menu" is undefined.
2025-10-03 12:27:08,396 [INFO] [MainThread] [root/watcher.py:54]: Created file watcher for path C:\Users\Fahim Rifat\.config\yasb
2025-10-03 12:27:08,558 [DEBUG] [MainThread] [qasync._windows._EventPoller/_windows.py:215]: Starting (proactor: <_IocpProactor overlapped#=0 result#=0>)...
2025-10-03 12:27:08,560 [DEBUG] [Dummy-6] [qasync._windows._EventWorker/_windows.py:195]: Thread started
2025-10-03 12:27:14,979 [DEBUG] [MainThread] [wifi_widget/wifi_managers.py:262]: Scanning for WiFi networks...
2025-10-03 12:29:15,075 [INFO] [Thread-1 (_run_server)] [cli_server/cli_server.py:253]: CLI server received command: stop
2025-10-03 12:29:15,075 [INFO] [Thread-1 (_run_server)] [root/controller.py:35]: Exiting Application from CLI...
2025-10-03 12:29:15,182 [INFO] [Thread-1 (_run_server)] [cli_server/cli_server.py:112]: Log pipe server stopped
2025-10-03 12:29:15,183 [DEBUG] [Thread-1 (_run_server)] [cli_server/cli_server.py:206]: CLI server stopped
2025-10-03 12:29:15,184 [DEBUG] [MainThread] [qasync._windows._EventPoller/_windows.py:220]: Stopping worker thread...
2025-10-03 12:29:15,198 [DEBUG] [Dummy-6] [qasync._windows._EventWorker/_windows.py:204]: Exiting thread
2025-10-03 12:29:15,201 [DEBUG] [MainThread] [qasync._windows._IocpProactor/_windows.py:78]: Closing
2025-10-03 12:29:16,954 [INFO] [MainThread] [root/log.py:59]: YASB v1.8.2
2025-10-03 12:29:16,955 [INFO] [Thread-1 (_run_server)] [cli_server/cli_server.py:212]: CLI server started v1.1.2
2025-10-03 12:29:16,956 [INFO] [MainThread] [cli_server/cli_server.py:104]: Log pipe server started
2025-10-03 12:29:17,891 [DEBUG] [MainThread] [comtypes/__init__.py:149]: CoInitializeEx(None, 2)
2025-10-03 12:29:18,477 [DEBUG] [MainThread] [tzlocal/win32.py:55]: Looking up time zone info from registry
2025-10-03 12:29:20,290 [INFO] [MainThread] [root/bar_manager.py:76]: Starting SystemEventListener...
2025-10-03 12:29:20,291 [INFO] [MainThread] [root/watcher.py:54]: Created file watcher for path C:\Users\Fahim Rifat\.config\yasb
2025-10-03 12:29:20,387 [DEBUG] [MainThread] [qasync._windows._EventPoller/_windows.py:215]: Starting (proactor: <_IocpProactor overlapped#=0 result#=0>)...
2025-10-03 12:29:20,390 [DEBUG] [Dummy-9] [qasync._windows._EventWorker/_windows.py:195]: Thread started
2025-10-03 12:29:20,766 [ERROR] [MainThread] [root/api.py:82]: Weather API invalid JSON response: Expecting value: line 1 column 1 (char 0)
2025-10-03 12:29:20,766 [WARNING] [MainThread] [root/weather.py:517]: Error processing weather data: Weather data is empty.. Retrying fetch in 10 seconds.
2025-10-03 12:29:30,832 [ERROR] [MainThread] [root/api.py:82]: Weather API invalid JSON response: Expecting value: line 1 column 1 (char 0)
2025-10-03 12:29:30,832 [WARNING] [MainThread] [root/weather.py:517]: Error processing weather data: Weather data is empty.. Retrying fetch in 10 seconds.
2025-10-03 12:29:40,885 [ERROR] [MainThread] [root/api.py:82]: Weather API invalid JSON response: Expecting value: line 1 column 1 (char 0)
2025-10-03 12:29:40,885 [WARNING] [MainThread] [root/weather.py:517]: Error processing weather data: Weather data is empty.. Retrying fetch in 10 seconds.
2025-10-03 12:29:50,936 [ERROR] [MainThread] [root/api.py:82]: Weather API invalid JSON response: Expecting value: line 1 column 1 (char 0)
2025-10-03 12:29:50,936 [WARNING] [MainThread] [root/weather.py:517]: Error processing weather data: Weather data is empty.. Retrying fetch in 10 seconds.
2025-10-03 12:30:00,138 [DEBUG] [MainThread] [root/blurWindow.py:123]: Failed to apply settings: invalid literal for int() with base 16: ''
2025-10-03 12:30:00,997 [ERROR] [MainThread] [root/api.py:82]: Weather API invalid JSON response: Expecting value: line 1 column 1 (char 0)
2025-10-03 12:30:00,997 [WARNING] [MainThread] [root/weather.py:517]: Error processing weather data: Weather data is empty.. Retrying fetch in 10 seconds.
2025-10-03 12:30:05,743 [DEBUG] [MainThread] [root/blurWindow.py:123]: Failed to apply settings: invalid literal for int() with base 16: ''
2025-10-03 12:30:08,545 [DEBUG] [MainThread] [root/blurWindow.py:123]: Failed to apply settings: invalid literal for int() with base 16: ''
2025-10-03 12:30:09,551 [ERROR] [MainThread] [root/home.py:83]: The system cannot find the file specified: 'C:\Users\HP\Downloads'
2025-10-03 12:30:11,070 [ERROR] [MainThread] [root/api.py:82]: Weather API invalid JSON response: Expecting value: line 1 column 1 (char 0)
2025-10-03 12:30:11,070 [WARNING] [MainThread] [root/weather.py:517]: Error processing weather data: Weather data is empty.. Retrying fetch in 10 seconds.
2025-10-03 12:30:21,116 [ERROR] [MainThread] [root/api.py:82]: Weather API invalid JSON response: Expecting value: line 1 column 1 (char 0)
2025-10-03 12:30:21,116 [WARNING] [MainThread] [root/weather.py:517]: Error processing weather data: Weather data is empty.. Retrying fetch in 10 seconds.
2025-10-03 12:30:30,210 [WARNING] [MainThread] [root/api.py:137]: Failed to fetch icon N/A: ProtocolUnknownError 301
2025-10-03 12:30:31,174 [ERROR] [MainThread] [root/api.py:82]: Weather API invalid JSON response: Expecting value: line 1 column 1 (char 0)
2025-10-03 12:30:31,174 [WARNING] [MainThread] [root/weather.py:517]: Error processing weather data: Weather data is empty.. Retrying fetch in 10 seconds.
2025-10-03 12:30:41,448 [ERROR] [MainThread] [root/api.py:82]: Weather API invalid JSON response: Expecting value: line 1 column 1 (char 0)
2025-10-03 12:30:41,448 [WARNING] [MainThread] [root/weather.py:517]: Error processing weather data: Weather data is empty.. Retrying fetch in 10 seconds.
2025-10-03 12:30:51,516 [ERROR] [MainThread] [root/api.py:82]: Weather API invalid JSON response: Expecting value: line 1 column 1 (char 0)
2025-10-03 12:30:51,516 [WARNING] [MainThread] [root/weather.py:517]: Error processing weather data: Weather data is empty.. Retrying fetch in 10 seconds.
2025-10-03 12:31:01,583 [ERROR] [MainThread] [root/api.py:82]: Weather API invalid JSON response: Expecting value: line 1 column 1 (char 0)
2025-10-03 12:31:01,584 [WARNING] [MainThread] [root/weather.py:517]: Error processing weather data: Weather data is empty.. Retrying fetch in 10 seconds.
2025-10-03 12:31:11,643 [ERROR] [MainThread] [root/api.py:82]: Weather API invalid JSON response: Expecting value: line 1 column 1 (char 0)
2025-10-03 12:31:11,644 [WARNING] [MainThread] [root/weather.py:517]: Error processing weather data: Weather data is empty.. Retrying fetch in 10 seconds.
2025-10-03 12:31:13,466 [INFO] [Thread-1 (_run_server)] [cli_server/cli_server.py:253]: CLI server received command: stop
2025-10-03 12:31:13,466 [INFO] [Thread-1 (_run_server)] [root/controller.py:35]: Exiting Application from CLI...
2025-10-03 12:31:13,568 [INFO] [Thread-1 (_run_server)] [cli_server/cli_server.py:112]: Log pipe server stopped
2025-10-03 12:31:13,568 [DEBUG] [Thread-1 (_run_server)] [cli_server/cli_server.py:206]: CLI server stopped
2025-10-03 12:31:13,568 [DEBUG] [MainThread] [qasync._windows._EventPoller/_windows.py:220]: Stopping worker thread...
2025-10-03 12:31:13,583 [DEBUG] [Dummy-9] [qasync._windows._EventWorker/_windows.py:204]: Exiting thread
2025-10-03 12:31:13,587 [DEBUG] [MainThread] [qasync._windows._IocpProactor/_windows.py:78]: Closing
2025-10-03 12:31:15,454 [INFO] [MainThread] [root/log.py:59]: YASB v1.8.2
2025-10-03 12:31:15,455 [INFO] [Thread-1 (_run_server)] [cli_server/cli_server.py:212]: CLI server started v1.1.2
2025-10-03 12:31:15,456 [INFO] [MainThread] [cli_server/cli_server.py:104]: Log pipe server started
2025-10-03 12:31:15,963 [DEBUG] [MainThread] [tzlocal/win32.py:55]: Looking up time zone info from registry
2025-10-03 12:31:16,859 [DEBUG] [MainThread] [comtypes/__init__.py:149]: CoInitializeEx(None, 2)
2025-10-03 12:31:18,530 [INFO] [MainThread] [root/bar_manager.py:76]: Starting SystemEventListener...
2025-10-03 12:31:18,530 [INFO] [MainThread] [root/bar_manager.py:76]: Starting KomorebiEventListener...
2025-10-03 12:31:18,531 [INFO] [MainThread] [root/watcher.py:54]: Created file watcher for path C:\Users\Fahim Rifat\.config\yasb
2025-10-03 12:31:18,533 [INFO] [Dummy-5] [root/event_listener.py:51]: Created named pipe yasb-91e1d538-a022-11f0-bea5-bce92fdcd0ca
2025-10-03 12:31:18,627 [DEBUG] [MainThread] [qasync._windows._EventPoller/_windows.py:215]: Starting (proactor: <_IocpProactor overlapped#=0 result#=0>)...
2025-10-03 12:31:18,628 [DEBUG] [Dummy-9] [qasync._windows._EventWorker/_windows.py:195]: Thread started
2025-10-03 12:31:18,630 [DEBUG] [MainThread] [systray_widget/systray.py:535]: Loading state from C:\Users\Fahim Rifat\AppData\Local\YASB\systray_state_AUOPTRONICSDISPLAY1.json
2025-10-03 12:31:18,630 [DEBUG] [MainThread] [systray_widget/systray.py:545]: State file not found.
2025-10-03 12:31:18,694 [DEBUG] [TaskbarService] [systray_widget/systray.py:72]: TaskbarService thread is starting...
2025-10-03 12:31:18,700 [DEBUG] [TrayMonitor] [systray_widget/systray.py:58]: Systray thread is starting...
2025-10-03 12:31:18,716 [DEBUG] [TaskbarService] [root/tasks_service.py:75]: Found yasb systray hwnd: 853618
2025-10-03 12:31:18,716 [DEBUG] [TaskbarService] [systray_widget/tasks_service.py:81]: Adding TaskbandHWND prop to hwnd 853618
2025-10-03 12:31:18,816 [DEBUG] [TrayMonitor] [systray_widget/tray_monitor.py:228]: Finding real tray hwnd
2025-10-03 12:31:18,981 [DEBUG] [MainThread] [systray_widget/systray.py:285]: Systray thread started
2025-10-03 12:31:19,173 [INFO] [MainThread] [root/api.py:69]: Fetching new weather data at 2025-10-03 12:31:19.173053
2025-10-03 12:31:19,217 [DEBUG] [TaskbarService] [systray_widget/tasks_service.py:81]: Adding TaskbandHWND prop to hwnd 853618
2025-10-03 12:31:19,268 [DEBUG] [MainThread] [systray_widget/tray_monitor.py:154]: Sending TaskbarCreated message: 49235
2025-10-03 12:31:19,289 [ERROR] [TrayMonitor] [root/app_icons.py:170]: GetIconInfo failed: 0
2025-10-03 12:31:21,289 [DEBUG] [MainThread] [systray_widget/systray.py:473]: Re-sorting widgets
2025-10-03 12:31:21,290 [DEBUG] [MainThread] [systray_widget/systray.py:495]: Updating current state
2025-10-03 12:31:38,434 [DEBUG] [MainThread] [systray_widget/systray.py:473]: Re-sorting widgets
2025-10-03 12:31:38,435 [DEBUG] [MainThread] [systray_widget/systray.py:495]: Updating current state
2025-10-03 12:32:05,451 [DEBUG] [MainThread] [systray_widget/systray.py:473]: Re-sorting widgets
2025-10-03 12:32:05,452 [DEBUG] [MainThread] [systray_widget/systray.py:495]: Updating current state
2025-10-03 12:32:29,831 [DEBUG] [MainThread] [systray_widget/systray.py:473]: Re-sorting widgets
2025-10-03 12:32:29,831 [DEBUG] [MainThread] [systray_widget/systray.py:495]: Updating current state
2025-10-03 12:33:07,749 [INFO] [Thread-1 (_run_server)] [cli_server/cli_server.py:253]: CLI server received command: stop
2025-10-03 12:33:07,749 [INFO] [Thread-1 (_run_server)] [root/controller.py:35]: Exiting Application from CLI...
2025-10-03 12:33:07,857 [INFO] [Thread-1 (_run_server)] [cli_server/cli_server.py:112]: Log pipe server stopped
2025-10-03 12:33:07,857 [DEBUG] [Thread-1 (_run_server)] [cli_server/cli_server.py:206]: CLI server stopped
2025-10-03 12:33:07,859 [DEBUG] [MainThread] [qasync._windows._EventPoller/_windows.py:220]: Stopping worker thread...
2025-10-03 12:33:07,872 [DEBUG] [Dummy-9] [qasync._windows._EventWorker/_windows.py:204]: Exiting thread
2025-10-03 12:33:07,880 [DEBUG] [MainThread] [qasync._windows._IocpProactor/_windows.py:78]: Closing
2025-10-03 12:33:08,001 [DEBUG] [MainThread] [systray_widget/utils.py:96]: Destroying window 919478
2025-10-03 12:33:08,001 [DEBUG] [MainThread] [systray_widget/utils.py:96]: Destroying window 853618
2025-10-03 12:33:09,387 [INFO] [MainThread] [root/log.py:59]: YASB v1.8.2
2025-10-03 12:33:09,388 [INFO] [Thread-1 (_run_server)] [cli_server/cli_server.py:212]: CLI server started v1.1.2
2025-10-03 12:33:09,389 [INFO] [MainThread] [cli_server/cli_server.py:104]: Log pipe server started
2025-10-03 12:33:09,648 [DEBUG] [MainThread] [tzlocal/win32.py:55]: Looking up time zone info from registry
2025-10-03 12:33:09,827 [DEBUG] [MainThread] [comtypes/__init__.py:149]: CoInitializeEx(None, 2)
2025-10-03 12:33:11,809 [INFO] [MainThread] [root/bar_manager.py:76]: Starting SystemEventListener...
2025-10-03 12:33:11,809 [INFO] [MainThread] [root/bar_manager.py:76]: Starting WindowsNotificationEventListener...
2025-10-03 12:33:11,811 [INFO] [MainThread] [root/watcher.py:54]: Created file watcher for path C:\Users\Fahim Rifat\.config\yasb
2025-10-03 12:33:11,896 [DEBUG] [MainThread] [qasync._windows._EventPoller/_windows.py:215]: Starting (proactor: <_IocpProactor overlapped#=0 result#=0>)...
2025-10-03 12:33:11,897 [DEBUG] [Dummy-6] [qasync._windows._EventWorker/_windows.py:195]: Thread started
2025-10-03 12:33:11,899 [DEBUG] [MainThread] [systray_widget/systray.py:535]: Loading state from C:\Users\Fahim Rifat\AppData\Local\YASB\systray_state_AUOPTRONICSDISPLAY1.json
2025-10-03 12:33:11,899 [DEBUG] [MainThread] [systray_widget/systray.py:545]: State file not found.
2025-10-03 12:33:11,903 [DEBUG] [TaskbarService] [systray_widget/systray.py:72]: TaskbarService thread is starting...
2025-10-03 12:33:11,917 [DEBUG] [TrayMonitor] [systray_widget/systray.py:58]: Systray thread is starting...
2025-10-03 12:33:11,932 [DEBUG] [TaskbarService] [root/tasks_service.py:75]: Found yasb systray hwnd: 788418
2025-10-03 12:33:11,932 [DEBUG] [TaskbarService] [systray_widget/tasks_service.py:81]: Adding TaskbandHWND prop to hwnd 788418
2025-10-03 12:33:11,945 [DEBUG] [MainThread] [systray_widget/systray.py:285]: Systray thread started
2025-10-03 12:33:12,003 [DEBUG] [TrayMonitor] [systray_widget/tray_monitor.py:228]: Finding real tray hwnd
2025-10-03 12:33:12,152 [DEBUG] [TaskbarService] [systray_widget/tasks_service.py:81]: Adding TaskbandHWND prop to hwnd 788418
2025-10-03 12:33:12,203 [DEBUG] [MainThread] [systray_widget/tray_monitor.py:154]: Sending TaskbarCreated message: 49235
2025-10-03 12:33:12,232 [ERROR] [TrayMonitor] [root/app_icons.py:170]: GetIconInfo failed: 0
2025-10-03 12:33:12,398 [INFO] [MainThread] [root/api.py:69]: Fetching new weather data at 2025-10-03 12:33:12.398004
2025-10-03 12:33:14,216 [DEBUG] [MainThread] [systray_widget/systray.py:473]: Re-sorting widgets
2025-10-03 12:33:14,218 [DEBUG] [MainThread] [systray_widget/systray.py:495]: Updating current state
2025-10-03 12:34:06,965 [INFO] [Thread-1 (_run_server)] [cli_server/cli_server.py:253]: CLI server received command: stop
2025-10-03 12:34:06,966 [INFO] [Thread-1 (_run_server)] [root/controller.py:35]: Exiting Application from CLI...
2025-10-03 12:34:07,071 [INFO] [Thread-1 (_run_server)] [cli_server/cli_server.py:112]: Log pipe server stopped
2025-10-03 12:34:07,071 [DEBUG] [Thread-1 (_run_server)] [cli_server/cli_server.py:206]: CLI server stopped
2025-10-03 12:34:07,072 [DEBUG] [MainThread] [qasync._windows._EventPoller/_windows.py:220]: Stopping worker thread...
2025-10-03 12:34:07,087 [DEBUG] [Dummy-6] [qasync._windows._EventWorker/_windows.py:204]: Exiting thread
2025-10-03 12:34:07,089 [DEBUG] [MainThread] [qasync._windows._IocpProactor/_windows.py:78]: Closing
2025-10-03 12:34:07,165 [DEBUG] [MainThread] [systray_widget/utils.py:96]: Destroying window 264398
2025-10-03 12:34:07,165 [DEBUG] [MainThread] [systray_widget/utils.py:96]: Destroying window 788418
2025-10-03 12:34:08,707 [INFO] [MainThread] [root/log.py:59]: YASB v1.8.2
2025-10-03 12:34:08,708 [INFO] [Thread-1 (_run_server)] [cli_server/cli_server.py:212]: CLI server started v1.1.2
2025-10-03 12:34:08,708 [INFO] [MainThread] [cli_server/cli_server.py:104]: Log pipe server started
2025-10-03 12:34:09,034 [DEBUG] [MainThread] [tzlocal/win32.py:55]: Looking up time zone info from registry
2025-10-03 12:34:09,255 [DEBUG] [MainThread] [comtypes/__init__.py:149]: CoInitializeEx(None, 2)
2025-10-03 12:34:11,257 [INFO] [MainThread] [core.utils.widgets.taskbar.window_manager/window_manager.py:191]: TaskbarWindowManager is starting...
2025-10-03 12:34:11,266 [INFO] [MainThread] [root/bar_manager.py:76]: Starting KomorebiEventListener...
2025-10-03 12:34:11,266 [INFO] [MainThread] [root/bar_manager.py:76]: Starting WindowsNotificationEventListener...
2025-10-03 12:34:11,268 [INFO] [Dummy-3] [root/event_listener.py:51]: Created named pipe yasb-f8d7241b-a022-11f0-9ae1-bce92fdcd0ca
2025-10-03 12:34:11,270 [INFO] [MainThread] [root/watcher.py:54]: Created file watcher for path C:\Users\Fahim Rifat\.config\yasb
2025-10-03 12:34:11,357 [DEBUG] [MainThread] [qasync._windows._EventPoller/_windows.py:215]: Starting (proactor: <_IocpProactor overlapped#=0 result#=0>)...
2025-10-03 12:34:11,362 [DEBUG] [Dummy-9] [qasync._windows._EventWorker/_windows.py:195]: Thread started
2025-10-03 12:34:11,610 [INFO] [MainThread] [root/api.py:69]: Fetching new weather data at 2025-10-03 12:34:11.610639
2025-10-03 12:38:48,461 [INFO] [Thread-1 (_run_server)] [cli_server/cli_server.py:253]: CLI server received command: stop
2025-10-03 12:38:48,461 [INFO] [Thread-1 (_run_server)] [root/controller.py:35]: Exiting Application from CLI...
2025-10-03 12:38:48,566 [INFO] [Thread-1 (_run_server)] [cli_server/cli_server.py:112]: Log pipe server stopped
2025-10-03 12:38:48,567 [DEBUG] [Thread-1 (_run_server)] [cli_server/cli_server.py:206]: CLI server stopped
2025-10-03 12:38:48,568 [DEBUG] [MainThread] [qasync._windows._EventPoller/_windows.py:220]: Stopping worker thread...
2025-10-03 12:38:48,582 [DEBUG] [Dummy-9] [qasync._windows._EventWorker/_windows.py:204]: Exiting thread
2025-10-03 12:38:48,587 [DEBUG] [MainThread] [qasync._windows._IocpProactor/_windows.py:78]: Closing
2025-10-03 12:38:48,644 [INFO] [MainThread] [core.utils.widgets.taskbar.window_manager/window_manager.py:218]: TaskbarWindowManager stopped
2025-10-03 12:38:50,622 [INFO] [MainThread] [root/log.py:59]: YASB v1.8.2
2025-10-03 12:38:50,623 [INFO] [Thread-1 (_run_server)] [cli_server/cli_server.py:212]: CLI server started v1.1.2
2025-10-03 12:38:50,623 [INFO] [MainThread] [cli_server/cli_server.py:104]: Log pipe server started
2025-10-03 12:38:50,919 [DEBUG] [MainThread] [tzlocal/win32.py:55]: Looking up time zone info from registry
2025-10-03 12:38:51,017 [DEBUG] [MainThread] [comtypes/__init__.py:149]: CoInitializeEx(None, 2)
2025-10-03 12:38:52,665 [INFO] [MainThread] [root/bar_manager.py:76]: Starting WindowsNotificationEventListener...
2025-10-03 12:38:52,666 [INFO] [MainThread] [root/bar_manager.py:76]: Starting SystemEventListener...
2025-10-03 12:38:52,667 [INFO] [MainThread] [root/watcher.py:54]: Created file watcher for path C:\Users\Fahim Rifat\.config\yasb
2025-10-03 12:38:52,728 [DEBUG] [MainThread] [qasync._windows._EventPoller/_windows.py:215]: Starting (proactor: <_IocpProactor overlapped#=0 result#=0>)...
2025-10-03 12:38:52,730 [DEBUG] [Dummy-6] [qasync._windows._EventWorker/_windows.py:195]: Thread started
2025-10-03 12:38:52,732 [DEBUG] [MainThread] [systray_widget/systray.py:535]: Loading state from C:\Users\Fahim Rifat\AppData\Local\YASB\systray_state_AUOPTRONICSDISPLAY1.json
2025-10-03 12:38:52,732 [DEBUG] [MainThread] [systray_widget/systray.py:545]: State file not found.
2025-10-03 12:38:52,741 [DEBUG] [TrayMonitor] [systray_widget/systray.py:58]: Systray thread is starting...
2025-10-03 12:38:52,742 [DEBUG] [TaskbarService] [systray_widget/systray.py:72]: TaskbarService thread is starting...
2025-10-03 12:38:52,755 [DEBUG] [TaskbarService] [root/tasks_service.py:75]: Found yasb systray hwnd: 329846
2025-10-03 12:38:52,755 [DEBUG] [TaskbarService] [systray_widget/tasks_service.py:81]: Adding TaskbandHWND prop to hwnd 329846
2025-10-03 12:38:52,775 [DEBUG] [MainThread] [systray_widget/systray.py:285]: Systray thread started
2025-10-03 12:38:52,850 [DEBUG] [TrayMonitor] [systray_widget/tray_monitor.py:228]: Finding real tray hwnd
2025-10-03 12:38:52,982 [DEBUG] [TaskbarService] [systray_widget/tasks_service.py:81]: Adding TaskbandHWND prop to hwnd 329846
2025-10-03 12:38:53,044 [DEBUG] [MainThread] [systray_widget/tray_monitor.py:154]: Sending TaskbarCreated message: 49235
2025-10-03 12:38:53,083 [ERROR] [TrayMonitor] [root/app_icons.py:170]: GetIconInfo failed: 0
2025-10-03 12:38:55,092 [DEBUG] [MainThread] [systray_widget/systray.py:473]: Re-sorting widgets
2025-10-03 12:38:55,093 [DEBUG] [MainThread] [systray_widget/systray.py:495]: Updating current state
2025-10-03 12:39:08,850 [DEBUG] [MainThread] [systray_widget/systray.py:473]: Re-sorting widgets
2025-10-03 12:39:08,853 [DEBUG] [MainThread] [systray_widget/systray.py:495]: Updating current state
2025-10-03 12:40:11,877 [INFO] [Thread-1 (_run_server)] [cli_server/cli_server.py:253]: CLI server received command: stop
2025-10-03 12:40:11,877 [INFO] [Thread-1 (_run_server)] [root/controller.py:35]: Exiting Application from CLI...
2025-10-03 12:40:11,989 [INFO] [Thread-1 (_run_server)] [cli_server/cli_server.py:112]: Log pipe server stopped
2025-10-03 12:40:11,989 [DEBUG] [Thread-1 (_run_server)] [cli_server/cli_server.py:206]: CLI server stopped
2025-10-03 12:40:11,993 [DEBUG] [MainThread] [qasync._windows._EventPoller/_windows.py:220]: Stopping worker thread...
2025-10-03 12:40:12,005 [DEBUG] [Dummy-6] [qasync._windows._EventWorker/_windows.py:204]: Exiting thread
2025-10-03 12:40:12,011 [DEBUG] [MainThread] [qasync._windows._IocpProactor/_windows.py:78]: Closing
2025-10-03 12:40:12,093 [DEBUG] [MainThread] [systray_widget/utils.py:96]: Destroying window 526382
2025-10-03 12:40:12,093 [DEBUG] [MainThread] [systray_widget/utils.py:96]: Destroying window 329846
2025-10-03 12:40:14,104 [INFO] [MainThread] [root/log.py:59]: YASB v1.8.2
2025-10-03 12:40:14,105 [INFO] [Thread-1 (_run_server)] [cli_server/cli_server.py:212]: CLI server started v1.1.2
2025-10-03 12:40:14,105 [INFO] [MainThread] [cli_server/cli_server.py:104]: Log pipe server started
2025-10-03 12:40:14,549 [DEBUG] [MainThread] [comtypes/__init__.py:149]: CoInitializeEx(None, 2)
2025-10-03 12:40:14,728 [DEBUG] [MainThread] [tzlocal/win32.py:55]: Looking up time zone info from registry
2025-10-03 12:40:15,726 [INFO] [MainThread] [core.utils.widgets.taskbar.window_manager/window_manager.py:191]: TaskbarWindowManager is starting...
2025-10-03 12:40:15,733 [INFO] [MainThread] [root/bar_manager.py:76]: Starting SystemEventListener...
2025-10-03 12:40:15,734 [INFO] [MainThread] [root/bar_manager.py:76]: Starting KomorebiEventListener...
2025-10-03 12:40:15,734 [INFO] [MainThread] [root/watcher.py:54]: Created file watcher for path C:\Users\Fahim Rifat\.config\yasb
2025-10-03 12:40:15,756 [INFO] [Dummy-5] [root/event_listener.py:51]: Created named pipe yasb-d2148eef-a023-11f0-8b7b-bce92fdcd0ca
2025-10-03 12:40:15,798 [DEBUG] [MainThread] [qasync._windows._EventPoller/_windows.py:215]: Starting (proactor: <_IocpProactor overlapped#=0 result#=0>)...
2025-10-03 12:40:15,800 [DEBUG] [Dummy-9] [qasync._windows._EventWorker/_windows.py:195]: Thread started
2025-10-03 12:40:16,061 [ERROR] [MainThread] [root/api.py:82]: Weather API invalid JSON response: Expecting value: line 1 column 1 (char 0)
2025-10-03 12:40:16,061 [WARNING] [MainThread] [root/weather.py:517]: Error processing weather data: Weather data is empty.. Retrying fetch in 10 seconds.
2025-10-03 12:40:26,150 [ERROR] [MainThread] [root/api.py:82]: Weather API invalid JSON response: Expecting value: line 1 column 1 (char 0)
2025-10-03 12:40:26,151 [WARNING] [MainThread] [root/weather.py:517]: Error processing weather data: Weather data is empty.. Retrying fetch in 10 seconds.
2025-10-03 12:40:36,225 [ERROR] [MainThread] [root/api.py:82]: Weather API invalid JSON response: Expecting value: line 1 column 1 (char 0)
2025-10-03 12:40:36,226 [WARNING] [MainThread] [root/weather.py:517]: Error processing weather data: Weather data is empty.. Retrying fetch in 10 seconds.
2025-10-03 12:40:46,292 [ERROR] [MainThread] [root/api.py:82]: Weather API invalid JSON response: Expecting value: line 1 column 1 (char 0)
2025-10-03 12:40:46,293 [WARNING] [MainThread] [root/weather.py:517]: Error processing weather data: Weather data is empty.. Retrying fetch in 10 seconds.
2025-10-03 12:40:56,362 [ERROR] [MainThread] [root/api.py:82]: Weather API invalid JSON response: Expecting value: line 1 column 1 (char 0)
2025-10-03 12:40:56,364 [WARNING] [MainThread] [root/weather.py:517]: Error processing weather data: Weather data is empty.. Retrying fetch in 10 seconds.
2025-10-03 12:41:06,426 [ERROR] [MainThread] [root/api.py:82]: Weather API invalid JSON response: Expecting value: line 1 column 1 (char 0)
2025-10-03 12:41:06,426 [WARNING] [MainThread] [root/weather.py:517]: Error processing weather data: Weather data is empty.. Retrying fetch in 10 seconds.
2025-10-03 12:41:16,502 [ERROR] [MainThread] [root/api.py:82]: Weather API invalid JSON response: Expecting value: line 1 column 1 (char 0)
2025-10-03 12:41:16,503 [WARNING] [MainThread] [root/weather.py:517]: Error processing weather data: Weather data is empty.. Retrying fetch in 10 seconds.
2025-10-03 12:41:26,567 [ERROR] [MainThread] [root/api.py:82]: Weather API invalid JSON response: Expecting value: line 1 column 1 (char 0)
2025-10-03 12:41:26,568 [WARNING] [MainThread] [root/weather.py:517]: Error processing weather data: Weather data is empty.. Retrying fetch in 10 seconds.
2025-10-03 12:41:36,623 [ERROR] [MainThread] [root/api.py:82]: Weather API invalid JSON response: Expecting value: line 1 column 1 (char 0)
2025-10-03 12:41:36,623 [WARNING] [MainThread] [root/weather.py:517]: Error processing weather data: Weather data is empty.. Retrying fetch in 10 seconds.
2025-10-03 12:41:46,703 [ERROR] [MainThread] [root/api.py:82]: Weather API invalid JSON response: Expecting value: line 1 column 1 (char 0)
2025-10-03 12:41:46,704 [WARNING] [MainThread] [root/weather.py:517]: Error processing weather data: Weather data is empty.. Retrying fetch in 10 seconds.
2025-10-03 12:41:47,284 [INFO] [Thread-1 (_run_server)] [cli_server/cli_server.py:253]: CLI server received command: stop
2025-10-03 12:41:47,284 [INFO] [Thread-1 (_run_server)] [root/controller.py:35]: Exiting Application from CLI...
2025-10-03 12:41:47,396 [INFO] [Thread-1 (_run_server)] [cli_server/cli_server.py:112]: Log pipe server stopped
2025-10-03 12:41:47,396 [DEBUG] [Thread-1 (_run_server)] [cli_server/cli_server.py:206]: CLI server stopped
2025-10-03 12:41:47,397 [DEBUG] [MainThread] [qasync._windows._EventPoller/_windows.py:220]: Stopping worker thread...
2025-10-03 12:41:47,399 [DEBUG] [Dummy-9] [qasync._windows._EventWorker/_windows.py:204]: Exiting thread
2025-10-03 12:41:47,404 [DEBUG] [MainThread] [qasync._windows._IocpProactor/_windows.py:78]: Closing
2025-10-03 12:41:47,464 [INFO] [MainThread] [core.utils.widgets.taskbar.window_manager/window_manager.py:218]: TaskbarWindowManager stopped
2025-10-03 12:41:49,466 [INFO] [MainThread] [root/log.py:59]: YASB v1.8.2
2025-10-03 12:41:49,467 [INFO] [Thread-1 (_run_server)] [cli_server/cli_server.py:212]: CLI server started v1.1.2
2025-10-03 12:41:49,468 [INFO] [MainThread] [cli_server/cli_server.py:104]: Log pipe server started
2025-10-03 12:41:49,770 [DEBUG] [MainThread] [tzlocal/win32.py:55]: Looking up time zone info from registry
2025-10-03 12:41:50,120 [ERROR] [MainThread] [root/weather.py:59]: API key or location is missing. Please provide a valid API key and location.
2025-10-03 12:41:50,145 [DEBUG] [MainThread] [comtypes/__init__.py:149]: CoInitializeEx(None, 2)
2025-10-03 12:41:51,622 [INFO] [MainThread] [root/bar_manager.py:76]: Starting WindowsNotificationEventListener...
2025-10-03 12:41:51,624 [INFO] [MainThread] [root/bar_manager.py:76]: Starting SystemEventListener...
2025-10-03 12:41:51,624 [INFO] [MainThread] [root/bar_manager.py:76]: Starting KomorebiEventListener...
2025-10-03 12:41:51,625 [INFO] [MainThread] [root/watcher.py:54]: Created file watcher for path C:\Users\Fahim Rifat\.config\yasb
2025-10-03 12:41:51,649 [INFO] [Dummy-5] [root/event_listener.py:51]: Created named pipe yasb-0b3c40ab-a024-11f0-b389-bce92fdcd0ca
2025-10-03 12:41:51,710 [DEBUG] [MainThread] [qasync._windows._EventPoller/_windows.py:215]: Starting (proactor: <_IocpProactor overlapped#=0 result#=0>)...
2025-10-03 12:41:51,712 [DEBUG] [Dummy-9] [qasync._windows._EventWorker/_windows.py:195]: Thread started
2025-10-03 12:41:51,713 [DEBUG] [MainThread] [systray_widget/systray.py:535]: Loading state from C:\Users\Fahim Rifat\AppData\Local\YASB\systray_state_AUOPTRONICSDISPLAY1.json
2025-10-03 12:41:51,714 [DEBUG] [MainThread] [systray_widget/systray.py:545]: State file not found.
2025-10-03 12:41:51,717 [DEBUG] [TrayMonitor] [systray_widget/systray.py:58]: Systray thread is starting...
2025-10-03 12:41:51,718 [DEBUG] [TaskbarService] [systray_widget/systray.py:72]: TaskbarService thread is starting...
2025-10-03 12:41:51,735 [DEBUG] [TaskbarService] [root/tasks_service.py:75]: Found yasb systray hwnd: 1836532
2025-10-03 12:41:51,735 [DEBUG] [TaskbarService] [systray_widget/tasks_service.py:81]: Adding TaskbandHWND prop to hwnd 1836532
2025-10-03 12:41:51,751 [DEBUG] [MainThread] [systray_widget/systray.py:285]: Systray thread started
2025-10-03 12:41:51,867 [DEBUG] [TrayMonitor] [systray_widget/tray_monitor.py:228]: Finding real tray hwnd
2025-10-03 12:41:51,963 [DEBUG] [TaskbarService] [systray_widget/tasks_service.py:81]: Adding TaskbandHWND prop to hwnd 1836532
2025-10-03 12:41:52,038 [DEBUG] [MainThread] [systray_widget/tray_monitor.py:154]: Sending TaskbarCreated message: 49235
2025-10-03 12:41:52,072 [ERROR] [TrayMonitor] [root/app_icons.py:170]: GetIconInfo failed: 0
2025-10-03 12:41:54,062 [DEBUG] [MainThread] [systray_widget/systray.py:473]: Re-sorting widgets
2025-10-03 12:41:54,063 [DEBUG] [MainThread] [systray_widget/systray.py:495]: Updating current state
2025-10-03 12:42:55,930 [INFO] [Thread-1 (_run_server)] [cli_server/cli_server.py:253]: CLI server received command: stop
2025-10-03 12:42:55,930 [INFO] [Thread-1 (_run_server)] [root/controller.py:35]: Exiting Application from CLI...
2025-10-03 12:42:56,041 [INFO] [Thread-1 (_run_server)] [cli_server/cli_server.py:112]: Log pipe server stopped
2025-10-03 12:42:56,042 [DEBUG] [Thread-1 (_run_server)] [cli_server/cli_server.py:206]: CLI server stopped
2025-10-03 12:42:56,043 [DEBUG] [MainThread] [qasync._windows._EventPoller/_windows.py:220]: Stopping worker thread...
2025-10-03 12:42:56,057 [DEBUG] [Dummy-9] [qasync._windows._EventWorker/_windows.py:204]: Exiting thread
2025-10-03 12:42:56,061 [DEBUG] [MainThread] [qasync._windows._IocpProactor/_windows.py:78]: Closing
2025-10-03 12:42:56,135 [DEBUG] [MainThread] [systray_widget/utils.py:96]: Destroying window 1116144
2025-10-03 12:42:56,136 [DEBUG] [MainThread] [systray_widget/utils.py:96]: Destroying window 1836532
2025-10-03 12:42:58,161 [INFO] [MainThread] [root/log.py:59]: YASB v1.8.2
2025-10-03 12:42:58,162 [INFO] [Thread-1 (_run_server)] [cli_server/cli_server.py:212]: CLI server started v1.1.2
2025-10-03 12:42:58,163 [INFO] [MainThread] [cli_server/cli_server.py:104]: Log pipe server started
2025-10-03 12:42:58,602 [DEBUG] [MainThread] [tzlocal/win32.py:55]: Looking up time zone info from registry
2025-10-03 12:42:58,761 [DEBUG] [MainThread] [comtypes/__init__.py:149]: CoInitializeEx(None, 2)
2025-10-03 12:43:00,509 [INFO] [MainThread] [root/bar_manager.py:76]: Starting WindowsNotificationEventListener...
2025-10-03 12:43:00,511 [INFO] [MainThread] [root/bar_manager.py:76]: Starting KomorebiEventListener...
2025-10-03 12:43:00,511 [INFO] [MainThread] [root/bar_manager.py:76]: Starting SystemEventListener...
2025-10-03 12:43:00,514 [INFO] [MainThread] [root/watcher.py:54]: Created file watcher for path C:\Users\Fahim Rifat\.config\yasb
2025-10-03 12:43:00,514 [INFO] [Dummy-8] [root/event_listener.py:51]: Created named pipe yasb-344b6e6e-a024-11f0-a57f-bce92fdcd0ca
2025-10-03 12:43:00,625 [DEBUG] [MainThread] [qasync._windows._EventPoller/_windows.py:215]: Starting (proactor: <_IocpProactor overlapped#=0 result#=0>)...
2025-10-03 12:43:00,627 [DEBUG] [Dummy-12] [qasync._windows._EventWorker/_windows.py:195]: Thread started
2025-10-03 12:43:00,628 [DEBUG] [MainThread] [systray_widget/systray.py:535]: Loading state from C:\Users\Fahim Rifat\AppData\Local\YASB\systray_state_AUOPTRONICSDISPLAY1.json
2025-10-03 12:43:00,628 [DEBUG] [MainThread] [systray_widget/systray.py:545]: State file not found.
2025-10-03 12:43:00,633 [DEBUG] [TrayMonitor] [systray_widget/systray.py:58]: Systray thread is starting...
2025-10-03 12:43:00,633 [DEBUG] [TaskbarService] [systray_widget/systray.py:72]: TaskbarService thread is starting...
2025-10-03 12:43:00,651 [DEBUG] [TaskbarService] [root/tasks_service.py:75]: Found yasb systray hwnd: 1115606
2025-10-03 12:43:00,651 [DEBUG] [TaskbarService] [systray_widget/tasks_service.py:81]: Adding TaskbandHWND prop to hwnd 1115606
2025-10-03 12:43:00,687 [DEBUG] [MainThread] [systray_widget/systray.py:285]: Systray thread started
2025-10-03 12:43:00,809 [DEBUG] [TrayMonitor] [systray_widget/tray_monitor.py:228]: Finding real tray hwnd
2025-10-03 12:43:00,893 [DEBUG] [TaskbarService] [systray_widget/tasks_service.py:81]: Adding TaskbandHWND prop to hwnd 1115606
2025-10-03 12:43:00,930 [DEBUG] [MainThread] [systray_widget/tray_monitor.py:154]: Sending TaskbarCreated message: 49235
2025-10-03 12:43:00,965 [ERROR] [TrayMonitor] [root/app_icons.py:170]: GetIconInfo failed: 0
2025-10-03 12:43:02,939 [DEBUG] [MainThread] [systray_widget/systray.py:473]: Re-sorting widgets
2025-10-03 12:43:02,940 [DEBUG] [MainThread] [systray_widget/systray.py:495]: Updating current state
2025-10-03 12:43:31,558 [ERROR] [MainThread] [root/whkd.py:309]: File not found: C:\Users\Fahim Rifat\.config\whkdrc
2025-10-03 12:43:33,328 [DEBUG] [MainThread] [systray_widget/systray.py:473]: Re-sorting widgets
2025-10-03 12:43:33,330 [DEBUG] [MainThread] [systray_widget/systray.py:495]: Updating current state
2025-10-03 12:43:36,360 [DEBUG] [MainThread] [systray_widget/systray.py:473]: Re-sorting widgets
2025-10-03 12:43:36,361 [DEBUG] [MainThread] [systray_widget/systray.py:495]: Updating current state
2025-10-03 12:43:55,034 [INFO] [Thread-1 (_run_server)] [cli_server/cli_server.py:253]: CLI server received command: stop
2025-10-03 12:43:55,034 [INFO] [Thread-1 (_run_server)] [root/controller.py:35]: Exiting Application from CLI...
2025-10-03 12:43:55,142 [INFO] [Thread-1 (_run_server)] [cli_server/cli_server.py:112]: Log pipe server stopped
2025-10-03 12:43:55,143 [DEBUG] [Thread-1 (_run_server)] [cli_server/cli_server.py:206]: CLI server stopped
2025-10-03 12:43:55,144 [DEBUG] [MainThread] [qasync._windows._EventPoller/_windows.py:220]: Stopping worker thread...
2025-10-03 12:43:55,157 [DEBUG] [Dummy-12] [qasync._windows._EventWorker/_windows.py:204]: Exiting thread
2025-10-03 12:43:55,164 [DEBUG] [MainThread] [qasync._windows._IocpProactor/_windows.py:78]: Closing
2025-10-03 12:43:55,233 [DEBUG] [MainThread] [systray_widget/utils.py:96]: Destroying window 1312838
2025-10-03 12:43:55,234 [DEBUG] [MainThread] [systray_widget/utils.py:96]: Destroying window 1115606
2025-10-03 12:43:57,248 [INFO] [MainThread] [root/log.py:59]: YASB v1.8.2
2025-10-03 12:43:57,249 [INFO] [Thread-1 (_run_server)] [cli_server/cli_server.py:212]: CLI server started v1.1.2
2025-10-03 12:43:57,249 [INFO] [MainThread] [cli_server/cli_server.py:104]: Log pipe server started
2025-10-03 12:43:57,633 [DEBUG] [MainThread] [comtypes/__init__.py:149]: CoInitializeEx(None, 2)
2025-10-03 12:43:58,043 [DEBUG] [MainThread] [tzlocal/win32.py:55]: Looking up time zone info from registry
2025-10-03 12:43:59,410 [INFO] [MainThread] [root/bar_manager.py:76]: Starting SystemEventListener...
2025-10-03 12:43:59,411 [INFO] [MainThread] [root/watcher.py:54]: Created file watcher for path C:\Users\Fahim Rifat\.config\yasb
2025-10-03 12:43:59,500 [DEBUG] [MainThread] [qasync._windows._EventPoller/_windows.py:215]: Starting (proactor: <_IocpProactor overlapped#=0 result#=0>)...
2025-10-03 12:43:59,501 [DEBUG] [Dummy-9] [qasync._windows._EventWorker/_windows.py:195]: Thread started
2025-10-03 12:43:59,742 [ERROR] [MainThread] [root/api.py:82]: Weather API invalid JSON response: Expecting value: line 1 column 1 (char 0)
2025-10-03 12:43:59,742 [WARNING] [MainThread] [root/weather.py:517]: Error processing weather data: Weather data is empty.. Retrying fetch in 10 seconds.
2025-10-03 12:44:09,807 [ERROR] [MainThread] [root/api.py:82]: Weather API invalid JSON response: Expecting value: line 1 column 1 (char 0)
2025-10-03 12:44:09,807 [WARNING] [MainThread] [root/weather.py:517]: Error processing weather data: Weather data is empty.. Retrying fetch in 10 seconds.
2025-10-03 12:44:18,730 [INFO] [Thread-1 (_run_server)] [cli_server/cli_server.py:253]: CLI server received command: stop
2025-10-03 12:44:18,730 [INFO] [Thread-1 (_run_server)] [root/controller.py:35]: Exiting Application from CLI...
2025-10-03 12:44:18,842 [INFO] [Thread-1 (_run_server)] [cli_server/cli_server.py:112]: Log pipe server stopped
2025-10-03 12:44:18,843 [DEBUG] [Thread-1 (_run_server)] [cli_server/cli_server.py:206]: CLI server stopped
2025-10-03 12:44:19,905 [DEBUG] [MainThread] [qasync._windows._EventPoller/_windows.py:220]: Stopping worker thread...
2025-10-03 12:44:19,917 [DEBUG] [Dummy-9] [qasync._windows._EventWorker/_windows.py:204]: Exiting thread
2025-10-03 12:44:19,920 [DEBUG] [MainThread] [qasync._windows._IocpProactor/_windows.py:78]: Closing
2025-10-03 12:44:21,304 [INFO] [MainThread] [root/log.py:59]: YASB v1.8.2
2025-10-03 12:44:21,305 [INFO] [Thread-1 (_run_server)] [cli_server/cli_server.py:212]: CLI server started v1.1.2
2025-10-03 12:44:21,305 [INFO] [MainThread] [cli_server/cli_server.py:104]: Log pipe server started
2025-10-03 12:44:21,606 [DEBUG] [MainThread] [tzlocal/win32.py:55]: Looking up time zone info from registry
2025-10-03 12:44:21,701 [DEBUG] [MainThread] [comtypes/__init__.py:149]: CoInitializeEx(None, 2)
2025-10-03 12:44:23,457 [INFO] [MainThread] [root/bar_manager.py:76]: Starting SystemEventListener...
2025-10-03 12:44:23,457 [INFO] [MainThread] [root/bar_manager.py:76]: Starting WindowsNotificationEventListener...
2025-10-03 12:44:23,459 [INFO] [MainThread] [root/watcher.py:54]: Created file watcher for path C:\Users\Fahim Rifat\.config\yasb
2025-10-03 12:44:23,520 [DEBUG] [MainThread] [qasync._windows._EventPoller/_windows.py:215]: Starting (proactor: <_IocpProactor overlapped#=0 result#=0>)...
2025-10-03 12:44:23,522 [DEBUG] [Dummy-6] [qasync._windows._EventWorker/_windows.py:195]: Thread started
2025-10-03 12:44:23,524 [DEBUG] [MainThread] [systray_widget/systray.py:535]: Loading state from C:\Users\Fahim Rifat\AppData\Local\YASB\systray_state_AUOPTRONICSDISPLAY1.json
2025-10-03 12:44:23,524 [DEBUG] [MainThread] [systray_widget/systray.py:545]: State file not found.
2025-10-03 12:44:23,527 [DEBUG] [TrayMonitor] [systray_widget/systray.py:58]: Systray thread is starting...
2025-10-03 12:44:23,527 [DEBUG] [TaskbarService] [systray_widget/systray.py:72]: TaskbarService thread is starting...
2025-10-03 12:44:23,538 [DEBUG] [TaskbarService] [root/tasks_service.py:75]: Found yasb systray hwnd: 1312214
2025-10-03 12:44:23,539 [DEBUG] [TaskbarService] [systray_widget/tasks_service.py:81]: Adding TaskbandHWND prop to hwnd 1312214
2025-10-03 12:44:23,548 [DEBUG] [MainThread] [systray_widget/systray.py:285]: Systray thread started
2025-10-03 12:44:23,745 [DEBUG] [TrayMonitor] [systray_widget/tray_monitor.py:228]: Finding real tray hwnd
2025-10-03 12:44:23,758 [DEBUG] [TaskbarService] [systray_widget/tasks_service.py:81]: Adding TaskbandHWND prop to hwnd 1312214
2025-10-03 12:44:23,808 [DEBUG] [MainThread] [systray_widget/tray_monitor.py:154]: Sending TaskbarCreated message: 49235
2025-10-03 12:44:23,835 [ERROR] [TrayMonitor] [root/app_icons.py:170]: GetIconInfo failed: 0
2025-10-03 12:44:25,840 [DEBUG] [MainThread] [systray_widget/systray.py:473]: Re-sorting widgets
2025-10-03 12:44:25,841 [DEBUG] [MainThread] [systray_widget/systray.py:495]: Updating current state
2025-10-03 12:44:35,663 [INFO] [Thread-1 (_run_server)] [cli_server/cli_server.py:253]: CLI server received command: stop
2025-10-03 12:44:35,663 [INFO] [Thread-1 (_run_server)] [root/controller.py:35]: Exiting Application from CLI...
2025-10-03 12:44:35,774 [INFO] [Thread-1 (_run_server)] [cli_server/cli_server.py:112]: Log pipe server stopped
2025-10-03 12:44:35,775 [DEBUG] [Thread-1 (_run_server)] [cli_server/cli_server.py:206]: CLI server stopped
2025-10-03 12:44:37,314 [DEBUG] [MainThread] [qasync._windows._EventPoller/_windows.py:220]: Stopping worker thread...
2025-10-03 12:44:37,319 [DEBUG] [Dummy-6] [qasync._windows._EventWorker/_windows.py:204]: Exiting thread
2025-10-03 12:44:37,320 [DEBUG] [MainThread] [qasync._windows._IocpProactor/_windows.py:78]: Closing
2025-10-03 12:44:37,358 [DEBUG] [MainThread] [systray_widget/utils.py:96]: Destroying window 722290
2025-10-03 12:44:37,358 [DEBUG] [MainThread] [systray_widget/utils.py:96]: Destroying window 1312214
2025-10-03 12:44:37,955 [INFO] [MainThread] [root/log.py:59]: YASB v1.8.2
2025-10-03 12:44:37,956 [INFO] [Thread-1 (_run_server)] [cli_server/cli_server.py:212]: CLI server started v1.1.2
2025-10-03 12:44:37,956 [INFO] [MainThread] [cli_server/cli_server.py:104]: Log pipe server started
2025-10-03 12:44:38,244 [DEBUG] [MainThread] [comtypes/__init__.py:149]: CoInitializeEx(None, 2)
2025-10-03 12:44:38,471 [DEBUG] [MainThread] [tzlocal/win32.py:55]: Looking up time zone info from registry
2025-10-03 12:44:39,419 [INFO] [MainThread] [core.utils.widgets.taskbar.window_manager/window_manager.py:191]: TaskbarWindowManager is starting...
2025-10-03 12:44:39,445 [INFO] [MainThread] [root/bar_manager.py:76]: Starting KomorebiEventListener...
2025-10-03 12:44:39,446 [INFO] [MainThread] [root/bar_manager.py:76]: Starting SystemEventListener...
2025-10-03 12:44:39,448 [INFO] [MainThread] [root/watcher.py:54]: Created file watcher for path C:\Users\Fahim Rifat\.config\yasb
2025-10-03 12:44:39,503 [INFO] [Dummy-5] [root/event_listener.py:51]: Created named pipe yasb-6f43cb41-a024-11f0-ba6a-bce92fdcd0ca
2025-10-03 12:44:39,635 [DEBUG] [MainThread] [qasync._windows._EventPoller/_windows.py:215]: Starting (proactor: <_IocpProactor overlapped#=0 result#=0>)...
2025-10-03 12:44:39,642 [DEBUG] [Dummy-9] [qasync._windows._EventWorker/_windows.py:195]: Thread started
2025-10-03 12:44:40,215 [ERROR] [MainThread] [root/api.py:84]: Weather response error 403: API key has been disabled.
2025-10-03 12:44:40,216 [WARNING] [MainThread] [root/weather.py:517]: Error processing weather data: Weather data is empty.. Retrying fetch in 10 seconds.
2025-10-03 12:44:50,456 [ERROR] [MainThread] [root/api.py:84]: Weather response error 401: API key is invalid.
2025-10-03 12:44:50,456 [WARNING] [MainThread] [root/weather.py:517]: Error processing weather data: Weather data is empty.. Retrying fetch in 10 seconds.
2025-10-03 12:44:53,466 [INFO] [Thread-1 (_run_server)] [cli_server/cli_server.py:253]: CLI server received command: stop
2025-10-03 12:44:53,467 [INFO] [Thread-1 (_run_server)] [root/controller.py:35]: Exiting Application from CLI...
2025-10-03 12:44:53,577 [INFO] [Thread-1 (_run_server)] [cli_server/cli_server.py:112]: Log pipe server stopped
2025-10-03 12:44:53,578 [DEBUG] [Thread-1 (_run_server)] [cli_server/cli_server.py:206]: CLI server stopped
2025-10-03 12:44:54,820 [DEBUG] [MainThread] [qasync._windows._EventPoller/_windows.py:220]: Stopping worker thread...
2025-10-03 12:44:54,832 [DEBUG] [Dummy-9] [qasync._windows._EventWorker/_windows.py:204]: Exiting thread
2025-10-03 12:44:54,834 [DEBUG] [MainThread] [qasync._windows._IocpProactor/_windows.py:78]: Closing
2025-10-03 12:44:55,335 [INFO] [MainThread] [root/log.py:59]: YASB v1.8.2
2025-10-03 12:44:55,335 [INFO] [Thread-1 (_run_server)] [cli_server/cli_server.py:212]: CLI server started v1.1.2
2025-10-03 12:44:55,336 [INFO] [MainThread] [cli_server/cli_server.py:104]: Log pipe server started
2025-10-03 12:44:55,337 [ERROR] [MainThread] [root/main.py:77]: Another instance of the YASB is already running.
2025-10-03 12:45:37,260 [INFO] [MainThread] [root/log.py:59]: YASB v1.8.2
2025-10-03 12:45:37,261 [INFO] [Thread-1 (_run_server)] [cli_server/cli_server.py:212]: CLI server started v1.1.2
2025-10-03 12:45:37,262 [INFO] [MainThread] [cli_server/cli_server.py:104]: Log pipe server started
2025-10-03 12:45:37,526 [DEBUG] [MainThread] [tzlocal/win32.py:55]: Looking up time zone info from registry
2025-10-03 12:45:37,712 [DEBUG] [MainThread] [comtypes/__init__.py:149]: CoInitializeEx(None, 2)
2025-10-03 12:45:39,386 [INFO] [MainThread] [root/bar_manager.py:76]: Starting SystemEventListener...
2025-10-03 12:45:39,386 [INFO] [MainThread] [root/bar_manager.py:76]: Starting WindowsNotificationEventListener...
2025-10-03 12:45:39,388 [INFO] [MainThread] [root/watcher.py:54]: Created file watcher for path C:\Users\Fahim Rifat\.config\yasb
2025-10-03 12:45:39,459 [DEBUG] [MainThread] [qasync._windows._EventPoller/_windows.py:215]: Starting (proactor: <_IocpProactor overlapped#=0 result#=0>)...
2025-10-03 12:45:39,461 [DEBUG] [Dummy-6] [qasync._windows._EventWorker/_windows.py:195]: Thread started
2025-10-03 12:45:39,462 [DEBUG] [MainThread] [systray_widget/systray.py:535]: Loading state from C:\Users\Fahim Rifat\AppData\Local\YASB\systray_state_AUOPTRONICSDISPLAY1.json
2025-10-03 12:45:39,462 [DEBUG] [MainThread] [systray_widget/systray.py:545]: State file not found.
2025-10-03 12:45:39,467 [DEBUG] [TrayMonitor] [systray_widget/systray.py:58]: Systray thread is starting...
2025-10-03 12:45:39,467 [DEBUG] [TaskbarService] [systray_widget/systray.py:72]: TaskbarService thread is starting...
2025-10-03 12:45:39,492 [DEBUG] [TaskbarService] [root/tasks_service.py:75]: Found yasb systray hwnd: 2099298
2025-10-03 12:45:39,492 [DEBUG] [TaskbarService] [systray_widget/tasks_service.py:81]: Adding TaskbandHWND prop to hwnd 2099298
2025-10-03 12:45:39,502 [DEBUG] [TrayMonitor] [systray_widget/tray_monitor.py:228]: Finding real tray hwnd
2025-10-03 12:45:39,514 [DEBUG] [MainThread] [systray_widget/systray.py:285]: Systray thread started
2025-10-03 12:45:39,719 [DEBUG] [TaskbarService] [systray_widget/tasks_service.py:81]: Adding TaskbandHWND prop to hwnd 2099298
2025-10-03 12:45:39,746 [DEBUG] [MainThread] [systray_widget/tray_monitor.py:154]: Sending TaskbarCreated message: 49235
2025-10-03 12:45:39,776 [INFO] [MainThread] [root/api.py:69]: Fetching new weather data at 2025-10-03 12:45:39.776568
2025-10-03 12:45:39,783 [ERROR] [TrayMonitor] [root/app_icons.py:170]: GetIconInfo failed: 0
2025-10-03 12:45:41,764 [DEBUG] [MainThread] [systray_widget/systray.py:473]: Re-sorting widgets
2025-10-03 12:45:41,766 [DEBUG] [MainThread] [systray_widget/systray.py:495]: Updating current state
2025-10-03 12:46:51,304 [INFO] [Thread-1 (_run_server)] [cli_server/cli_server.py:253]: CLI server received command: stop
2025-10-03 12:46:51,304 [INFO] [Thread-1 (_run_server)] [root/controller.py:35]: Exiting Application from CLI...
2025-10-03 12:46:51,409 [INFO] [Thread-1 (_run_server)] [cli_server/cli_server.py:112]: Log pipe server stopped
2025-10-03 12:46:51,409 [DEBUG] [Thread-1 (_run_server)] [cli_server/cli_server.py:206]: CLI server stopped
2025-10-03 12:46:51,411 [DEBUG] [MainThread] [qasync._windows._EventPoller/_windows.py:220]: Stopping worker thread...
2025-10-03 12:46:51,424 [DEBUG] [Dummy-6] [qasync._windows._EventWorker/_windows.py:204]: Exiting thread
2025-10-03 12:46:51,439 [DEBUG] [MainThread] [qasync._windows._IocpProactor/_windows.py:78]: Closing
2025-10-03 12:46:51,518 [DEBUG] [MainThread] [systray_widget/utils.py:96]: Destroying window 788470
2025-10-03 12:46:51,519 [DEBUG] [MainThread] [systray_widget/utils.py:96]: Destroying window 2099298
2025-10-03 12:46:53,516 [INFO] [MainThread] [root/log.py:59]: YASB v1.8.2
2025-10-03 12:46:53,517 [INFO] [Thread-1 (_run_server)] [cli_server/cli_server.py:212]: CLI server started v1.1.2
2025-10-03 12:46:53,517 [INFO] [MainThread] [cli_server/cli_server.py:104]: Log pipe server started
2025-10-03 12:46:53,779 [DEBUG] [MainThread] [tzlocal/win32.py:55]: Looking up time zone info from registry
2025-10-03 12:46:54,228 [DEBUG] [MainThread] [comtypes/__init__.py:149]: CoInitializeEx(None, 2)
2025-10-03 12:46:54,542 [ERROR] [Thread-6 (_get_github_data)] [root/github.py:503]: No internet connection. Unable to fetch notifications.
2025-10-03 12:46:55,285 [INFO] [MainThread] [core.utils.widgets.taskbar.window_manager/window_manager.py:191]: TaskbarWindowManager is starting...
2025-10-03 12:46:55,291 [INFO] [MainThread] [root/bar_manager.py:76]: Starting KomorebiEventListener...
2025-10-03 12:46:55,293 [INFO] [MainThread] [root/bar_manager.py:76]: Starting SystemEventListener...
2025-10-03 12:46:55,293 [INFO] [MainThread] [root/watcher.py:54]: Created file watcher for path C:\Users\Fahim Rifat\.config\yasb
2025-10-03 12:46:55,316 [INFO] [Dummy-9] [root/event_listener.py:51]: Created named pipe yasb-c03c506a-a024-11f0-9f44-bce92fdcd0ca
2025-10-03 12:46:55,370 [DEBUG] [MainThread] [qasync._windows._EventPoller/_windows.py:215]: Starting (proactor: <_IocpProactor overlapped#=0 result#=0>)...
2025-10-03 12:46:55,372 [DEBUG] [Dummy-13] [qasync._windows._EventWorker/_windows.py:195]: Thread started
2025-10-03 12:46:55,635 [ERROR] [MainThread] [root/api.py:82]: Weather API invalid JSON response: Expecting value: line 1 column 1 (char 0)
2025-10-03 12:46:55,635 [WARNING] [MainThread] [root/weather.py:517]: Error processing weather data: Weather data is empty.. Retrying fetch in 10 seconds.
2025-10-03 12:47:05,691 [ERROR] [MainThread] [root/api.py:82]: Weather API invalid JSON response: Expecting value: line 1 column 1 (char 0)
2025-10-03 12:47:05,692 [WARNING] [MainThread] [root/weather.py:517]: Error processing weather data: Weather data is empty.. Retrying fetch in 10 seconds.
2025-10-03 12:47:15,743 [ERROR] [MainThread] [root/api.py:82]: Weather API invalid JSON response: Expecting value: line 1 column 1 (char 0)
2025-10-03 12:47:15,743 [WARNING] [MainThread] [root/weather.py:517]: Error processing weather data: Weather data is empty.. Retrying fetch in 10 seconds.
2025-10-03 12:47:25,804 [ERROR] [MainThread] [root/api.py:82]: Weather API invalid JSON response: Expecting value: line 1 column 1 (char 0)
2025-10-03 12:47:25,804 [WARNING] [MainThread] [root/weather.py:517]: Error processing weather data: Weather data is empty.. Retrying fetch in 10 seconds.
2025-10-03 12:47:34,250 [INFO] [Thread-1 (_run_server)] [cli_server/cli_server.py:253]: CLI server received command: stop
2025-10-03 12:47:34,250 [INFO] [Thread-1 (_run_server)] [root/controller.py:35]: Exiting Application from CLI...
2025-10-03 12:47:34,361 [INFO] [Thread-1 (_run_server)] [cli_server/cli_server.py:112]: Log pipe server stopped
2025-10-03 12:47:34,361 [DEBUG] [Thread-1 (_run_server)] [cli_server/cli_server.py:206]: CLI server stopped
2025-10-03 12:47:34,362 [DEBUG] [MainThread] [qasync._windows._EventPoller/_windows.py:220]: Stopping worker thread...
2025-10-03 12:47:34,377 [DEBUG] [Dummy-13] [qasync._windows._EventWorker/_windows.py:204]: Exiting thread
2025-10-03 12:47:34,380 [DEBUG] [MainThread] [qasync._windows._IocpProactor/_windows.py:78]: Closing
2025-10-03 12:47:34,459 [INFO] [MainThread] [core.utils.widgets.taskbar.window_manager/window_manager.py:218]: TaskbarWindowManager stopped
2025-10-03 12:47:35,999 [INFO] [MainThread] [root/log.py:59]: YASB v1.8.2
2025-10-03 12:47:36,000 [INFO] [Thread-1 (_run_server)] [cli_server/cli_server.py:212]: CLI server started v1.1.2
2025-10-03 12:47:36,000 [INFO] [MainThread] [cli_server/cli_server.py:104]: Log pipe server started
2025-10-03 12:47:36,380 [DEBUG] [MainThread] [comtypes/__init__.py:149]: CoInitializeEx(None, 2)
2025-10-03 12:47:36,560 [DEBUG] [MainThread] [tzlocal/win32.py:55]: Looking up time zone info from registry
2025-10-03 12:47:37,925 [INFO] [MainThread] [core.utils.widgets.taskbar.window_manager/window_manager.py:191]: TaskbarWindowManager is starting...
2025-10-03 12:47:37,934 [INFO] [MainThread] [root/bar_manager.py:76]: Starting SystemEventListener...
2025-10-03 12:47:37,934 [INFO] [MainThread] [root/bar_manager.py:76]: Starting KomorebiEventListener...
2025-10-03 12:47:37,935 [INFO] [MainThread] [root/watcher.py:54]: Created file watcher for path C:\Users\Fahim Rifat\.config\yasb
2025-10-03 12:47:37,955 [INFO] [Dummy-5] [root/event_listener.py:51]: Created named pipe yasb-d9a70a35-a024-11f0-ba39-bce92fdcd0ca
2025-10-03 12:47:37,994 [DEBUG] [MainThread] [qasync._windows._EventPoller/_windows.py:215]: Starting (proactor: <_IocpProactor overlapped#=0 result#=0>)...
2025-10-03 12:47:37,996 [DEBUG] [Dummy-9] [qasync._windows._EventWorker/_windows.py:195]: Thread started
2025-10-03 12:47:38,292 [ERROR] [MainThread] [root/api.py:82]: Weather API invalid JSON response: Expecting value: line 1 column 1 (char 0)
2025-10-03 12:47:38,293 [WARNING] [MainThread] [root/weather.py:517]: Error processing weather data: Weather data is empty.. Retrying fetch in 10 seconds.
2025-10-03 12:47:48,381 [ERROR] [MainThread] [root/api.py:82]: Weather API invalid JSON response: Expecting value: line 1 column 1 (char 0)
2025-10-03 12:47:48,381 [WARNING] [MainThread] [root/weather.py:517]: Error processing weather data: Weather data is empty.. Retrying fetch in 10 seconds.
2025-10-03 12:47:59,025 [ERROR] [MainThread] [root/api.py:82]: Weather API invalid JSON response: Expecting value: line 1 column 1 (char 0)
2025-10-03 12:47:59,025 [WARNING] [MainThread] [root/weather.py:517]: Error processing weather data: Weather data is empty.. Retrying fetch in 10 seconds.
2025-10-03 12:48:09,075 [ERROR] [MainThread] [root/api.py:82]: Weather API invalid JSON response: Expecting value: line 1 column 1 (char 0)
2025-10-03 12:48:09,075 [WARNING] [MainThread] [root/weather.py:517]: Error processing weather data: Weather data is empty.. Retrying fetch in 10 seconds.
2025-10-03 12:48:19,154 [ERROR] [MainThread] [root/api.py:82]: Weather API invalid JSON response: Expecting value: line 1 column 1 (char 0)
2025-10-03 12:48:19,155 [WARNING] [MainThread] [root/weather.py:517]: Error processing weather data: Weather data is empty.. Retrying fetch in 10 seconds.
2025-10-03 12:48:29,223 [ERROR] [MainThread] [root/api.py:82]: Weather API invalid JSON response: Expecting value: line 1 column 1 (char 0)
2025-10-03 12:48:29,224 [WARNING] [MainThread] [root/weather.py:517]: Error processing weather data: Weather data is empty.. Retrying fetch in 10 seconds.
2025-10-03 12:48:39,288 [ERROR] [MainThread] [root/api.py:82]: Weather API invalid JSON response: Expecting value: line 1 column 1 (char 0)
2025-10-03 12:48:39,288 [WARNING] [MainThread] [root/weather.py:517]: Error processing weather data: Weather data is empty.. Retrying fetch in 10 seconds.
2025-10-03 12:48:49,362 [ERROR] [MainThread] [root/api.py:82]: Weather API invalid JSON response: Expecting value: line 1 column 1 (char 0)
2025-10-03 12:48:49,362 [WARNING] [MainThread] [root/weather.py:517]: Error processing weather data: Weather data is empty.. Retrying fetch in 10 seconds.
2025-10-03 12:48:59,425 [ERROR] [MainThread] [root/api.py:82]: Weather API invalid JSON response: Expecting value: line 1 column 1 (char 0)
2025-10-03 12:48:59,426 [WARNING] [MainThread] [root/weather.py:517]: Error processing weather data: Weather data is empty.. Retrying fetch in 10 seconds.
2025-10-03 12:49:06,717 [INFO] [MainThread] [root/controller.py:15]: Reloading Application because of config change.
2025-10-03 12:49:06,828 [INFO] [MainThread] [cli_server/cli_server.py:112]: Log pipe server stopped
2025-10-03 12:49:06,829 [DEBUG] [MainThread] [cli_server/cli_server.py:206]: CLI server stopped
2025-10-03 12:49:06,847 [INFO] [MainThread] [root/bar_manager.py:83]: Stopping SystemEventListener...
2025-10-03 12:49:06,848 [INFO] [MainThread] [root/bar_manager.py:83]: Stopping KomorebiEventListener...
2025-10-03 12:49:06,851 [INFO] [MainThread] [core.utils.widgets.taskbar.window_manager/window_manager.py:218]: TaskbarWindowManager stopped
2025-10-03 12:49:06,853 [INFO] [MainThread] [root/bar_manager.py:67]: Successfully loaded updated config and re-initialised all bars.
2025-10-03 12:49:06,854 [DEBUG] [MainThread] [qasync._windows._EventPoller/_windows.py:220]: Stopping worker thread...
2025-10-03 12:49:06,859 [DEBUG] [Dummy-9] [qasync._windows._EventWorker/_windows.py:204]: Exiting thread
2025-10-03 12:49:06,863 [DEBUG] [MainThread] [qasync._windows._IocpProactor/_windows.py:78]: Closing
2025-10-03 12:49:08,320 [INFO] [MainThread] [root/log.py:59]: YASB v1.8.2
2025-10-03 12:49:08,322 [INFO] [Thread-1 (_run_server)] [cli_server/cli_server.py:212]: CLI server started v1.1.2
2025-10-03 12:49:08,323 [INFO] [MainThread] [cli_server/cli_server.py:104]: Log pipe server started
2025-10-03 12:49:08,747 [DEBUG] [MainThread] [comtypes/__init__.py:149]: CoInitializeEx(None, 2)
2025-10-03 12:49:08,927 [DEBUG] [MainThread] [tzlocal/win32.py:55]: Looking up time zone info from registry
2025-10-03 12:49:10,091 [INFO] [MainThread] [core.utils.widgets.taskbar.window_manager/window_manager.py:191]: TaskbarWindowManager is starting...
2025-10-03 12:49:10,100 [INFO] [MainThread] [root/bar_manager.py:76]: Starting SystemEventListener...
2025-10-03 12:49:10,100 [INFO] [MainThread] [root/bar_manager.py:76]: Starting KomorebiEventListener...
2025-10-03 12:49:10,101 [INFO] [MainThread] [root/watcher.py:54]: Created file watcher for path C:\Users\Fahim Rifat\.config\yasb
2025-10-03 12:49:10,122 [INFO] [Dummy-5] [root/event_listener.py:51]: Created named pipe yasb-10967be3-a025-11f0-a1dc-bce92fdcd0ca
2025-10-03 12:49:10,162 [DEBUG] [MainThread] [qasync._windows._EventPoller/_windows.py:215]: Starting (proactor: <_IocpProactor overlapped#=0 result#=0>)...
2025-10-03 12:49:10,164 [DEBUG] [Dummy-9] [qasync._windows._EventWorker/_windows.py:195]: Thread started
2025-10-03 12:49:17,237 [INFO] [MainThread] [root/controller.py:15]: Reloading Application because of config change.
2025-10-03 12:49:17,350 [INFO] [MainThread] [cli_server/cli_server.py:112]: Log pipe server stopped
2025-10-03 12:49:17,350 [DEBUG] [MainThread] [cli_server/cli_server.py:206]: CLI server stopped
2025-10-03 12:49:17,358 [INFO] [MainThread] [root/bar_manager.py:83]: Stopping SystemEventListener...
2025-10-03 12:49:17,358 [INFO] [MainThread] [root/bar_manager.py:83]: Stopping KomorebiEventListener...
2025-10-03 12:49:17,359 [INFO] [MainThread] [core.utils.widgets.taskbar.window_manager/window_manager.py:218]: TaskbarWindowManager stopped
2025-10-03 12:49:17,360 [INFO] [MainThread] [root/bar_manager.py:67]: Successfully loaded updated config and re-initialised all bars.
2025-10-03 12:49:17,360 [DEBUG] [MainThread] [qasync._windows._EventPoller/_windows.py:220]: Stopping worker thread...
2025-10-03 12:49:17,366 [DEBUG] [Dummy-9] [qasync._windows._EventWorker/_windows.py:204]: Exiting thread
2025-10-03 12:49:17,367 [DEBUG] [MainThread] [qasync._windows._IocpProactor/_windows.py:78]: Closing
2025-10-03 12:49:18,186 [INFO] [MainThread] [root/log.py:59]: YASB v1.8.2
2025-10-03 12:49:18,187 [INFO] [Thread-1 (_run_server)] [cli_server/cli_server.py:212]: CLI server started v1.1.2
2025-10-03 12:49:18,188 [INFO] [MainThread] [cli_server/cli_server.py:104]: Log pipe server started
2025-10-03 12:49:18,572 [DEBUG] [MainThread] [comtypes/__init__.py:149]: CoInitializeEx(None, 2)
2025-10-03 12:49:18,750 [DEBUG] [MainThread] [tzlocal/win32.py:55]: Looking up time zone info from registry
2025-10-03 12:49:20,266 [INFO] [MainThread] [core.utils.widgets.taskbar.window_manager/window_manager.py:191]: TaskbarWindowManager is starting...
2025-10-03 12:49:20,275 [INFO] [MainThread] [root/bar_manager.py:76]: Starting SystemEventListener...
2025-10-03 12:49:20,276 [INFO] [MainThread] [root/bar_manager.py:76]: Starting KomorebiEventListener...
2025-10-03 12:49:20,276 [INFO] [MainThread] [root/watcher.py:54]: Created file watcher for path C:\Users\Fahim Rifat\.config\yasb
2025-10-03 12:49:20,299 [INFO] [Dummy-5] [root/event_listener.py:51]: Created named pipe yasb-16a70cc2-a025-11f0-a67f-bce92fdcd0ca
2025-10-03 12:49:20,343 [DEBUG] [MainThread] [qasync._windows._EventPoller/_windows.py:215]: Starting (proactor: <_IocpProactor overlapped#=0 result#=0>)...
2025-10-03 12:49:20,344 [DEBUG] [Dummy-9] [qasync._windows._EventWorker/_windows.py:195]: Thread started
2025-10-03 12:49:53,047 [INFO] [MainThread] [root/controller.py:15]: Reloading Application because of config change.
2025-10-03 12:49:53,162 [INFO] [MainThread] [cli_server/cli_server.py:112]: Log pipe server stopped
2025-10-03 12:49:53,164 [DEBUG] [MainThread] [cli_server/cli_server.py:206]: CLI server stopped
2025-10-03 12:49:53,189 [INFO] [MainThread] [root/bar_manager.py:83]: Stopping SystemEventListener...
2025-10-03 12:49:53,190 [INFO] [MainThread] [root/bar_manager.py:83]: Stopping KomorebiEventListener...
2025-10-03 12:49:53,192 [INFO] [MainThread] [core.utils.widgets.taskbar.window_manager/window_manager.py:218]: TaskbarWindowManager stopped
2025-10-03 12:49:53,195 [INFO] [MainThread] [root/bar_manager.py:67]: Successfully loaded updated config and re-initialised all bars.
2025-10-03 12:49:53,195 [DEBUG] [MainThread] [qasync._windows._EventPoller/_windows.py:220]: Stopping worker thread...
2025-10-03 12:49:53,209 [DEBUG] [Dummy-9] [qasync._windows._EventWorker/_windows.py:204]: Exiting thread
2025-10-03 12:49:53,212 [DEBUG] [MainThread] [qasync._windows._IocpProactor/_windows.py:78]: Closing
2025-10-03 12:49:54,746 [INFO] [MainThread] [root/log.py:59]: YASB v1.8.2
2025-10-03 12:49:54,748 [INFO] [Thread-1 (_run_server)] [cli_server/cli_server.py:212]: CLI server started v1.1.2
2025-10-03 12:49:54,749 [INFO] [MainThread] [cli_server/cli_server.py:104]: Log pipe server started
2025-10-03 12:49:54,912 [WARNING] [MainThread] [root/widget_builder.py:40]: No widget config could be found for widget 'glazewm_workspaces
2025-10-03 12:49:55,069 [DEBUG] [MainThread] [comtypes/__init__.py:149]: CoInitializeEx(None, 2)
2025-10-03 12:49:55,252 [DEBUG] [MainThread] [tzlocal/win32.py:55]: Looking up time zone info from registry
2025-10-03 12:49:56,869 [INFO] [MainThread] [core.utils.widgets.taskbar.window_manager/window_manager.py:191]: TaskbarWindowManager is starting...
2025-10-03 12:49:56,879 [INFO] [MainThread] [root/bar_manager.py:76]: Starting SystemEventListener...
2025-10-03 12:49:56,879 [ERROR] [MainThread] [root/widget_builder.py:86]: Failed to add undefined widget(s)  - The widget "glazewm_workspaces" is undefined.
2025-10-03 12:49:56,933 [INFO] [MainThread] [root/watcher.py:54]: Created file watcher for path C:\Users\Fahim Rifat\.config\yasb
2025-10-03 12:49:56,982 [DEBUG] [MainThread] [qasync._windows._EventPoller/_windows.py:215]: Starting (proactor: <_IocpProactor overlapped#=0 result#=0>)...
2025-10-03 12:49:56,984 [DEBUG] [Dummy-6] [qasync._windows._EventWorker/_windows.py:195]: Thread started
2025-10-03 12:51:00,703 [INFO] [MainThread] [root/controller.py:15]: Reloading Application because of config change.
2025-10-03 12:51:00,817 [INFO] [MainThread] [cli_server/cli_server.py:112]: Log pipe server stopped
2025-10-03 12:51:00,818 [DEBUG] [MainThread] [cli_server/cli_server.py:206]: CLI server stopped
2025-10-03 12:51:00,841 [INFO] [MainThread] [root/bar_manager.py:83]: Stopping SystemEventListener...
2025-10-03 12:51:00,844 [INFO] [MainThread] [core.utils.widgets.taskbar.window_manager/window_manager.py:218]: TaskbarWindowManager stopped
2025-10-03 12:51:00,846 [INFO] [MainThread] [root/bar_manager.py:67]: Successfully loaded updated config and re-initialised all bars.
2025-10-03 12:51:00,847 [DEBUG] [MainThread] [qasync._windows._EventPoller/_windows.py:220]: Stopping worker thread...
2025-10-03 12:51:00,864 [DEBUG] [Dummy-6] [qasync._windows._EventWorker/_windows.py:204]: Exiting thread
2025-10-03 12:51:00,867 [DEBUG] [MainThread] [qasync._windows._IocpProactor/_windows.py:78]: Closing
2025-10-03 12:51:02,332 [INFO] [MainThread] [root/log.py:59]: YASB v1.8.2
2025-10-03 12:51:02,333 [INFO] [Thread-1 (_run_server)] [cli_server/cli_server.py:212]: CLI server started v1.1.2
2025-10-03 12:51:02,334 [INFO] [MainThread] [cli_server/cli_server.py:104]: Log pipe server started
2025-10-03 12:51:02,527 [WARNING] [MainThread] [root/widget_builder.py:40]: No widget config could be found for widget 'glazewm_workspaces
2025-10-03 12:51:02,693 [DEBUG] [MainThread] [comtypes/__init__.py:149]: CoInitializeEx(None, 2)
2025-10-03 12:51:02,871 [DEBUG] [MainThread] [tzlocal/win32.py:55]: Looking up time zone info from registry
2025-10-03 12:51:04,201 [INFO] [MainThread] [core.utils.widgets.taskbar.window_manager/window_manager.py:191]: TaskbarWindowManager is starting...
2025-10-03 12:51:04,212 [INFO] [MainThread] [root/bar_manager.py:76]: Starting SystemEventListener...
2025-10-03 12:51:04,212 [ERROR] [MainThread] [root/widget_builder.py:86]: Failed to add undefined widget(s)  - The widget "glazewm_workspaces" is undefined.
2025-10-03 12:51:04,259 [INFO] [MainThread] [root/watcher.py:54]: Created file watcher for path C:\Users\Fahim Rifat\.config\yasb
2025-10-03 12:51:04,311 [DEBUG] [MainThread] [qasync._windows._EventPoller/_windows.py:215]: Starting (proactor: <_IocpProactor overlapped#=0 result#=0>)...
2025-10-03 12:51:04,312 [DEBUG] [Dummy-6] [qasync._windows._EventWorker/_windows.py:195]: Thread started
2025-10-03 12:51:48,190 [INFO] [MainThread] [root/controller.py:15]: Reloading Application because of config change.
2025-10-03 12:51:48,293 [INFO] [MainThread] [cli_server/cli_server.py:112]: Log pipe server stopped
2025-10-03 12:51:48,293 [DEBUG] [MainThread] [cli_server/cli_server.py:206]: CLI server stopped
2025-10-03 12:51:48,306 [INFO] [MainThread] [root/bar_manager.py:83]: Stopping SystemEventListener...
2025-10-03 12:51:48,309 [INFO] [MainThread] [core.utils.widgets.taskbar.window_manager/window_manager.py:218]: TaskbarWindowManager stopped
2025-10-03 12:51:48,311 [INFO] [MainThread] [root/bar_manager.py:67]: Successfully loaded updated config and re-initialised all bars.
2025-10-03 12:51:48,311 [DEBUG] [MainThread] [qasync._windows._EventPoller/_windows.py:220]: Stopping worker thread...
2025-10-03 12:51:48,324 [DEBUG] [Dummy-6] [qasync._windows._EventWorker/_windows.py:204]: Exiting thread
2025-10-03 12:51:48,328 [DEBUG] [MainThread] [qasync._windows._IocpProactor/_windows.py:78]: Closing
2025-10-03 12:51:49,760 [INFO] [MainThread] [root/log.py:59]: YASB v1.8.2
2025-10-03 12:51:49,761 [INFO] [Thread-1 (_run_server)] [cli_server/cli_server.py:212]: CLI server started v1.1.2
2025-10-03 12:51:49,762 [INFO] [MainThread] [cli_server/cli_server.py:104]: Log pipe server started
2025-10-03 12:51:49,954 [WARNING] [MainThread] [root/widget_builder.py:40]: No widget config could be found for widget 'glazewm_workspaces
2025-10-03 12:51:50,114 [DEBUG] [MainThread] [comtypes/__init__.py:149]: CoInitializeEx(None, 2)
2025-10-03 12:51:50,295 [DEBUG] [MainThread] [tzlocal/win32.py:55]: Looking up time zone info from registry
2025-10-03 12:51:51,638 [INFO] [MainThread] [core.utils.widgets.taskbar.window_manager/window_manager.py:191]: TaskbarWindowManager is starting...
2025-10-03 12:51:51,653 [INFO] [MainThread] [root/bar_manager.py:76]: Starting SystemEventListener...
2025-10-03 12:51:51,653 [ERROR] [MainThread] [root/widget_builder.py:86]: Failed to add undefined widget(s)  - The widget "glazewm_workspaces" is undefined.
2025-10-03 12:51:51,706 [INFO] [MainThread] [root/watcher.py:54]: Created file watcher for path C:\Users\Fahim Rifat\.config\yasb
2025-10-03 12:51:51,765 [DEBUG] [MainThread] [qasync._windows._EventPoller/_windows.py:215]: Starting (proactor: <_IocpProactor overlapped#=0 result#=0>)...
2025-10-03 12:51:51,766 [DEBUG] [Dummy-6] [qasync._windows._EventWorker/_windows.py:195]: Thread started
2025-10-03 12:51:57,279 [INFO] [MainThread] [root/controller.py:15]: Reloading Application because of config change.
2025-10-03 12:51:57,390 [INFO] [MainThread] [cli_server/cli_server.py:112]: Log pipe server stopped
2025-10-03 12:51:57,391 [DEBUG] [MainThread] [cli_server/cli_server.py:206]: CLI server stopped
2025-10-03 12:51:57,409 [INFO] [MainThread] [root/bar_manager.py:83]: Stopping SystemEventListener...
2025-10-03 12:51:57,412 [INFO] [MainThread] [core.utils.widgets.taskbar.window_manager/window_manager.py:218]: TaskbarWindowManager stopped
2025-10-03 12:51:57,414 [INFO] [MainThread] [root/bar_manager.py:67]: Successfully loaded updated config and re-initialised all bars.
2025-10-03 12:51:57,415 [DEBUG] [MainThread] [qasync._windows._EventPoller/_windows.py:220]: Stopping worker thread...
2025-10-03 12:51:57,422 [DEBUG] [Dummy-6] [qasync._windows._EventWorker/_windows.py:204]: Exiting thread
2025-10-03 12:51:57,428 [DEBUG] [MainThread] [qasync._windows._IocpProactor/_windows.py:78]: Closing
2025-10-03 12:51:58,150 [INFO] [MainThread] [root/log.py:59]: YASB v1.8.2
2025-10-03 12:51:58,150 [INFO] [Thread-1 (_run_server)] [cli_server/cli_server.py:212]: CLI server started v1.1.2
2025-10-03 12:51:58,150 [INFO] [MainThread] [cli_server/cli_server.py:104]: Log pipe server started
2025-10-03 12:51:58,500 [DEBUG] [MainThread] [comtypes/__init__.py:149]: CoInitializeEx(None, 2)
2025-10-03 12:51:58,684 [DEBUG] [MainThread] [tzlocal/win32.py:55]: Looking up time zone info from registry
2025-10-03 12:51:59,932 [INFO] [MainThread] [core.utils.widgets.taskbar.window_manager/window_manager.py:191]: TaskbarWindowManager is starting...
2025-10-03 12:51:59,941 [INFO] [MainThread] [root/bar_manager.py:76]: Starting SystemEventListener...
2025-10-03 12:51:59,942 [INFO] [MainThread] [root/bar_manager.py:76]: Starting KomorebiEventListener...
2025-10-03 12:51:59,942 [INFO] [MainThread] [root/watcher.py:54]: Created file watcher for path C:\Users\Fahim Rifat\.config\yasb
2025-10-03 12:51:59,961 [INFO] [Dummy-5] [root/event_listener.py:51]: Created named pipe yasb-75d22f58-a025-11f0-a716-bce92fdcd0ca
2025-10-03 12:52:00,005 [DEBUG] [MainThread] [qasync._windows._EventPoller/_windows.py:215]: Starting (proactor: <_IocpProactor overlapped#=0 result#=0>)...
2025-10-03 12:52:00,007 [DEBUG] [Dummy-9] [qasync._windows._EventWorker/_windows.py:195]: Thread started
2025-10-03 12:52:26,330 [INFO] [MainThread] [root/controller.py:15]: Reloading Application because of config change.
2025-10-03 12:52:26,437 [INFO] [MainThread] [cli_server/cli_server.py:112]: Log pipe server stopped
2025-10-03 12:52:26,438 [DEBUG] [MainThread] [cli_server/cli_server.py:206]: CLI server stopped
2025-10-03 12:52:26,466 [INFO] [MainThread] [root/bar_manager.py:83]: Stopping SystemEventListener...
2025-10-03 12:52:26,466 [INFO] [MainThread] [root/bar_manager.py:83]: Stopping KomorebiEventListener...
2025-10-03 12:52:26,467 [INFO] [MainThread] [core.utils.widgets.taskbar.window_manager/window_manager.py:218]: TaskbarWindowManager stopped
2025-10-03 12:52:26,468 [INFO] [MainThread] [root/bar_manager.py:67]: Successfully loaded updated config and re-initialised all bars.
2025-10-03 12:52:26,468 [DEBUG] [MainThread] [qasync._windows._EventPoller/_windows.py:220]: Stopping worker thread...
2025-10-03 12:52:26,483 [DEBUG] [Dummy-9] [qasync._windows._EventWorker/_windows.py:204]: Exiting thread
2025-10-03 12:52:26,485 [DEBUG] [MainThread] [qasync._windows._IocpProactor/_windows.py:78]: Closing
2025-10-03 12:52:27,112 [INFO] [MainThread] [root/log.py:59]: YASB v1.8.2
2025-10-03 12:52:27,113 [INFO] [Thread-1 (_run_server)] [cli_server/cli_server.py:212]: CLI server started v1.1.2
2025-10-03 12:52:27,114 [INFO] [MainThread] [cli_server/cli_server.py:104]: Log pipe server started
2025-10-03 12:52:27,432 [DEBUG] [MainThread] [comtypes/__init__.py:149]: CoInitializeEx(None, 2)
2025-10-03 12:52:27,622 [DEBUG] [MainThread] [tzlocal/win32.py:55]: Looking up time zone info from registry
2025-10-03 12:52:28,866 [INFO] [MainThread] [core.utils.widgets.taskbar.window_manager/window_manager.py:191]: TaskbarWindowManager is starting...
2025-10-03 12:52:28,878 [INFO] [MainThread] [root/bar_manager.py:76]: Starting KomorebiEventListener...
2025-10-03 12:52:28,878 [INFO] [MainThread] [root/bar_manager.py:76]: Starting SystemEventListener...
2025-10-03 12:52:28,879 [INFO] [MainThread] [root/watcher.py:54]: Created file watcher for path C:\Users\Fahim Rifat\.config\yasb
2025-10-03 12:52:28,899 [INFO] [Dummy-5] [root/event_listener.py:51]: Created named pipe yasb-87116d94-a025-11f0-b1f4-bce92fdcd0ca
2025-10-03 12:52:28,943 [DEBUG] [MainThread] [qasync._windows._EventPoller/_windows.py:215]: Starting (proactor: <_IocpProactor overlapped#=0 result#=0>)...
2025-10-03 12:52:28,946 [DEBUG] [Dummy-9] [qasync._windows._EventWorker/_windows.py:195]: Thread started
2025-10-03 12:52:42,871 [INFO] [MainThread] [root/controller.py:15]: Reloading Application because of config change.
2025-10-03 12:52:42,974 [INFO] [MainThread] [cli_server/cli_server.py:112]: Log pipe server stopped
2025-10-03 12:52:42,975 [DEBUG] [MainThread] [cli_server/cli_server.py:206]: CLI server stopped
2025-10-03 12:52:42,993 [INFO] [MainThread] [root/bar_manager.py:83]: Stopping KomorebiEventListener...
2025-10-03 12:52:42,994 [INFO] [MainThread] [root/bar_manager.py:83]: Stopping SystemEventListener...
2025-10-03 12:52:42,996 [INFO] [MainThread] [core.utils.widgets.taskbar.window_manager/window_manager.py:218]: TaskbarWindowManager stopped
2025-10-03 12:52:42,998 [INFO] [MainThread] [root/bar_manager.py:67]: Successfully loaded updated config and re-initialised all bars.
2025-10-03 12:52:42,998 [DEBUG] [MainThread] [qasync._windows._EventPoller/_windows.py:220]: Stopping worker thread...
2025-10-03 12:52:43,005 [DEBUG] [Dummy-9] [qasync._windows._EventWorker/_windows.py:204]: Exiting thread
2025-10-03 12:52:43,007 [DEBUG] [MainThread] [qasync._windows._IocpProactor/_windows.py:78]: Closing
2025-10-03 12:52:44,341 [INFO] [MainThread] [root/log.py:59]: YASB v1.8.2
2025-10-03 12:52:44,341 [INFO] [Thread-1 (_run_server)] [cli_server/cli_server.py:212]: CLI server started v1.1.2
2025-10-03 12:52:44,342 [INFO] [MainThread] [cli_server/cli_server.py:104]: Log pipe server started
2025-10-03 12:52:44,678 [DEBUG] [MainThread] [comtypes/__init__.py:149]: CoInitializeEx(None, 2)
2025-10-03 12:52:44,861 [DEBUG] [MainThread] [tzlocal/win32.py:55]: Looking up time zone info from registry
2025-10-03 12:52:46,349 [INFO] [MainThread] [core.utils.widgets.taskbar.window_manager/window_manager.py:191]: TaskbarWindowManager is starting...
2025-10-03 12:52:46,360 [INFO] [MainThread] [root/bar_manager.py:76]: Starting KomorebiEventListener...
2025-10-03 12:52:46,361 [INFO] [MainThread] [root/bar_manager.py:76]: Starting SystemEventListener...
2025-10-03 12:52:46,361 [INFO] [MainThread] [root/watcher.py:54]: Created file watcher for path C:\Users\Fahim Rifat\.config\yasb
2025-10-03 12:52:46,363 [INFO] [Dummy-5] [root/event_listener.py:51]: Created named pipe yasb-917d0d3c-a025-11f0-8d88-bce92fdcd0ca
2025-10-03 12:52:46,457 [DEBUG] [MainThread] [qasync._windows._EventPoller/_windows.py:215]: Starting (proactor: <_IocpProactor overlapped#=0 result#=0>)...
2025-10-03 12:52:46,464 [DEBUG] [Dummy-9] [qasync._windows._EventWorker/_windows.py:195]: Thread started
2025-10-03 12:52:59,259 [INFO] [MainThread] [root/controller.py:15]: Reloading Application because of config change.
2025-10-03 12:52:59,373 [INFO] [MainThread] [cli_server/cli_server.py:112]: Log pipe server stopped
2025-10-03 12:52:59,374 [DEBUG] [MainThread] [cli_server/cli_server.py:206]: CLI server stopped
2025-10-03 12:52:59,400 [INFO] [MainThread] [root/bar_manager.py:83]: Stopping KomorebiEventListener...
2025-10-03 12:52:59,401 [INFO] [MainThread] [root/bar_manager.py:83]: Stopping SystemEventListener...
2025-10-03 12:52:59,403 [INFO] [MainThread] [core.utils.widgets.taskbar.window_manager/window_manager.py:218]: TaskbarWindowManager stopped
2025-10-03 12:52:59,405 [INFO] [MainThread] [root/bar_manager.py:67]: Successfully loaded updated config and re-initialised all bars.
2025-10-03 12:52:59,406 [DEBUG] [MainThread] [qasync._windows._EventPoller/_windows.py:220]: Stopping worker thread...
2025-10-03 12:52:59,419 [DEBUG] [Dummy-9] [qasync._windows._EventWorker/_windows.py:204]: Exiting thread
2025-10-03 12:52:59,423 [DEBUG] [MainThread] [qasync._windows._IocpProactor/_windows.py:78]: Closing
2025-10-03 12:53:00,089 [INFO] [MainThread] [root/log.py:59]: YASB v1.8.2
2025-10-03 12:53:00,090 [INFO] [Thread-1 (_run_server)] [cli_server/cli_server.py:212]: CLI server started v1.1.2
2025-10-03 12:53:00,091 [INFO] [MainThread] [cli_server/cli_server.py:104]: Log pipe server started
2025-10-03 12:53:00,446 [DEBUG] [MainThread] [comtypes/__init__.py:149]: CoInitializeEx(None, 2)
2025-10-03 12:53:00,624 [DEBUG] [MainThread] [tzlocal/win32.py:55]: Looking up time zone info from registry
2025-10-03 12:53:01,871 [INFO] [MainThread] [core.utils.widgets.taskbar.window_manager/window_manager.py:191]: TaskbarWindowManager is starting...
2025-10-03 12:53:01,882 [INFO] [MainThread] [root/bar_manager.py:76]: Starting SystemEventListener...
2025-10-03 12:53:01,882 [INFO] [MainThread] [root/bar_manager.py:76]: Starting KomorebiEventListener...
2025-10-03 12:53:01,883 [INFO] [MainThread] [root/watcher.py:54]: Created file watcher for path C:\Users\Fahim Rifat\.config\yasb
2025-10-03 12:53:01,906 [INFO] [Dummy-5] [root/event_listener.py:51]: Created named pipe yasb-9abd979c-a025-11f0-a1da-bce92fdcd0ca
2025-10-03 12:53:01,956 [DEBUG] [MainThread] [qasync._windows._EventPoller/_windows.py:215]: Starting (proactor: <_IocpProactor overlapped#=0 result#=0>)...
2025-10-03 12:53:01,958 [DEBUG] [Dummy-9] [qasync._windows._EventWorker/_windows.py:195]: Thread started
2025-10-03 12:53:46,677 [INFO] [MainThread] [root/controller.py:15]: Reloading Application because of config change.
2025-10-03 12:53:46,792 [INFO] [MainThread] [cli_server/cli_server.py:112]: Log pipe server stopped
2025-10-03 12:53:46,792 [DEBUG] [MainThread] [cli_server/cli_server.py:206]: CLI server stopped
2025-10-03 12:53:46,805 [INFO] [MainThread] [root/bar_manager.py:83]: Stopping SystemEventListener...
2025-10-03 12:53:46,807 [INFO] [MainThread] [root/bar_manager.py:83]: Stopping KomorebiEventListener...
2025-10-03 12:53:46,809 [INFO] [MainThread] [core.utils.widgets.taskbar.window_manager/window_manager.py:218]: TaskbarWindowManager stopped
2025-10-03 12:53:46,810 [INFO] [MainThread] [root/bar_manager.py:67]: Successfully loaded updated config and re-initialised all bars.
2025-10-03 12:53:46,811 [DEBUG] [MainThread] [qasync._windows._EventPoller/_windows.py:220]: Stopping worker thread...
2025-10-03 12:53:46,823 [DEBUG] [Dummy-9] [qasync._windows._EventWorker/_windows.py:204]: Exiting thread
2025-10-03 12:53:46,825 [DEBUG] [MainThread] [qasync._windows._IocpProactor/_windows.py:78]: Closing
2025-10-03 12:53:48,119 [INFO] [MainThread] [root/log.py:59]: YASB v1.8.2
2025-10-03 12:53:48,120 [INFO] [Thread-1 (_run_server)] [cli_server/cli_server.py:212]: CLI server started v1.1.2
2025-10-03 12:53:48,120 [INFO] [MainThread] [cli_server/cli_server.py:104]: Log pipe server started
2025-10-03 12:53:48,452 [WARNING] [MainThread] [root/widget_builder.py:40]: No widget config could be found for widget 'wifi
2025-10-03 12:53:48,457 [DEBUG] [MainThread] [comtypes/__init__.py:149]: CoInitializeEx(None, 2)
2025-10-03 12:53:48,636 [DEBUG] [MainThread] [tzlocal/win32.py:55]: Looking up time zone info from registry
2025-10-03 12:53:49,823 [INFO] [MainThread] [core.utils.widgets.taskbar.window_manager/window_manager.py:191]: TaskbarWindowManager is starting...
2025-10-03 12:53:49,833 [INFO] [MainThread] [root/bar_manager.py:76]: Starting KomorebiEventListener...
2025-10-03 12:53:49,834 [INFO] [MainThread] [root/bar_manager.py:76]: Starting SystemEventListener...
2025-10-03 12:53:49,834 [ERROR] [MainThread] [root/widget_builder.py:86]: Failed to add undefined widget(s)  - The widget "wifi" is undefined.
2025-10-03 12:53:49,837 [INFO] [Dummy-3] [root/event_listener.py:51]: Created named pipe yasb-b7524c9a-a025-11f0-a589-bce92fdcd0ca
2025-10-03 12:53:49,881 [INFO] [MainThread] [root/watcher.py:54]: Created file watcher for path C:\Users\Fahim Rifat\.config\yasb
2025-10-03 12:53:49,939 [DEBUG] [MainThread] [qasync._windows._EventPoller/_windows.py:215]: Starting (proactor: <_IocpProactor overlapped#=0 result#=0>)...
2025-10-03 12:53:49,941 [DEBUG] [Dummy-9] [qasync._windows._EventWorker/_windows.py:195]: Thread started
2025-10-03 12:54:02,912 [INFO] [MainThread] [root/controller.py:15]: Reloading Application because of config change.
2025-10-03 12:54:03,016 [INFO] [MainThread] [cli_server/cli_server.py:112]: Log pipe server stopped
2025-10-03 12:54:03,017 [DEBUG] [MainThread] [cli_server/cli_server.py:206]: CLI server stopped
2025-10-03 12:54:03,039 [INFO] [MainThread] [root/bar_manager.py:83]: Stopping KomorebiEventListener...
2025-10-03 12:54:03,040 [INFO] [MainThread] [root/bar_manager.py:83]: Stopping SystemEventListener...
2025-10-03 12:54:03,042 [INFO] [MainThread] [core.utils.widgets.taskbar.window_manager/window_manager.py:218]: TaskbarWindowManager stopped
2025-10-03 12:54:03,043 [INFO] [MainThread] [root/bar_manager.py:67]: Successfully loaded updated config and re-initialised all bars.
2025-10-03 12:54:03,043 [DEBUG] [MainThread] [qasync._windows._EventPoller/_windows.py:220]: Stopping worker thread...
2025-10-03 12:54:03,062 [DEBUG] [Dummy-9] [qasync._windows._EventWorker/_windows.py:204]: Exiting thread
2025-10-03 12:54:03,063 [DEBUG] [MainThread] [qasync._windows._IocpProactor/_windows.py:78]: Closing
2025-10-03 12:54:03,692 [INFO] [MainThread] [root/log.py:59]: YASB v1.8.2
2025-10-03 12:54:03,693 [INFO] [Thread-1 (_run_server)] [cli_server/cli_server.py:212]: CLI server started v1.1.2
2025-10-03 12:54:03,694 [INFO] [MainThread] [cli_server/cli_server.py:104]: Log pipe server started
2025-10-03 12:54:04,026 [DEBUG] [MainThread] [comtypes/__init__.py:149]: CoInitializeEx(None, 2)
2025-10-03 12:54:04,206 [DEBUG] [MainThread] [tzlocal/win32.py:55]: Looking up time zone info from registry
2025-10-03 12:54:05,419 [INFO] [MainThread] [core.utils.widgets.taskbar.window_manager/window_manager.py:191]: TaskbarWindowManager is starting...
2025-10-03 12:54:05,429 [INFO] [MainThread] [root/bar_manager.py:76]: Starting SystemEventListener...
2025-10-03 12:54:05,429 [INFO] [MainThread] [root/bar_manager.py:76]: Starting KomorebiEventListener...
2025-10-03 12:54:05,430 [INFO] [MainThread] [root/watcher.py:54]: Created file watcher for path C:\Users\Fahim Rifat\.config\yasb
2025-10-03 12:54:05,452 [INFO] [Dummy-5] [root/event_listener.py:51]: Created named pipe yasb-c09df807-a025-11f0-82a4-bce92fdcd0ca
2025-10-03 12:54:05,499 [DEBUG] [MainThread] [qasync._windows._EventPoller/_windows.py:215]: Starting (proactor: <_IocpProactor overlapped#=0 result#=0>)...
2025-10-03 12:54:05,502 [DEBUG] [Dummy-9] [qasync._windows._EventWorker/_windows.py:195]: Thread started
2025-10-03 12:58:45,337 [DEBUG] [MainThread] [root/volume.py:328]: Attempting PolicyConfig interface with device: {0.0.0.00000000}.{a08a8e85-739b-48de-9a60-08fcbb379498}
2025-10-03 13:01:31,652 [INFO] [MainThread] [root/controller.py:15]: Reloading Application because of config change.
2025-10-03 13:01:31,764 [INFO] [MainThread] [cli_server/cli_server.py:112]: Log pipe server stopped
2025-10-03 13:01:31,764 [DEBUG] [MainThread] [cli_server/cli_server.py:206]: CLI server stopped
2025-10-03 13:01:31,773 [INFO] [MainThread] [root/bar_manager.py:83]: Stopping SystemEventListener...
2025-10-03 13:01:31,773 [INFO] [MainThread] [root/bar_manager.py:83]: Stopping KomorebiEventListener...
2025-10-03 13:01:31,774 [INFO] [MainThread] [core.utils.widgets.taskbar.window_manager/window_manager.py:218]: TaskbarWindowManager stopped
2025-10-03 13:01:31,775 [INFO] [MainThread] [root/bar_manager.py:67]: Successfully loaded updated config and re-initialised all bars.
2025-10-03 13:01:31,775 [DEBUG] [MainThread] [qasync._windows._EventPoller/_windows.py:220]: Stopping worker thread...
2025-10-03 13:01:31,779 [DEBUG] [Dummy-9] [qasync._windows._EventWorker/_windows.py:204]: Exiting thread
2025-10-03 13:01:31,781 [DEBUG] [MainThread] [qasync._windows._IocpProactor/_windows.py:78]: Closing
2025-10-03 13:01:32,423 [INFO] [MainThread] [root/log.py:59]: YASB v1.8.2
2025-10-03 13:01:32,424 [INFO] [Thread-1 (_run_server)] [cli_server/cli_server.py:212]: CLI server started v1.1.2
2025-10-03 13:01:32,424 [INFO] [MainThread] [cli_server/cli_server.py:104]: Log pipe server started
2025-10-03 13:01:32,737 [DEBUG] [MainThread] [comtypes/__init__.py:149]: CoInitializeEx(None, 2)
2025-10-03 13:01:32,923 [DEBUG] [MainThread] [tzlocal/win32.py:55]: Looking up time zone info from registry
2025-10-03 13:01:33,894 [INFO] [MainThread] [core.utils.widgets.taskbar.window_manager/window_manager.py:191]: TaskbarWindowManager is starting...
2025-10-03 13:01:33,904 [INFO] [MainThread] [root/bar_manager.py:76]: Starting KomorebiEventListener...
2025-10-03 13:01:33,904 [INFO] [MainThread] [root/bar_manager.py:76]: Starting SystemEventListener...
2025-10-03 13:01:33,905 [INFO] [MainThread] [root/watcher.py:54]: Created file watcher for path C:\Users\Fahim Rifat\.config\yasb
2025-10-03 13:01:33,932 [INFO] [Dummy-5] [root/event_listener.py:51]: Created named pipe yasb-cbedb54c-a026-11f0-97d3-bce92fdcd0ca
2025-10-03 13:01:33,974 [DEBUG] [MainThread] [qasync._windows._EventPoller/_windows.py:215]: Starting (proactor: <_IocpProactor overlapped#=0 result#=0>)...
2025-10-03 13:01:33,976 [DEBUG] [Dummy-9] [qasync._windows._EventWorker/_windows.py:195]: Thread started
2025-10-03 13:01:41,869 [INFO] [MainThread] [root/controller.py:15]: Reloading Application because of config change.
2025-10-03 13:01:41,980 [INFO] [MainThread] [cli_server/cli_server.py:112]: Log pipe server stopped
2025-10-03 13:01:41,980 [DEBUG] [MainThread] [cli_server/cli_server.py:206]: CLI server stopped
2025-10-03 13:01:41,988 [INFO] [MainThread] [root/bar_manager.py:83]: Stopping KomorebiEventListener...
2025-10-03 13:01:41,988 [INFO] [MainThread] [root/bar_manager.py:83]: Stopping SystemEventListener...
2025-10-03 13:01:41,989 [INFO] [MainThread] [core.utils.widgets.taskbar.window_manager/window_manager.py:218]: TaskbarWindowManager stopped
2025-10-03 13:01:41,990 [INFO] [MainThread] [root/bar_manager.py:67]: Successfully loaded updated config and re-initialised all bars.
2025-10-03 13:01:41,990 [DEBUG] [MainThread] [qasync._windows._EventPoller/_windows.py:220]: Stopping worker thread...
2025-10-03 13:01:41,995 [DEBUG] [Dummy-9] [qasync._windows._EventWorker/_windows.py:204]: Exiting thread
2025-10-03 13:01:41,997 [DEBUG] [MainThread] [qasync._windows._IocpProactor/_windows.py:78]: Closing
2025-10-03 13:01:42,593 [INFO] [MainThread] [root/log.py:59]: YASB v1.8.2
2025-10-03 13:01:42,593 [INFO] [Thread-1 (_run_server)] [cli_server/cli_server.py:212]: CLI server started v1.1.2
2025-10-03 13:01:42,594 [INFO] [MainThread] [cli_server/cli_server.py:104]: Log pipe server started
2025-10-03 13:01:42,900 [DEBUG] [MainThread] [comtypes/__init__.py:149]: CoInitializeEx(None, 2)
2025-10-03 13:01:43,079 [DEBUG] [MainThread] [tzlocal/win32.py:55]: Looking up time zone info from registry
2025-10-03 13:01:44,173 [INFO] [MainThread] [core.utils.widgets.taskbar.window_manager/window_manager.py:191]: TaskbarWindowManager is starting...
2025-10-03 13:01:44,182 [INFO] [MainThread] [root/bar_manager.py:76]: Starting KomorebiEventListener...
2025-10-03 13:01:44,183 [INFO] [MainThread] [root/bar_manager.py:76]: Starting SystemEventListener...
2025-10-03 13:01:44,183 [INFO] [MainThread] [root/watcher.py:54]: Created file watcher for path C:\Users\Fahim Rifat\.config\yasb
2025-10-03 13:01:44,205 [INFO] [Dummy-5] [root/event_listener.py:51]: Created named pipe yasb-d20e340f-a026-11f0-9f08-bce92fdcd0ca
2025-10-03 13:01:44,245 [DEBUG] [MainThread] [qasync._windows._EventPoller/_windows.py:215]: Starting (proactor: <_IocpProactor overlapped#=0 result#=0>)...
2025-10-03 13:01:44,247 [DEBUG] [Dummy-9] [qasync._windows._EventWorker/_windows.py:195]: Thread started
2025-10-03 13:02:04,731 [INFO] [MainThread] [root/controller.py:15]: Reloading Application because of config change.
2025-10-03 13:02:04,831 [INFO] [MainThread] [cli_server/cli_server.py:112]: Log pipe server stopped
2025-10-03 13:02:04,831 [DEBUG] [MainThread] [cli_server/cli_server.py:206]: CLI server stopped
2025-10-03 13:02:04,842 [INFO] [MainThread] [root/bar_manager.py:83]: Stopping KomorebiEventListener...
2025-10-03 13:02:04,843 [INFO] [MainThread] [root/bar_manager.py:83]: Stopping SystemEventListener...
2025-10-03 13:02:04,844 [INFO] [MainThread] [core.utils.widgets.taskbar.window_manager/window_manager.py:218]: TaskbarWindowManager stopped
2025-10-03 13:02:04,845 [INFO] [MainThread] [root/bar_manager.py:67]: Successfully loaded updated config and re-initialised all bars.
2025-10-03 13:02:04,845 [DEBUG] [MainThread] [qasync._windows._EventPoller/_windows.py:220]: Stopping worker thread...
2025-10-03 13:02:04,846 [DEBUG] [Dummy-9] [qasync._windows._EventWorker/_windows.py:204]: Exiting thread
2025-10-03 13:02:04,848 [DEBUG] [MainThread] [qasync._windows._IocpProactor/_windows.py:78]: Closing
2025-10-03 13:02:06,104 [INFO] [MainThread] [root/log.py:59]: YASB v1.8.2
2025-10-03 13:02:06,105 [INFO] [Thread-1 (_run_server)] [cli_server/cli_server.py:212]: CLI server started v1.1.2
2025-10-03 13:02:06,105 [INFO] [MainThread] [cli_server/cli_server.py:104]: Log pipe server started
2025-10-03 13:02:06,414 [DEBUG] [MainThread] [comtypes/__init__.py:149]: CoInitializeEx(None, 2)
2025-10-03 13:02:06,591 [DEBUG] [MainThread] [tzlocal/win32.py:55]: Looking up time zone info from registry
2025-10-03 13:02:07,643 [INFO] [MainThread] [core.utils.widgets.taskbar.window_manager/window_manager.py:191]: TaskbarWindowManager is starting...
2025-10-03 13:02:07,652 [INFO] [MainThread] [root/bar_manager.py:76]: Starting KomorebiEventListener...
2025-10-03 13:02:07,653 [INFO] [MainThread] [root/bar_manager.py:76]: Starting SystemEventListener...
2025-10-03 13:02:07,653 [INFO] [MainThread] [root/watcher.py:54]: Created file watcher for path C:\Users\Fahim Rifat\.config\yasb
2025-10-03 13:02:07,675 [INFO] [Dummy-5] [root/event_listener.py:51]: Created named pipe yasb-e00b5386-a026-11f0-b1f2-bce92fdcd0ca
2025-10-03 13:02:07,721 [DEBUG] [MainThread] [qasync._windows._EventPoller/_windows.py:215]: Starting (proactor: <_IocpProactor overlapped#=0 result#=0>)...
2025-10-03 13:02:07,723 [DEBUG] [Dummy-9] [qasync._windows._EventWorker/_windows.py:195]: Thread started
2025-10-03 13:03:14,339 [INFO] [MainThread] [root/controller.py:15]: Reloading Application because of config change.
2025-10-03 13:03:14,441 [INFO] [MainThread] [cli_server/cli_server.py:112]: Log pipe server stopped
2025-10-03 13:03:14,441 [DEBUG] [MainThread] [cli_server/cli_server.py:206]: CLI server stopped
2025-10-03 13:03:14,475 [INFO] [MainThread] [root/bar_manager.py:83]: Stopping KomorebiEventListener...
2025-10-03 13:03:14,475 [INFO] [MainThread] [root/bar_manager.py:83]: Stopping SystemEventListener...
2025-10-03 13:03:14,476 [INFO] [MainThread] [core.utils.widgets.taskbar.window_manager/window_manager.py:218]: TaskbarWindowManager stopped
2025-10-03 13:03:14,477 [INFO] [MainThread] [root/bar_manager.py:67]: Successfully loaded updated config and re-initialised all bars.
2025-10-03 13:03:14,477 [DEBUG] [MainThread] [qasync._windows._EventPoller/_windows.py:220]: Stopping worker thread...
2025-10-03 13:03:14,488 [DEBUG] [Dummy-9] [qasync._windows._EventWorker/_windows.py:204]: Exiting thread
2025-10-03 13:03:14,490 [DEBUG] [MainThread] [qasync._windows._IocpProactor/_windows.py:78]: Closing
2025-10-03 13:03:15,863 [INFO] [MainThread] [root/log.py:59]: YASB v1.8.2
2025-10-03 13:03:15,864 [INFO] [Thread-1 (_run_server)] [cli_server/cli_server.py:212]: CLI server started v1.1.2
2025-10-03 13:03:15,864 [INFO] [MainThread] [cli_server/cli_server.py:104]: Log pipe server started
2025-10-03 13:03:16,174 [DEBUG] [MainThread] [comtypes/__init__.py:149]: CoInitializeEx(None, 2)
2025-10-03 13:03:17,533 [INFO] [MainThread] [core.utils.widgets.taskbar.window_manager/window_manager.py:191]: TaskbarWindowManager is starting...
2025-10-03 13:03:17,541 [INFO] [MainThread] [root/bar_manager.py:76]: Starting SystemEventListener...
2025-10-03 13:03:17,541 [INFO] [MainThread] [root/bar_manager.py:76]: Starting KomorebiEventListener...
2025-10-03 13:03:17,542 [INFO] [MainThread] [root/watcher.py:54]: Created file watcher for path C:\Users\Fahim Rifat\.config\yasb
2025-10-03 13:03:17,564 [INFO] [Dummy-5] [root/event_listener.py:51]: Created named pipe yasb-09b3b85f-a027-11f0-9230-bce92fdcd0ca
2025-10-03 13:03:17,603 [DEBUG] [MainThread] [qasync._windows._EventPoller/_windows.py:215]: Starting (proactor: <_IocpProactor overlapped#=0 result#=0>)...
2025-10-03 13:03:17,605 [DEBUG] [Dummy-9] [qasync._windows._EventWorker/_windows.py:195]: Thread started
2025-10-03 13:04:46,924 [INFO] [MainThread] [root/controller.py:15]: Reloading Application because of config change.
2025-10-03 13:04:47,029 [INFO] [MainThread] [cli_server/cli_server.py:112]: Log pipe server stopped
2025-10-03 13:04:47,029 [DEBUG] [MainThread] [cli_server/cli_server.py:206]: CLI server stopped
2025-10-03 13:04:47,038 [INFO] [MainThread] [root/bar_manager.py:83]: Stopping SystemEventListener...
2025-10-03 13:04:47,038 [INFO] [MainThread] [root/bar_manager.py:83]: Stopping KomorebiEventListener...
2025-10-03 13:04:47,039 [INFO] [MainThread] [core.utils.widgets.taskbar.window_manager/window_manager.py:218]: TaskbarWindowManager stopped
2025-10-03 13:04:47,040 [INFO] [MainThread] [root/bar_manager.py:67]: Successfully loaded updated config and re-initialised all bars.
2025-10-03 13:04:47,040 [DEBUG] [MainThread] [qasync._windows._EventPoller/_windows.py:220]: Stopping worker thread...
2025-10-03 13:04:47,044 [DEBUG] [Dummy-9] [qasync._windows._EventWorker/_windows.py:204]: Exiting thread
2025-10-03 13:04:47,045 [DEBUG] [MainThread] [qasync._windows._IocpProactor/_windows.py:78]: Closing
2025-10-03 13:04:48,402 [INFO] [MainThread] [root/log.py:59]: YASB v1.8.2
2025-10-03 13:04:48,403 [INFO] [Thread-1 (_run_server)] [cli_server/cli_server.py:212]: CLI server started v1.1.2
2025-10-03 13:04:48,404 [INFO] [MainThread] [cli_server/cli_server.py:104]: Log pipe server started
2025-10-03 13:04:48,684 [DEBUG] [MainThread] [comtypes/__init__.py:149]: CoInitializeEx(None, 2)
2025-10-03 13:04:50,017 [INFO] [MainThread] [core.utils.widgets.taskbar.window_manager/window_manager.py:191]: TaskbarWindowManager is starting...
2025-10-03 13:04:50,027 [INFO] [MainThread] [root/bar_manager.py:76]: Starting SystemEventListener...
2025-10-03 13:04:50,027 [INFO] [MainThread] [root/watcher.py:54]: Created file watcher for path C:\Users\Fahim Rifat\.config\yasb
2025-10-03 13:04:50,085 [DEBUG] [MainThread] [qasync._windows._EventPoller/_windows.py:215]: Starting (proactor: <_IocpProactor overlapped#=0 result#=0>)...
2025-10-03 13:04:50,089 [DEBUG] [Dummy-6] [qasync._windows._EventWorker/_windows.py:195]: Thread started
2025-10-03 13:05:04,046 [INFO] [MainThread] [root/controller.py:15]: Reloading Application because of config change.
2025-10-03 13:05:04,158 [INFO] [MainThread] [cli_server/cli_server.py:112]: Log pipe server stopped
2025-10-03 13:05:04,158 [DEBUG] [MainThread] [cli_server/cli_server.py:206]: CLI server stopped
2025-10-03 13:05:04,169 [INFO] [MainThread] [root/bar_manager.py:83]: Stopping SystemEventListener...
2025-10-03 13:05:04,170 [INFO] [MainThread] [core.utils.widgets.taskbar.window_manager/window_manager.py:218]: TaskbarWindowManager stopped
2025-10-03 13:05:04,171 [INFO] [MainThread] [root/bar_manager.py:67]: Successfully loaded updated config and re-initialised all bars.
2025-10-03 13:05:04,171 [DEBUG] [MainThread] [qasync._windows._EventPoller/_windows.py:220]: Stopping worker thread...
2025-10-03 13:05:04,173 [DEBUG] [Dummy-6] [qasync._windows._EventWorker/_windows.py:204]: Exiting thread
2025-10-03 13:05:04,176 [DEBUG] [MainThread] [qasync._windows._IocpProactor/_windows.py:78]: Closing
2025-10-03 13:05:04,850 [INFO] [MainThread] [root/log.py:59]: YASB v1.8.2
2025-10-03 13:05:04,851 [INFO] [Thread-1 (_run_server)] [cli_server/cli_server.py:212]: CLI server started v1.1.2
2025-10-03 13:05:04,851 [INFO] [MainThread] [cli_server/cli_server.py:104]: Log pipe server started
2025-10-03 13:05:05,125 [DEBUG] [MainThread] [comtypes/__init__.py:149]: CoInitializeEx(None, 2)
2025-10-03 13:05:06,451 [INFO] [MainThread] [core.utils.widgets.taskbar.window_manager/window_manager.py:191]: TaskbarWindowManager is starting...
2025-10-03 13:05:06,460 [INFO] [MainThread] [root/bar_manager.py:76]: Starting SystemEventListener...
2025-10-03 13:05:06,461 [INFO] [MainThread] [root/watcher.py:54]: Created file watcher for path C:\Users\Fahim Rifat\.config\yasb
2025-10-03 13:05:06,519 [DEBUG] [MainThread] [qasync._windows._EventPoller/_windows.py:215]: Starting (proactor: <_IocpProactor overlapped#=0 result#=0>)...
2025-10-03 13:05:06,520 [DEBUG] [Dummy-6] [qasync._windows._EventWorker/_windows.py:195]: Thread started
2025-10-03 13:05:40,800 [ERROR] [MainThread] [root/config.py:124]: The file 'C:\Users\Fahim Rifat\.config\yasb\config.yaml' contains Parser Error(s). Please fix:
while parsing a flow node
expected the node content, but found ','
  in "C:\Users\Fahim Rifat\.config\yasb\config.yaml", line 36, column 15
2025-10-03 13:05:44,432 [INFO] [MainThread] [root/controller.py:15]: Reloading Application because of config change.
2025-10-03 13:05:44,545 [INFO] [MainThread] [cli_server/cli_server.py:112]: Log pipe server stopped
2025-10-03 13:05:44,545 [DEBUG] [MainThread] [cli_server/cli_server.py:206]: CLI server stopped
2025-10-03 13:05:44,554 [INFO] [MainThread] [root/bar_manager.py:83]: Stopping SystemEventListener...
2025-10-03 13:05:44,555 [INFO] [MainThread] [core.utils.widgets.taskbar.window_manager/window_manager.py:218]: TaskbarWindowManager stopped
2025-10-03 13:05:44,556 [INFO] [MainThread] [root/bar_manager.py:67]: Successfully loaded updated config and re-initialised all bars.
2025-10-03 13:05:44,557 [DEBUG] [MainThread] [qasync._windows._EventPoller/_windows.py:220]: Stopping worker thread...
2025-10-03 13:05:44,560 [DEBUG] [Dummy-6] [qasync._windows._EventWorker/_windows.py:204]: Exiting thread
2025-10-03 13:05:44,561 [DEBUG] [MainThread] [qasync._windows._IocpProactor/_windows.py:78]: Closing
2025-10-03 13:05:45,891 [INFO] [MainThread] [root/log.py:59]: YASB v1.8.2
2025-10-03 13:05:45,892 [INFO] [Thread-1 (_run_server)] [cli_server/cli_server.py:212]: CLI server started v1.1.2
2025-10-03 13:05:45,893 [INFO] [MainThread] [cli_server/cli_server.py:104]: Log pipe server started
2025-10-03 13:05:46,175 [DEBUG] [MainThread] [comtypes/__init__.py:149]: CoInitializeEx(None, 2)
2025-10-03 13:05:47,500 [INFO] [MainThread] [core.utils.widgets.taskbar.window_manager/window_manager.py:191]: TaskbarWindowManager is starting...
2025-10-03 13:05:47,509 [INFO] [MainThread] [root/bar_manager.py:76]: Starting SystemEventListener...
2025-10-03 13:05:47,510 [INFO] [MainThread] [root/watcher.py:54]: Created file watcher for path C:\Users\Fahim Rifat\.config\yasb
2025-10-03 13:05:47,568 [DEBUG] [MainThread] [qasync._windows._EventPoller/_windows.py:215]: Starting (proactor: <_IocpProactor overlapped#=0 result#=0>)...
2025-10-03 13:05:47,570 [DEBUG] [Dummy-6] [qasync._windows._EventWorker/_windows.py:195]: Thread started
2025-10-03 13:06:32,386 [INFO] [MainThread] [root/controller.py:15]: Reloading Application because of config change.
2025-10-03 13:06:32,496 [INFO] [MainThread] [cli_server/cli_server.py:112]: Log pipe server stopped
2025-10-03 13:06:32,496 [DEBUG] [MainThread] [cli_server/cli_server.py:206]: CLI server stopped
2025-10-03 13:06:32,506 [INFO] [MainThread] [root/bar_manager.py:83]: Stopping SystemEventListener...
2025-10-03 13:06:32,507 [INFO] [MainThread] [core.utils.widgets.taskbar.window_manager/window_manager.py:218]: TaskbarWindowManager stopped
2025-10-03 13:06:32,508 [INFO] [MainThread] [root/bar_manager.py:67]: Successfully loaded updated config and re-initialised all bars.
2025-10-03 13:06:32,508 [DEBUG] [MainThread] [qasync._windows._EventPoller/_windows.py:220]: Stopping worker thread...
2025-10-03 13:06:32,512 [DEBUG] [Dummy-6] [qasync._windows._EventWorker/_windows.py:204]: Exiting thread
2025-10-03 13:06:32,514 [DEBUG] [MainThread] [qasync._windows._IocpProactor/_windows.py:78]: Closing
2025-10-03 13:06:33,113 [INFO] [MainThread] [root/log.py:59]: YASB v1.8.2
2025-10-03 13:06:33,113 [INFO] [Thread-1 (_run_server)] [cli_server/cli_server.py:212]: CLI server started v1.1.2
2025-10-03 13:06:33,114 [INFO] [MainThread] [cli_server/cli_server.py:104]: Log pipe server started
2025-10-03 13:06:33,395 [DEBUG] [MainThread] [comtypes/__init__.py:149]: CoInitializeEx(None, 2)
2025-10-03 13:06:34,536 [INFO] [MainThread] [core.utils.widgets.taskbar.window_manager/window_manager.py:191]: TaskbarWindowManager is starting...
2025-10-03 13:06:34,543 [INFO] [MainThread] [root/bar_manager.py:76]: Starting SystemEventListener...
2025-10-03 13:06:34,544 [INFO] [MainThread] [root/watcher.py:54]: Created file watcher for path C:\Users\Fahim Rifat\.config\yasb
2025-10-03 13:06:34,602 [DEBUG] [MainThread] [qasync._windows._EventPoller/_windows.py:215]: Starting (proactor: <_IocpProactor overlapped#=0 result#=0>)...
2025-10-03 13:06:34,603 [DEBUG] [Dummy-6] [qasync._windows._EventWorker/_windows.py:195]: Thread started
2025-10-03 13:07:41,596 [INFO] [MainThread] [root/controller.py:15]: Reloading Application because of config change.
2025-10-03 13:07:41,701 [INFO] [MainThread] [cli_server/cli_server.py:112]: Log pipe server stopped
2025-10-03 13:07:41,701 [DEBUG] [MainThread] [cli_server/cli_server.py:206]: CLI server stopped
2025-10-03 13:07:41,709 [INFO] [MainThread] [root/bar_manager.py:83]: Stopping SystemEventListener...
2025-10-03 13:07:41,710 [INFO] [MainThread] [core.utils.widgets.taskbar.window_manager/window_manager.py:218]: TaskbarWindowManager stopped
2025-10-03 13:07:41,711 [INFO] [MainThread] [root/bar_manager.py:67]: Successfully loaded updated config and re-initialised all bars.
2025-10-03 13:07:41,711 [DEBUG] [MainThread] [qasync._windows._EventPoller/_windows.py:220]: Stopping worker thread...
2025-10-03 13:07:41,716 [DEBUG] [Dummy-6] [qasync._windows._EventWorker/_windows.py:204]: Exiting thread
2025-10-03 13:07:41,718 [DEBUG] [MainThread] [qasync._windows._IocpProactor/_windows.py:78]: Closing
2025-10-03 13:07:42,366 [INFO] [MainThread] [root/log.py:59]: YASB v1.8.2
2025-10-03 13:07:42,367 [INFO] [Thread-1 (_run_server)] [cli_server/cli_server.py:212]: CLI server started v1.1.2
2025-10-03 13:07:42,368 [INFO] [MainThread] [cli_server/cli_server.py:104]: Log pipe server started
2025-10-03 13:07:42,651 [DEBUG] [MainThread] [comtypes/__init__.py:149]: CoInitializeEx(None, 2)
2025-10-03 13:07:43,765 [INFO] [MainThread] [core.utils.widgets.taskbar.window_manager/window_manager.py:191]: TaskbarWindowManager is starting...
2025-10-03 13:07:43,773 [INFO] [MainThread] [root/bar_manager.py:76]: Starting SystemEventListener...
2025-10-03 13:07:43,774 [INFO] [MainThread] [root/watcher.py:54]: Created file watcher for path C:\Users\Fahim Rifat\.config\yasb
2025-10-03 13:07:43,830 [DEBUG] [MainThread] [qasync._windows._EventPoller/_windows.py:215]: Starting (proactor: <_IocpProactor overlapped#=0 result#=0>)...
2025-10-03 13:07:43,832 [DEBUG] [Dummy-6] [qasync._windows._EventWorker/_windows.py:195]: Thread started
2025-10-03 13:07:53,889 [INFO] [MainThread] [root/controller.py:15]: Reloading Application because of config change.
2025-10-03 13:07:53,990 [INFO] [MainThread] [cli_server/cli_server.py:112]: Log pipe server stopped
2025-10-03 13:07:53,990 [DEBUG] [MainThread] [cli_server/cli_server.py:206]: CLI server stopped
2025-10-03 13:07:54,000 [INFO] [MainThread] [root/bar_manager.py:83]: Stopping SystemEventListener...
2025-10-03 13:07:54,000 [INFO] [MainThread] [core.utils.widgets.taskbar.window_manager/window_manager.py:218]: TaskbarWindowManager stopped
2025-10-03 13:07:54,001 [INFO] [MainThread] [root/bar_manager.py:67]: Successfully loaded updated config and re-initialised all bars.
2025-10-03 13:07:54,001 [DEBUG] [MainThread] [qasync._windows._EventPoller/_windows.py:220]: Stopping worker thread...
2025-10-03 13:07:54,005 [DEBUG] [Dummy-6] [qasync._windows._EventWorker/_windows.py:204]: Exiting thread
2025-10-03 13:07:54,006 [DEBUG] [MainThread] [qasync._windows._IocpProactor/_windows.py:78]: Closing
2025-10-03 13:07:54,660 [INFO] [MainThread] [root/log.py:59]: YASB v1.8.2
2025-10-03 13:07:54,660 [INFO] [Thread-1 (_run_server)] [cli_server/cli_server.py:212]: CLI server started v1.1.2
2025-10-03 13:07:54,661 [INFO] [MainThread] [cli_server/cli_server.py:104]: Log pipe server started
2025-10-03 13:07:54,945 [DEBUG] [MainThread] [comtypes/__init__.py:149]: CoInitializeEx(None, 2)
2025-10-03 13:07:56,081 [INFO] [MainThread] [core.utils.widgets.taskbar.window_manager/window_manager.py:191]: TaskbarWindowManager is starting...
2025-10-03 13:07:56,089 [INFO] [MainThread] [root/bar_manager.py:76]: Starting SystemEventListener...
2025-10-03 13:07:56,089 [INFO] [MainThread] [root/watcher.py:54]: Created file watcher for path C:\Users\Fahim Rifat\.config\yasb
2025-10-03 13:07:56,145 [DEBUG] [MainThread] [qasync._windows._EventPoller/_windows.py:215]: Starting (proactor: <_IocpProactor overlapped#=0 result#=0>)...
2025-10-03 13:07:56,147 [DEBUG] [Dummy-6] [qasync._windows._EventWorker/_windows.py:195]: Thread started
2025-10-03 13:07:59,762 [INFO] [MainThread] [root/controller.py:15]: Reloading Application because of config change.
2025-10-03 13:07:59,868 [INFO] [MainThread] [cli_server/cli_server.py:112]: Log pipe server stopped
2025-10-03 13:07:59,868 [DEBUG] [MainThread] [cli_server/cli_server.py:206]: CLI server stopped
2025-10-03 13:07:59,876 [INFO] [MainThread] [root/bar_manager.py:83]: Stopping SystemEventListener...
2025-10-03 13:07:59,876 [INFO] [MainThread] [core.utils.widgets.taskbar.window_manager/window_manager.py:218]: TaskbarWindowManager stopped
2025-10-03 13:07:59,878 [INFO] [MainThread] [root/bar_manager.py:67]: Successfully loaded updated config and re-initialised all bars.
2025-10-03 13:07:59,878 [DEBUG] [MainThread] [qasync._windows._EventPoller/_windows.py:220]: Stopping worker thread...
2025-10-03 13:07:59,883 [DEBUG] [Dummy-6] [qasync._windows._EventWorker/_windows.py:204]: Exiting thread
2025-10-03 13:07:59,885 [DEBUG] [MainThread] [qasync._windows._IocpProactor/_windows.py:78]: Closing
2025-10-03 13:08:00,479 [INFO] [MainThread] [root/log.py:59]: YASB v1.8.2
2025-10-03 13:08:00,480 [INFO] [Thread-1 (_run_server)] [cli_server/cli_server.py:212]: CLI server started v1.1.2
2025-10-03 13:08:00,481 [INFO] [MainThread] [cli_server/cli_server.py:104]: Log pipe server started
2025-10-03 13:08:00,757 [DEBUG] [MainThread] [comtypes/__init__.py:149]: CoInitializeEx(None, 2)
2025-10-03 13:08:01,922 [INFO] [MainThread] [core.utils.widgets.taskbar.window_manager/window_manager.py:191]: TaskbarWindowManager is starting...
2025-10-03 13:08:01,931 [INFO] [MainThread] [root/bar_manager.py:76]: Starting SystemEventListener...
2025-10-03 13:08:01,932 [INFO] [MainThread] [root/watcher.py:54]: Created file watcher for path C:\Users\Fahim Rifat\.config\yasb
2025-10-03 13:08:01,987 [DEBUG] [MainThread] [qasync._windows._EventPoller/_windows.py:215]: Starting (proactor: <_IocpProactor overlapped#=0 result#=0>)...
2025-10-03 13:08:01,989 [DEBUG] [Dummy-6] [qasync._windows._EventWorker/_windows.py:195]: Thread started
2025-10-03 13:08:18,716 [INFO] [MainThread] [root/controller.py:15]: Reloading Application because of config change.
2025-10-03 13:08:18,833 [INFO] [MainThread] [cli_server/cli_server.py:112]: Log pipe server stopped
2025-10-03 13:08:18,833 [DEBUG] [MainThread] [cli_server/cli_server.py:206]: CLI server stopped
2025-10-03 13:08:18,855 [INFO] [MainThread] [root/bar_manager.py:83]: Stopping SystemEventListener...
2025-10-03 13:08:18,856 [INFO] [MainThread] [core.utils.widgets.taskbar.window_manager/window_manager.py:218]: TaskbarWindowManager stopped
2025-10-03 13:08:18,858 [INFO] [MainThread] [root/bar_manager.py:67]: Successfully loaded updated config and re-initialised all bars.
2025-10-03 13:08:18,858 [DEBUG] [MainThread] [qasync._windows._EventPoller/_windows.py:220]: Stopping worker thread...
2025-10-03 13:08:18,879 [DEBUG] [Dummy-6] [qasync._windows._EventWorker/_windows.py:204]: Exiting thread
2025-10-03 13:08:18,881 [DEBUG] [MainThread] [qasync._windows._IocpProactor/_windows.py:78]: Closing
2025-10-03 13:08:20,152 [INFO] [MainThread] [root/log.py:59]: YASB v1.8.2
2025-10-03 13:08:20,153 [INFO] [Thread-1 (_run_server)] [cli_server/cli_server.py:212]: CLI server started v1.1.2
2025-10-03 13:08:20,153 [INFO] [MainThread] [cli_server/cli_server.py:104]: Log pipe server started
2025-10-03 13:08:20,430 [DEBUG] [MainThread] [comtypes/__init__.py:149]: CoInitializeEx(None, 2)
2025-10-03 13:08:21,541 [INFO] [MainThread] [core.utils.widgets.taskbar.window_manager/window_manager.py:191]: TaskbarWindowManager is starting...
2025-10-03 13:08:21,549 [INFO] [MainThread] [root/bar_manager.py:76]: Starting SystemEventListener...
2025-10-03 13:08:21,550 [INFO] [MainThread] [root/watcher.py:54]: Created file watcher for path C:\Users\Fahim Rifat\.config\yasb
2025-10-03 13:08:21,611 [DEBUG] [MainThread] [qasync._windows._EventPoller/_windows.py:215]: Starting (proactor: <_IocpProactor overlapped#=0 result#=0>)...
2025-10-03 13:08:21,612 [DEBUG] [Dummy-6] [qasync._windows._EventWorker/_windows.py:195]: Thread started
2025-10-03 13:08:27,943 [INFO] [MainThread] [root/controller.py:15]: Reloading Application because of config change.
2025-10-03 13:08:28,053 [INFO] [MainThread] [cli_server/cli_server.py:112]: Log pipe server stopped
2025-10-03 13:08:28,053 [DEBUG] [MainThread] [cli_server/cli_server.py:206]: CLI server stopped
2025-10-03 13:08:28,062 [INFO] [MainThread] [root/bar_manager.py:83]: Stopping SystemEventListener...
2025-10-03 13:08:28,063 [INFO] [MainThread] [core.utils.widgets.taskbar.window_manager/window_manager.py:218]: TaskbarWindowManager stopped
2025-10-03 13:08:28,064 [INFO] [MainThread] [root/bar_manager.py:67]: Successfully loaded updated config and re-initialised all bars.
2025-10-03 13:08:28,064 [DEBUG] [MainThread] [qasync._windows._EventPoller/_windows.py:220]: Stopping worker thread...
2025-10-03 13:08:28,068 [DEBUG] [Dummy-6] [qasync._windows._EventWorker/_windows.py:204]: Exiting thread
2025-10-03 13:08:28,069 [DEBUG] [MainThread] [qasync._windows._IocpProactor/_windows.py:78]: Closing
2025-10-03 13:08:28,656 [INFO] [MainThread] [root/log.py:59]: YASB v1.8.2
2025-10-03 13:08:28,657 [INFO] [Thread-1 (_run_server)] [cli_server/cli_server.py:212]: CLI server started v1.1.2
2025-10-03 13:08:28,658 [INFO] [MainThread] [cli_server/cli_server.py:104]: Log pipe server started
2025-10-03 13:08:28,931 [DEBUG] [MainThread] [comtypes/__init__.py:149]: CoInitializeEx(None, 2)
2025-10-03 13:08:30,040 [INFO] [MainThread] [core.utils.widgets.taskbar.window_manager/window_manager.py:191]: TaskbarWindowManager is starting...
2025-10-03 13:08:30,049 [INFO] [MainThread] [root/bar_manager.py:76]: Starting SystemEventListener...
2025-10-03 13:08:30,050 [INFO] [MainThread] [root/watcher.py:54]: Created file watcher for path C:\Users\Fahim Rifat\.config\yasb
2025-10-03 13:08:30,105 [DEBUG] [MainThread] [qasync._windows._EventPoller/_windows.py:215]: Starting (proactor: <_IocpProactor overlapped#=0 result#=0>)...
2025-10-03 13:08:30,107 [DEBUG] [Dummy-6] [qasync._windows._EventWorker/_windows.py:195]: Thread started
2025-10-03 13:08:33,905 [INFO] [MainThread] [root/controller.py:15]: Reloading Application because of config change.
2025-10-03 13:08:34,015 [INFO] [MainThread] [cli_server/cli_server.py:112]: Log pipe server stopped
2025-10-03 13:08:34,015 [DEBUG] [MainThread] [cli_server/cli_server.py:206]: CLI server stopped
2025-10-03 13:08:34,046 [INFO] [MainThread] [root/bar_manager.py:83]: Stopping SystemEventListener...
2025-10-03 13:08:34,047 [INFO] [MainThread] [core.utils.widgets.taskbar.window_manager/window_manager.py:218]: TaskbarWindowManager stopped
2025-10-03 13:08:34,048 [INFO] [MainThread] [root/bar_manager.py:67]: Successfully loaded updated config and re-initialised all bars.
2025-10-03 13:08:34,048 [DEBUG] [MainThread] [qasync._windows._EventPoller/_windows.py:220]: Stopping worker thread...
2025-10-03 13:08:34,061 [DEBUG] [Dummy-6] [qasync._windows._EventWorker/_windows.py:204]: Exiting thread
2025-10-03 13:08:34,063 [DEBUG] [MainThread] [qasync._windows._IocpProactor/_windows.py:78]: Closing
2025-10-03 13:08:34,649 [INFO] [MainThread] [root/log.py:59]: YASB v1.8.2
2025-10-03 13:08:34,649 [INFO] [Thread-1 (_run_server)] [cli_server/cli_server.py:212]: CLI server started v1.1.2
2025-10-03 13:08:34,650 [INFO] [MainThread] [cli_server/cli_server.py:104]: Log pipe server started
2025-10-03 13:08:34,931 [DEBUG] [MainThread] [comtypes/__init__.py:149]: CoInitializeEx(None, 2)
2025-10-03 13:08:36,070 [INFO] [MainThread] [core.utils.widgets.taskbar.window_manager/window_manager.py:191]: TaskbarWindowManager is starting...
2025-10-03 13:08:36,078 [INFO] [MainThread] [root/bar_manager.py:76]: Starting SystemEventListener...
2025-10-03 13:08:36,079 [INFO] [MainThread] [root/watcher.py:54]: Created file watcher for path C:\Users\Fahim Rifat\.config\yasb
2025-10-03 13:08:36,134 [DEBUG] [MainThread] [qasync._windows._EventPoller/_windows.py:215]: Starting (proactor: <_IocpProactor overlapped#=0 result#=0>)...
2025-10-03 13:08:36,135 [DEBUG] [Dummy-6] [qasync._windows._EventWorker/_windows.py:195]: Thread started
2025-10-03 13:11:33,693 [INFO] [MainThread] [root/controller.py:15]: Reloading Application because of config change.
2025-10-03 13:11:33,808 [INFO] [MainThread] [cli_server/cli_server.py:112]: Log pipe server stopped
2025-10-03 13:11:33,808 [DEBUG] [MainThread] [cli_server/cli_server.py:206]: CLI server stopped
2025-10-03 13:11:33,818 [INFO] [MainThread] [root/bar_manager.py:83]: Stopping SystemEventListener...
2025-10-03 13:11:33,818 [INFO] [MainThread] [core.utils.widgets.taskbar.window_manager/window_manager.py:218]: TaskbarWindowManager stopped
2025-10-03 13:11:33,820 [INFO] [MainThread] [root/bar_manager.py:67]: Successfully loaded updated config and re-initialised all bars.
2025-10-03 13:11:33,820 [DEBUG] [MainThread] [qasync._windows._EventPoller/_windows.py:220]: Stopping worker thread...
2025-10-03 13:11:33,829 [DEBUG] [Dummy-6] [qasync._windows._EventWorker/_windows.py:204]: Exiting thread
2025-10-03 13:11:33,830 [DEBUG] [MainThread] [qasync._windows._IocpProactor/_windows.py:78]: Closing
2025-10-03 13:11:34,508 [INFO] [MainThread] [root/log.py:59]: YASB v1.8.2
2025-10-03 13:11:34,509 [INFO] [Thread-1 (_run_server)] [cli_server/cli_server.py:212]: CLI server started v1.1.2
2025-10-03 13:11:34,510 [INFO] [MainThread] [cli_server/cli_server.py:104]: Log pipe server started
2025-10-03 13:11:34,657 [WARNING] [MainThread] [root/widget_builder.py:40]: No widget config could be found for widget 'komorebi.workspaces
2025-10-03 13:11:34,804 [DEBUG] [MainThread] [comtypes/__init__.py:149]: CoInitializeEx(None, 2)
2025-10-03 13:11:36,019 [INFO] [MainThread] [core.utils.widgets.taskbar.window_manager/window_manager.py:191]: TaskbarWindowManager is starting...
2025-10-03 13:11:36,028 [INFO] [MainThread] [root/bar_manager.py:76]: Starting SystemEventListener...
2025-10-03 13:11:36,028 [ERROR] [MainThread] [root/widget_builder.py:86]: Failed to add undefined widget(s)  - The widget "komorebi.workspaces" is undefined.
2025-10-03 13:11:36,077 [INFO] [MainThread] [root/watcher.py:54]: Created file watcher for path C:\Users\Fahim Rifat\.config\yasb
2025-10-03 13:11:36,127 [DEBUG] [MainThread] [qasync._windows._EventPoller/_windows.py:215]: Starting (proactor: <_IocpProactor overlapped#=0 result#=0>)...
2025-10-03 13:11:36,128 [DEBUG] [Dummy-6] [qasync._windows._EventWorker/_windows.py:195]: Thread started
2025-10-03 13:11:41,370 [INFO] [MainThread] [root/controller.py:15]: Reloading Application because of config change.
2025-10-03 13:11:41,480 [INFO] [MainThread] [cli_server/cli_server.py:112]: Log pipe server stopped
2025-10-03 13:11:41,480 [DEBUG] [MainThread] [cli_server/cli_server.py:206]: CLI server stopped
2025-10-03 13:11:41,489 [INFO] [MainThread] [root/bar_manager.py:83]: Stopping SystemEventListener...
2025-10-03 13:11:41,490 [INFO] [MainThread] [core.utils.widgets.taskbar.window_manager/window_manager.py:218]: TaskbarWindowManager stopped
2025-10-03 13:11:41,490 [INFO] [MainThread] [root/bar_manager.py:67]: Successfully loaded updated config and re-initialised all bars.
2025-10-03 13:11:41,491 [DEBUG] [MainThread] [qasync._windows._EventPoller/_windows.py:220]: Stopping worker thread...
2025-10-03 13:11:41,495 [DEBUG] [Dummy-6] [qasync._windows._EventWorker/_windows.py:204]: Exiting thread
2025-10-03 13:11:41,497 [DEBUG] [MainThread] [qasync._windows._IocpProactor/_windows.py:78]: Closing
2025-10-03 13:11:42,177 [INFO] [MainThread] [root/log.py:59]: YASB v1.8.2
2025-10-03 13:11:42,177 [INFO] [Thread-1 (_run_server)] [cli_server/cli_server.py:212]: CLI server started v1.1.2
2025-10-03 13:11:42,179 [INFO] [MainThread] [cli_server/cli_server.py:104]: Log pipe server started
2025-10-03 13:11:42,508 [DEBUG] [MainThread] [comtypes/__init__.py:149]: CoInitializeEx(None, 2)
2025-10-03 13:11:43,725 [INFO] [MainThread] [core.utils.widgets.taskbar.window_manager/window_manager.py:191]: TaskbarWindowManager is starting...
2025-10-03 13:11:43,734 [INFO] [MainThread] [root/bar_manager.py:76]: Starting SystemEventListener...
2025-10-03 13:11:43,734 [INFO] [MainThread] [root/bar_manager.py:76]: Starting KomorebiEventListener...
2025-10-03 13:11:43,735 [INFO] [MainThread] [root/watcher.py:54]: Created file watcher for path C:\Users\Fahim Rifat\.config\yasb
2025-10-03 13:11:43,744 [INFO] [Dummy-5] [root/event_listener.py:51]: Created named pipe yasb-376a62bd-a028-11f0-964f-bce92fdcd0ca
2025-10-03 13:11:43,796 [DEBUG] [MainThread] [qasync._windows._EventPoller/_windows.py:215]: Starting (proactor: <_IocpProactor overlapped#=0 result#=0>)...
2025-10-03 13:11:43,797 [DEBUG] [Dummy-9] [qasync._windows._EventWorker/_windows.py:195]: Thread started
2025-10-03 13:18:15,020 [INFO] [MainThread] [root/controller.py:15]: Reloading Application because of config change.
2025-10-03 13:18:15,131 [INFO] [MainThread] [cli_server/cli_server.py:112]: Log pipe server stopped
2025-10-03 13:18:15,131 [DEBUG] [MainThread] [cli_server/cli_server.py:206]: CLI server stopped
2025-10-03 13:18:15,140 [INFO] [MainThread] [root/bar_manager.py:83]: Stopping SystemEventListener...
2025-10-03 13:18:15,140 [INFO] [MainThread] [root/bar_manager.py:83]: Stopping KomorebiEventListener...
2025-10-03 13:18:15,140 [INFO] [MainThread] [core.utils.widgets.taskbar.window_manager/window_manager.py:218]: TaskbarWindowManager stopped
2025-10-03 13:18:15,142 [INFO] [MainThread] [root/bar_manager.py:67]: Successfully loaded updated config and re-initialised all bars.
2025-10-03 13:18:15,142 [DEBUG] [MainThread] [qasync._windows._EventPoller/_windows.py:220]: Stopping worker thread...
2025-10-03 13:18:15,147 [DEBUG] [Dummy-9] [qasync._windows._EventWorker/_windows.py:204]: Exiting thread
2025-10-03 13:18:15,149 [DEBUG] [MainThread] [qasync._windows._IocpProactor/_windows.py:78]: Closing
2025-10-03 13:18:16,484 [INFO] [MainThread] [root/log.py:59]: YASB v1.8.2
2025-10-03 13:18:16,485 [INFO] [Thread-1 (_run_server)] [cli_server/cli_server.py:212]: CLI server started v1.1.2
2025-10-03 13:18:16,485 [INFO] [MainThread] [cli_server/cli_server.py:104]: Log pipe server started
2025-10-03 13:18:16,790 [DEBUG] [MainThread] [comtypes/__init__.py:149]: CoInitializeEx(None, 2)
2025-10-03 13:18:18,114 [INFO] [MainThread] [core.utils.widgets.taskbar.window_manager/window_manager.py:191]: TaskbarWindowManager is starting...
2025-10-03 13:18:18,124 [INFO] [MainThread] [root/bar_manager.py:76]: Starting SystemEventListener...
2025-10-03 13:18:18,124 [INFO] [MainThread] [root/bar_manager.py:76]: Starting KomorebiEventListener...
2025-10-03 13:18:18,125 [INFO] [MainThread] [root/watcher.py:54]: Created file watcher for path C:\Users\Fahim Rifat\.config\yasb
2025-10-03 13:18:18,144 [INFO] [Dummy-5] [root/event_listener.py:51]: Created named pipe yasb-227da0f3-a029-11f0-9732-bce92fdcd0ca
2025-10-03 13:18:18,186 [DEBUG] [MainThread] [qasync._windows._EventPoller/_windows.py:215]: Starting (proactor: <_IocpProactor overlapped#=0 result#=0>)...
2025-10-03 13:18:18,188 [DEBUG] [Dummy-9] [qasync._windows._EventWorker/_windows.py:195]: Thread started
2025-10-03 13:18:34,798 [INFO] [MainThread] [root/controller.py:15]: Reloading Application because of config change.
2025-10-03 13:18:34,903 [INFO] [MainThread] [cli_server/cli_server.py:112]: Log pipe server stopped
2025-10-03 13:18:34,903 [DEBUG] [MainThread] [cli_server/cli_server.py:206]: CLI server stopped
2025-10-03 13:18:34,911 [INFO] [MainThread] [root/bar_manager.py:83]: Stopping SystemEventListener...
2025-10-03 13:18:34,912 [INFO] [MainThread] [root/bar_manager.py:83]: Stopping KomorebiEventListener...
2025-10-03 13:18:34,912 [INFO] [MainThread] [core.utils.widgets.taskbar.window_manager/window_manager.py:218]: TaskbarWindowManager stopped
2025-10-03 13:18:34,913 [INFO] [MainThread] [root/bar_manager.py:67]: Successfully loaded updated config and re-initialised all bars.
2025-10-03 13:18:34,913 [DEBUG] [MainThread] [qasync._windows._EventPoller/_windows.py:220]: Stopping worker thread...
2025-10-03 13:18:34,920 [DEBUG] [Dummy-9] [qasync._windows._EventWorker/_windows.py:204]: Exiting thread
2025-10-03 13:18:34,922 [DEBUG] [MainThread] [qasync._windows._IocpProactor/_windows.py:78]: Closing
2025-10-03 13:18:35,526 [INFO] [MainThread] [root/log.py:59]: YASB v1.8.2
2025-10-03 13:18:35,527 [INFO] [Thread-1 (_run_server)] [cli_server/cli_server.py:212]: CLI server started v1.1.2
2025-10-03 13:18:35,528 [INFO] [MainThread] [cli_server/cli_server.py:104]: Log pipe server started
2025-10-03 13:18:35,863 [DEBUG] [MainThread] [comtypes/__init__.py:149]: CoInitializeEx(None, 2)
2025-10-03 13:18:37,114 [INFO] [MainThread] [core.utils.widgets.taskbar.window_manager/window_manager.py:191]: TaskbarWindowManager is starting...
2025-10-03 13:18:37,125 [INFO] [MainThread] [root/bar_manager.py:76]: Starting SystemEventListener...
2025-10-03 13:18:37,126 [INFO] [MainThread] [root/bar_manager.py:76]: Starting KomorebiEventListener...
2025-10-03 13:18:37,126 [INFO] [MainThread] [root/watcher.py:54]: Created file watcher for path C:\Users\Fahim Rifat\.config\yasb
2025-10-03 13:18:37,147 [INFO] [Dummy-5] [root/event_listener.py:51]: Created named pipe yasb-2dd0ffac-a029-11f0-87c2-bce92fdcd0ca
2025-10-03 13:18:37,187 [DEBUG] [MainThread] [qasync._windows._EventPoller/_windows.py:215]: Starting (proactor: <_IocpProactor overlapped#=0 result#=0>)...
2025-10-03 13:18:37,189 [DEBUG] [Dummy-9] [qasync._windows._EventWorker/_windows.py:195]: Thread started
2025-10-03 13:18:37,409 [ERROR] [MainThread] [root/api.py:82]: Weather API invalid JSON response: Expecting value: line 1 column 1 (char 0)
2025-10-03 13:18:37,409 [WARNING] [MainThread] [root/weather.py:517]: Error processing weather data: Weather data is empty.. Retrying fetch in 10 seconds.
2025-10-03 13:18:47,466 [ERROR] [MainThread] [root/api.py:82]: Weather API invalid JSON response: Expecting value: line 1 column 1 (char 0)
2025-10-03 13:18:47,466 [WARNING] [MainThread] [root/weather.py:517]: Error processing weather data: Weather data is empty.. Retrying fetch in 10 seconds.
2025-10-03 13:18:57,527 [ERROR] [MainThread] [root/api.py:82]: Weather API invalid JSON response: Expecting value: line 1 column 1 (char 0)
2025-10-03 13:18:57,527 [WARNING] [MainThread] [root/weather.py:517]: Error processing weather data: Weather data is empty.. Retrying fetch in 10 seconds.
2025-10-03 13:19:07,657 [ERROR] [MainThread] [root/api.py:82]: Weather API invalid JSON response: Expecting value: line 1 column 1 (char 0)
2025-10-03 13:19:07,657 [WARNING] [MainThread] [root/weather.py:517]: Error processing weather data: Weather data is empty.. Retrying fetch in 10 seconds.
2025-10-03 13:19:17,722 [ERROR] [MainThread] [root/api.py:82]: Weather API invalid JSON response: Expecting value: line 1 column 1 (char 0)
2025-10-03 13:19:17,723 [WARNING] [MainThread] [root/weather.py:517]: Error processing weather data: Weather data is empty.. Retrying fetch in 10 seconds.
2025-10-03 13:19:26,292 [INFO] [MainThread] [root/controller.py:15]: Reloading Application because of config change.
2025-10-03 13:19:26,396 [INFO] [MainThread] [cli_server/cli_server.py:112]: Log pipe server stopped
2025-10-03 13:19:26,396 [DEBUG] [MainThread] [cli_server/cli_server.py:206]: CLI server stopped
2025-10-03 13:19:26,405 [INFO] [MainThread] [root/bar_manager.py:83]: Stopping SystemEventListener...
2025-10-03 13:19:26,405 [INFO] [MainThread] [root/bar_manager.py:83]: Stopping KomorebiEventListener...
2025-10-03 13:19:26,405 [INFO] [MainThread] [core.utils.widgets.taskbar.window_manager/window_manager.py:218]: TaskbarWindowManager stopped
2025-10-03 13:19:26,406 [INFO] [MainThread] [root/bar_manager.py:67]: Successfully loaded updated config and re-initialised all bars.
2025-10-03 13:19:26,406 [DEBUG] [MainThread] [qasync._windows._EventPoller/_windows.py:220]: Stopping worker thread...
2025-10-03 13:19:26,412 [DEBUG] [Dummy-9] [qasync._windows._EventWorker/_windows.py:204]: Exiting thread
2025-10-03 13:19:26,413 [DEBUG] [MainThread] [qasync._windows._IocpProactor/_windows.py:78]: Closing
2025-10-03 13:19:27,022 [INFO] [MainThread] [root/log.py:59]: YASB v1.8.2
2025-10-03 13:19:27,023 [INFO] [Thread-1 (_run_server)] [cli_server/cli_server.py:212]: CLI server started v1.1.2
2025-10-03 13:19:27,024 [INFO] [MainThread] [cli_server/cli_server.py:104]: Log pipe server started
2025-10-03 13:19:27,316 [DEBUG] [MainThread] [comtypes/__init__.py:149]: CoInitializeEx(None, 2)
2025-10-03 13:19:28,588 [INFO] [MainThread] [core.utils.widgets.taskbar.window_manager/window_manager.py:191]: TaskbarWindowManager is starting...
2025-10-03 13:19:28,597 [INFO] [MainThread] [root/bar_manager.py:76]: Starting SystemEventListener...
2025-10-03 13:19:28,597 [INFO] [MainThread] [root/bar_manager.py:76]: Starting KomorebiEventListener...
2025-10-03 13:19:28,598 [INFO] [MainThread] [root/watcher.py:54]: Created file watcher for path C:\Users\Fahim Rifat\.config\yasb
2025-10-03 13:19:28,618 [INFO] [Dummy-5] [root/event_listener.py:51]: Created named pipe yasb-4c7f0dc2-a029-11f0-bbf6-bce92fdcd0ca
2025-10-03 13:19:28,661 [DEBUG] [MainThread] [qasync._windows._EventPoller/_windows.py:215]: Starting (proactor: <_IocpProactor overlapped#=0 result#=0>)...
2025-10-03 13:19:28,663 [DEBUG] [Dummy-9] [qasync._windows._EventWorker/_windows.py:195]: Thread started
2025-10-03 13:21:27,068 [INFO] [MainThread] [root/controller.py:15]: Reloading Application because of config change.
2025-10-03 13:21:27,183 [INFO] [MainThread] [cli_server/cli_server.py:112]: Log pipe server stopped
2025-10-03 13:21:27,183 [DEBUG] [MainThread] [cli_server/cli_server.py:206]: CLI server stopped
2025-10-03 13:21:27,192 [INFO] [MainThread] [root/bar_manager.py:83]: Stopping SystemEventListener...
2025-10-03 13:21:27,193 [INFO] [MainThread] [root/bar_manager.py:83]: Stopping KomorebiEventListener...
2025-10-03 13:21:27,193 [INFO] [MainThread] [core.utils.widgets.taskbar.window_manager/window_manager.py:218]: TaskbarWindowManager stopped
2025-10-03 13:21:27,193 [INFO] [MainThread] [root/bar_manager.py:67]: Successfully loaded updated config and re-initialised all bars.
2025-10-03 13:21:27,194 [DEBUG] [MainThread] [qasync._windows._EventPoller/_windows.py:220]: Stopping worker thread...
2025-10-03 13:21:27,199 [DEBUG] [Dummy-9] [qasync._windows._EventWorker/_windows.py:204]: Exiting thread
2025-10-03 13:21:27,202 [DEBUG] [MainThread] [qasync._windows._IocpProactor/_windows.py:78]: Closing
2025-10-03 13:21:27,877 [INFO] [MainThread] [root/log.py:59]: YASB v1.8.2
2025-10-03 13:21:27,878 [INFO] [Thread-1 (_run_server)] [cli_server/cli_server.py:212]: CLI server started v1.1.2
2025-10-03 13:21:27,879 [INFO] [MainThread] [cli_server/cli_server.py:104]: Log pipe server started
2025-10-03 13:21:28,179 [DEBUG] [MainThread] [comtypes/__init__.py:149]: CoInitializeEx(None, 2)
2025-10-03 13:21:29,522 [INFO] [MainThread] [core.utils.widgets.taskbar.window_manager/window_manager.py:191]: TaskbarWindowManager is starting...
2025-10-03 13:21:29,533 [INFO] [MainThread] [root/bar_manager.py:76]: Starting SystemEventListener...
2025-10-03 13:21:29,533 [INFO] [MainThread] [root/bar_manager.py:76]: Starting KomorebiEventListener...
2025-10-03 13:21:29,534 [INFO] [MainThread] [root/watcher.py:54]: Created file watcher for path C:\Users\Fahim Rifat\.config\yasb
2025-10-03 13:21:29,557 [INFO] [Dummy-5] [root/event_listener.py:51]: Created named pipe yasb-94943b64-a029-11f0-bff9-bce92fdcd0ca
2025-10-03 13:21:29,597 [DEBUG] [MainThread] [qasync._windows._EventPoller/_windows.py:215]: Starting (proactor: <_IocpProactor overlapped#=0 result#=0>)...
2025-10-03 13:21:29,599 [DEBUG] [Dummy-9] [qasync._windows._EventWorker/_windows.py:195]: Thread started
2025-10-03 13:21:35,166 [INFO] [MainThread] [root/controller.py:15]: Reloading Application because of config change.
2025-10-03 13:21:35,280 [INFO] [MainThread] [cli_server/cli_server.py:112]: Log pipe server stopped
2025-10-03 13:21:35,280 [DEBUG] [MainThread] [cli_server/cli_server.py:206]: CLI server stopped
2025-10-03 13:21:35,289 [INFO] [MainThread] [root/bar_manager.py:83]: Stopping SystemEventListener...
2025-10-03 13:21:35,289 [INFO] [MainThread] [root/bar_manager.py:83]: Stopping KomorebiEventListener...
2025-10-03 13:21:35,290 [INFO] [MainThread] [core.utils.widgets.taskbar.window_manager/window_manager.py:218]: TaskbarWindowManager stopped
2025-10-03 13:21:35,290 [INFO] [MainThread] [root/bar_manager.py:67]: Successfully loaded updated config and re-initialised all bars.
2025-10-03 13:21:35,291 [DEBUG] [MainThread] [qasync._windows._EventPoller/_windows.py:220]: Stopping worker thread...
2025-10-03 13:21:35,296 [DEBUG] [Dummy-9] [qasync._windows._EventWorker/_windows.py:204]: Exiting thread
2025-10-03 13:21:35,298 [DEBUG] [MainThread] [qasync._windows._IocpProactor/_windows.py:78]: Closing
2025-10-03 13:21:35,977 [INFO] [MainThread] [root/log.py:59]: YASB v1.8.2
2025-10-03 13:21:35,978 [INFO] [Thread-1 (_run_server)] [cli_server/cli_server.py:212]: CLI server started v1.1.2
2025-10-03 13:21:35,978 [INFO] [MainThread] [cli_server/cli_server.py:104]: Log pipe server started
2025-10-03 13:21:36,275 [DEBUG] [MainThread] [comtypes/__init__.py:149]: CoInitializeEx(None, 2)
2025-10-03 13:21:37,639 [INFO] [MainThread] [core.utils.widgets.taskbar.window_manager/window_manager.py:191]: TaskbarWindowManager is starting...
2025-10-03 13:21:37,648 [INFO] [MainThread] [root/bar_manager.py:76]: Starting SystemEventListener...
2025-10-03 13:21:37,649 [INFO] [MainThread] [root/bar_manager.py:76]: Starting KomorebiEventListener...
2025-10-03 13:21:37,649 [INFO] [MainThread] [root/watcher.py:54]: Created file watcher for path C:\Users\Fahim Rifat\.config\yasb
2025-10-03 13:21:37,672 [INFO] [Dummy-5] [root/event_listener.py:51]: Created named pipe yasb-996ab124-a029-11f0-9ff7-bce92fdcd0ca
2025-10-03 13:21:37,712 [DEBUG] [MainThread] [qasync._windows._EventPoller/_windows.py:215]: Starting (proactor: <_IocpProactor overlapped#=0 result#=0>)...
2025-10-03 13:21:37,713 [DEBUG] [Dummy-9] [qasync._windows._EventWorker/_windows.py:195]: Thread started
2025-10-03 13:21:40,381 [INFO] [MainThread] [root/controller.py:15]: Reloading Application because of config change.
2025-10-03 13:21:40,494 [INFO] [MainThread] [cli_server/cli_server.py:112]: Log pipe server stopped
2025-10-03 13:21:40,494 [DEBUG] [MainThread] [cli_server/cli_server.py:206]: CLI server stopped
2025-10-03 13:21:40,511 [INFO] [MainThread] [root/bar_manager.py:83]: Stopping SystemEventListener...
2025-10-03 13:21:40,512 [INFO] [MainThread] [root/bar_manager.py:83]: Stopping KomorebiEventListener...
2025-10-03 13:21:40,512 [INFO] [MainThread] [core.utils.widgets.taskbar.window_manager/window_manager.py:218]: TaskbarWindowManager stopped
2025-10-03 13:21:40,515 [INFO] [MainThread] [root/bar_manager.py:67]: Successfully loaded updated config and re-initialised all bars.
2025-10-03 13:21:40,516 [DEBUG] [MainThread] [qasync._windows._EventPoller/_windows.py:220]: Stopping worker thread...
2025-10-03 13:21:40,534 [DEBUG] [Dummy-9] [qasync._windows._EventWorker/_windows.py:204]: Exiting thread
2025-10-03 13:21:40,539 [DEBUG] [MainThread] [qasync._windows._IocpProactor/_windows.py:78]: Closing
2025-10-03 13:21:41,200 [INFO] [MainThread] [root/log.py:59]: YASB v1.8.2
2025-10-03 13:21:41,202 [INFO] [Thread-1 (_run_server)] [cli_server/cli_server.py:212]: CLI server started v1.1.2
2025-10-03 13:21:41,215 [INFO] [MainThread] [cli_server/cli_server.py:104]: Log pipe server started
2025-10-03 13:21:41,523 [DEBUG] [MainThread] [comtypes/__init__.py:149]: CoInitializeEx(None, 2)
2025-10-03 13:21:42,866 [INFO] [MainThread] [core.utils.widgets.taskbar.window_manager/window_manager.py:191]: TaskbarWindowManager is starting...
2025-10-03 13:21:42,876 [INFO] [MainThread] [root/bar_manager.py:76]: Starting SystemEventListener...
2025-10-03 13:21:42,876 [INFO] [MainThread] [root/bar_manager.py:76]: Starting KomorebiEventListener...
2025-10-03 13:21:42,877 [INFO] [MainThread] [root/watcher.py:54]: Created file watcher for path C:\Users\Fahim Rifat\.config\yasb
2025-10-03 13:21:42,904 [INFO] [Dummy-5] [root/event_listener.py:51]: Created named pipe yasb-9c8856d4-a029-11f0-a142-bce92fdcd0ca
2025-10-03 13:21:42,933 [DEBUG] [MainThread] [qasync._windows._EventPoller/_windows.py:215]: Starting (proactor: <_IocpProactor overlapped#=0 result#=0>)...
2025-10-03 13:21:42,935 [DEBUG] [Dummy-7] [qasync._windows._EventWorker/_windows.py:195]: Thread started
2025-10-03 13:22:13,810 [INFO] [MainThread] [root/controller.py:35]: Exiting Application...
2025-10-03 13:22:13,920 [INFO] [MainThread] [cli_server/cli_server.py:112]: Log pipe server stopped
2025-10-03 13:22:13,920 [DEBUG] [MainThread] [cli_server/cli_server.py:206]: CLI server stopped
2025-10-03 13:22:13,920 [INFO] [MainThread] [root/bar_manager.py:83]: Stopping SystemEventListener...
2025-10-03 13:22:13,920 [INFO] [MainThread] [root/bar_manager.py:83]: Stopping KomorebiEventListener...
2025-10-03 13:22:13,922 [INFO] [MainThread] [core.utils.widgets.taskbar.window_manager/window_manager.py:218]: TaskbarWindowManager stopped
2025-10-03 13:22:13,928 [DEBUG] [MainThread] [qasync._windows._EventPoller/_windows.py:220]: Stopping worker thread...
2025-10-03 13:22:13,937 [DEBUG] [Dummy-7] [qasync._windows._EventWorker/_windows.py:204]: Exiting thread
2025-10-03 13:22:13,940 [DEBUG] [MainThread] [qasync._windows._IocpProactor/_windows.py:78]: Closing
2025-10-04 00:17:56,227 [INFO] [MainThread] [root/log.py:59]: YASB v1.8.2
2025-10-04 00:17:56,241 [INFO] [Thread-1 (_run_server)] [cli_server/cli_server.py:212]: CLI server started v1.1.2
2025-10-04 00:17:56,242 [INFO] [MainThread] [cli_server/cli_server.py:104]: Log pipe server started
2025-10-04 00:17:56,514 [DEBUG] [MainThread] [comtypes/__init__.py:149]: CoInitializeEx(None, 2)
2025-10-04 00:18:03,965 [INFO] [MainThread] [core.utils.widgets.taskbar.window_manager/window_manager.py:191]: TaskbarWindowManager is starting...
2025-10-04 00:18:03,985 [INFO] [MainThread] [root/bar_manager.py:76]: Starting KomorebiEventListener...
2025-10-04 00:18:03,986 [INFO] [MainThread] [root/bar_manager.py:76]: Starting SystemEventListener...
2025-10-04 00:18:03,987 [INFO] [MainThread] [root/watcher.py:54]: Created file watcher for path C:\Users\Fahim Rifat\.config\yasb
2025-10-04 00:18:03,988 [INFO] [Dummy-5] [root/event_listener.py:51]: Created named pipe yasb-4d80c033-a085-11f0-a220-bce92fdcd0ca
2025-10-04 00:18:04,129 [DEBUG] [MainThread] [qasync._windows._EventPoller/_windows.py:215]: Starting (proactor: <_IocpProactor overlapped#=0 result#=0>)...
2025-10-04 00:18:04,132 [DEBUG] [Dummy-9] [qasync._windows._EventWorker/_windows.py:195]: Thread started
2025-10-04 00:19:07,630 [INFO] [MainThread] [root/log.py:59]: YASB v1.8.2
2025-10-04 00:19:07,632 [INFO] [Thread-1 (_run_server)] [cli_server/cli_server.py:212]: CLI server started v1.1.2
2025-10-04 00:19:07,632 [INFO] [MainThread] [cli_server/cli_server.py:104]: Log pipe server started
2025-10-04 00:19:07,633 [ERROR] [MainThread] [root/main.py:77]: Another instance of the YASB is already running.
2025-10-04 01:04:13,452 [INFO] [MainThread] [root/bar_manager.py:83]: Stopping KomorebiEventListener...
2025-10-04 01:04:13,453 [INFO] [MainThread] [root/bar_manager.py:83]: Stopping SystemEventListener...
2025-10-04 01:04:13,455 [INFO] [MainThread] [core.utils.widgets.taskbar.window_manager/window_manager.py:218]: TaskbarWindowManager stopped
2025-10-04 01:11:19,039 [INFO] [MainThread] [root/log.py:59]: YASB v1.8.2
2025-10-04 01:11:19,039 [INFO] [Thread-1 (_run_server)] [cli_server/cli_server.py:212]: CLI server started v1.1.2
2025-10-04 01:11:19,039 [INFO] [MainThread] [cli_server/cli_server.py:104]: Log pipe server started
2025-10-04 01:11:20,101 [DEBUG] [MainThread] [comtypes/__init__.py:149]: CoInitializeEx(None, 2)
2025-10-04 01:11:27,923 [INFO] [MainThread] [core.utils.widgets.taskbar.window_manager/window_manager.py:191]: TaskbarWindowManager is starting...
2025-10-04 01:11:27,937 [INFO] [MainThread] [root/bar_manager.py:76]: Starting SystemEventListener...
2025-10-04 01:11:27,938 [INFO] [MainThread] [root/bar_manager.py:76]: Starting KomorebiEventListener...
2025-10-04 01:11:27,939 [INFO] [MainThread] [root/watcher.py:54]: Created file watcher for path C:\Users\Fahim Rifat\.config\yasb
2025-10-04 01:11:27,961 [INFO] [Dummy-5] [root/event_listener.py:51]: Created named pipe yasb-c3352056-a08c-11f0-93a8-bce92fdcd0ca
2025-10-04 01:11:28,033 [DEBUG] [MainThread] [qasync._windows._EventPoller/_windows.py:215]: Starting (proactor: <_IocpProactor overlapped#=0 result#=0>)...
2025-10-04 01:11:28,036 [DEBUG] [Dummy-9] [qasync._windows._EventWorker/_windows.py:195]: Thread started
2025-10-04 01:11:53,741 [INFO] [MainThread] [root/log.py:59]: YASB v1.8.2
2025-10-04 01:11:53,741 [INFO] [Thread-1 (_run_server)] [cli_server/cli_server.py:212]: CLI server started v1.1.2
2025-10-04 01:11:53,742 [INFO] [MainThread] [cli_server/cli_server.py:104]: Log pipe server started
2025-10-04 01:11:53,743 [ERROR] [MainThread] [root/main.py:77]: Another instance of the YASB is already running.
2025-10-04 01:15:08,278 [INFO] [MainThread] [root/controller.py:35]: Exiting Application...
2025-10-04 01:15:08,379 [INFO] [MainThread] [cli_server/cli_server.py:112]: Log pipe server stopped
2025-10-04 01:15:08,380 [DEBUG] [MainThread] [cli_server/cli_server.py:206]: CLI server stopped
2025-10-04 01:15:08,380 [INFO] [MainThread] [root/bar_manager.py:83]: Stopping SystemEventListener...
2025-10-04 01:15:08,381 [INFO] [MainThread] [root/bar_manager.py:83]: Stopping KomorebiEventListener...
2025-10-04 01:15:08,382 [INFO] [MainThread] [core.utils.widgets.taskbar.window_manager/window_manager.py:218]: TaskbarWindowManager stopped
2025-10-04 01:15:08,409 [DEBUG] [MainThread] [qasync._windows._EventPoller/_windows.py:220]: Stopping worker thread...
2025-10-04 01:15:08,413 [DEBUG] [Dummy-9] [qasync._windows._EventWorker/_windows.py:204]: Exiting thread
2025-10-04 01:15:08,417 [DEBUG] [MainThread] [qasync._windows._IocpProactor/_windows.py:78]: Closing
2025-10-04 09:36:47,763 [INFO] [MainThread] [root/log.py:59]: YASB v1.8.2
2025-10-04 09:36:47,763 [INFO] [Thread-1 (_run_server)] [cli_server/cli_server.py:212]: CLI server started v1.1.2
2025-10-04 09:36:47,763 [INFO] [MainThread] [cli_server/cli_server.py:104]: Log pipe server started
2025-10-04 09:36:48,570 [DEBUG] [MainThread] [comtypes/__init__.py:149]: CoInitializeEx(None, 2)
2025-10-04 09:36:56,164 [INFO] [MainThread] [core.utils.widgets.taskbar.window_manager/window_manager.py:191]: TaskbarWindowManager is starting...
2025-10-04 09:36:56,172 [INFO] [MainThread] [root/bar_manager.py:76]: Starting KomorebiEventListener...
2025-10-04 09:36:56,173 [INFO] [MainThread] [root/bar_manager.py:76]: Starting SystemEventListener...
2025-10-04 09:36:56,174 [INFO] [MainThread] [root/watcher.py:54]: Created file watcher for path C:\Users\Fahim Rifat\.config\yasb
2025-10-04 09:36:56,220 [INFO] [Dummy-5] [root/event_listener.py:51]: Created named pipe yasb-603e7d2d-a0d3-11f0-a682-bce92fdcd0ca
2025-10-04 09:36:56,288 [DEBUG] [MainThread] [qasync._windows._EventPoller/_windows.py:215]: Starting (proactor: <_IocpProactor overlapped#=0 result#=0>)...
2025-10-04 09:36:56,291 [DEBUG] [Dummy-9] [qasync._windows._EventWorker/_windows.py:195]: Thread started
2025-10-04 09:37:08,919 [INFO] [MainThread] [root/log.py:59]: YASB v1.8.2
2025-10-04 09:37:08,920 [INFO] [Thread-1 (_run_server)] [cli_server/cli_server.py:212]: CLI server started v1.1.2
2025-10-04 09:37:08,921 [INFO] [MainThread] [cli_server/cli_server.py:104]: Log pipe server started
2025-10-04 09:37:08,921 [ERROR] [MainThread] [root/main.py:77]: Another instance of the YASB is already running.
2025-10-04 10:06:14,242 [INFO] [MainThread] [root/controller.py:15]: Reloading Application because of config change.
2025-10-04 10:06:14,354 [INFO] [MainThread] [cli_server/cli_server.py:112]: Log pipe server stopped
2025-10-04 10:06:14,355 [DEBUG] [MainThread] [cli_server/cli_server.py:206]: CLI server stopped
2025-10-04 10:06:14,386 [INFO] [MainThread] [root/bar_manager.py:83]: Stopping KomorebiEventListener...
2025-10-04 10:06:14,387 [INFO] [MainThread] [root/bar_manager.py:83]: Stopping SystemEventListener...
2025-10-04 10:06:14,389 [INFO] [MainThread] [core.utils.widgets.taskbar.window_manager/window_manager.py:218]: TaskbarWindowManager stopped
2025-10-04 10:06:14,391 [INFO] [MainThread] [root/bar_manager.py:67]: Successfully loaded updated config and re-initialised all bars.
2025-10-04 10:06:14,392 [DEBUG] [MainThread] [qasync._windows._EventPoller/_windows.py:220]: Stopping worker thread...
2025-10-04 10:06:14,401 [DEBUG] [Dummy-9] [qasync._windows._EventWorker/_windows.py:204]: Exiting thread
2025-10-04 10:06:14,425 [DEBUG] [MainThread] [qasync._windows._IocpProactor/_windows.py:78]: Closing
2025-10-04 10:06:15,353 [INFO] [MainThread] [root/log.py:59]: YASB v1.8.2
2025-10-04 10:06:15,354 [INFO] [Thread-1 (_run_server)] [cli_server/cli_server.py:212]: CLI server started v1.1.2
2025-10-04 10:06:15,355 [INFO] [MainThread] [cli_server/cli_server.py:104]: Log pipe server started
2025-10-04 10:06:15,774 [DEBUG] [MainThread] [comtypes/__init__.py:149]: CoInitializeEx(None, 2)
2025-10-04 10:06:17,507 [INFO] [MainThread] [core.utils.widgets.taskbar.window_manager/window_manager.py:191]: TaskbarWindowManager is starting...
2025-10-04 10:06:17,519 [INFO] [MainThread] [root/bar_manager.py:76]: Starting KomorebiEventListener...
2025-10-04 10:06:17,520 [INFO] [MainThread] [root/bar_manager.py:76]: Starting SystemEventListener...
2025-10-04 10:06:17,520 [ERROR] [MainThread] [root/widget_builder.py:100]: Failed to validate widget(s) due to invalid options  - pomodoro
      pomodoro_duration:
      - unknown field
      pomodoros_per_session:
      - unknown field
      short_break_duration:
      - unknown field
      state_icons:
      - unknown field
      
2025-10-04 10:06:17,534 [INFO] [Dummy-3] [root/event_listener.py:51]: Created named pipe yasb-7a168d7b-a0d7-11f0-8adc-bce92fdcd0ca
2025-10-04 10:06:17,589 [INFO] [MainThread] [root/watcher.py:54]: Created file watcher for path C:\Users\Fahim Rifat\.config\yasb
2025-10-04 10:06:17,647 [DEBUG] [MainThread] [qasync._windows._EventPoller/_windows.py:215]: Starting (proactor: <_IocpProactor overlapped#=0 result#=0>)...
2025-10-04 10:06:17,651 [DEBUG] [Dummy-9] [qasync._windows._EventWorker/_windows.py:195]: Thread started
2025-10-04 10:07:39,397 [INFO] [MainThread] [root/controller.py:15]: Reloading Application from tray...
2025-10-04 10:07:39,498 [INFO] [MainThread] [cli_server/cli_server.py:112]: Log pipe server stopped
2025-10-04 10:07:39,498 [DEBUG] [MainThread] [cli_server/cli_server.py:206]: CLI server stopped
2025-10-04 10:07:39,507 [INFO] [MainThread] [root/bar_manager.py:83]: Stopping KomorebiEventListener...
2025-10-04 10:07:39,507 [INFO] [MainThread] [root/bar_manager.py:83]: Stopping SystemEventListener...
2025-10-04 10:07:39,507 [INFO] [MainThread] [core.utils.widgets.taskbar.window_manager/window_manager.py:218]: TaskbarWindowManager stopped
2025-10-04 10:07:39,508 [DEBUG] [MainThread] [qasync._windows._EventPoller/_windows.py:220]: Stopping worker thread...
2025-10-04 10:07:39,514 [DEBUG] [Dummy-9] [qasync._windows._EventWorker/_windows.py:204]: Exiting thread
2025-10-04 10:07:39,517 [DEBUG] [MainThread] [qasync._windows._IocpProactor/_windows.py:78]: Closing
2025-10-04 10:07:40,990 [INFO] [MainThread] [root/log.py:59]: YASB v1.8.2
2025-10-04 10:07:40,991 [INFO] [Thread-1 (_run_server)] [cli_server/cli_server.py:212]: CLI server started v1.1.2
2025-10-04 10:07:40,992 [INFO] [MainThread] [cli_server/cli_server.py:104]: Log pipe server started
2025-10-04 10:07:41,346 [DEBUG] [MainThread] [comtypes/__init__.py:149]: CoInitializeEx(None, 2)
2025-10-04 10:07:43,029 [INFO] [MainThread] [core.utils.widgets.taskbar.window_manager/window_manager.py:191]: TaskbarWindowManager is starting...
2025-10-04 10:07:43,038 [INFO] [MainThread] [root/bar_manager.py:76]: Starting SystemEventListener...
2025-10-04 10:07:43,039 [INFO] [MainThread] [root/bar_manager.py:76]: Starting KomorebiEventListener...
2025-10-04 10:07:43,039 [ERROR] [MainThread] [root/widget_builder.py:100]: Failed to validate widget(s) due to invalid options  - pomodoro
      pomodoro_duration:
      - unknown field
      pomodoros_per_session:
      - unknown field
      short_break_duration:
      - unknown field
      state_icons:
      - unknown field
      
2025-10-04 10:07:43,075 [INFO] [Dummy-3] [root/event_listener.py:51]: Created named pipe yasb-ad0fe411-a0d7-11f0-8c5a-bce92fdcd0ca
2025-10-04 10:07:43,088 [INFO] [MainThread] [root/watcher.py:54]: Created file watcher for path C:\Users\Fahim Rifat\.config\yasb
2025-10-04 10:07:43,145 [DEBUG] [MainThread] [qasync._windows._EventPoller/_windows.py:215]: Starting (proactor: <_IocpProactor overlapped#=0 result#=0>)...
2025-10-04 10:07:43,147 [DEBUG] [Dummy-9] [qasync._windows._EventWorker/_windows.py:195]: Thread started
2025-10-04 10:08:07,721 [INFO] [MainThread] [root/controller.py:15]: Reloading Application because of config change.
2025-10-04 10:08:07,821 [INFO] [MainThread] [cli_server/cli_server.py:112]: Log pipe server stopped
2025-10-04 10:08:07,822 [DEBUG] [MainThread] [cli_server/cli_server.py:206]: CLI server stopped
2025-10-04 10:08:07,843 [INFO] [MainThread] [root/bar_manager.py:83]: Stopping SystemEventListener...
2025-10-04 10:08:07,844 [INFO] [MainThread] [root/bar_manager.py:83]: Stopping KomorebiEventListener...
2025-10-04 10:08:07,844 [INFO] [MainThread] [core.utils.widgets.taskbar.window_manager/window_manager.py:218]: TaskbarWindowManager stopped
2025-10-04 10:08:07,846 [INFO] [MainThread] [root/bar_manager.py:67]: Successfully loaded updated config and re-initialised all bars.
2025-10-04 10:08:07,847 [DEBUG] [MainThread] [qasync._windows._EventPoller/_windows.py:220]: Stopping worker thread...
2025-10-04 10:08:07,868 [DEBUG] [Dummy-9] [qasync._windows._EventWorker/_windows.py:204]: Exiting thread
2025-10-04 10:08:07,873 [DEBUG] [MainThread] [qasync._windows._IocpProactor/_windows.py:78]: Closing
2025-10-04 10:08:08,692 [INFO] [MainThread] [root/log.py:59]: YASB v1.8.2
2025-10-04 10:08:08,693 [INFO] [Thread-1 (_run_server)] [cli_server/cli_server.py:212]: CLI server started v1.1.2
2025-10-04 10:08:08,693 [INFO] [MainThread] [cli_server/cli_server.py:104]: Log pipe server started
2025-10-04 10:08:08,997 [DEBUG] [MainThread] [comtypes/__init__.py:149]: CoInitializeEx(None, 2)
2025-10-04 10:08:10,709 [INFO] [MainThread] [core.utils.widgets.taskbar.window_manager/window_manager.py:191]: TaskbarWindowManager is starting...
2025-10-04 10:08:10,719 [INFO] [MainThread] [root/bar_manager.py:76]: Starting KomorebiEventListener...
2025-10-04 10:08:10,719 [INFO] [MainThread] [root/bar_manager.py:76]: Starting SystemEventListener...
2025-10-04 10:08:10,721 [INFO] [MainThread] [root/watcher.py:54]: Created file watcher for path C:\Users\Fahim Rifat\.config\yasb
2025-10-04 10:08:10,744 [INFO] [Dummy-5] [root/event_listener.py:51]: Created named pipe yasb-bd8f8c3d-a0d7-11f0-967b-bce92fdcd0ca
2025-10-04 10:08:10,783 [DEBUG] [MainThread] [qasync._windows._EventPoller/_windows.py:215]: Starting (proactor: <_IocpProactor overlapped#=0 result#=0>)...
2025-10-04 10:08:10,786 [DEBUG] [Dummy-9] [qasync._windows._EventWorker/_windows.py:195]: Thread started
2025-10-04 10:10:52,939 [INFO] [MainThread] [root/controller.py:15]: Reloading Application because of config change.
2025-10-04 10:10:53,053 [INFO] [MainThread] [cli_server/cli_server.py:112]: Log pipe server stopped
2025-10-04 10:10:53,054 [DEBUG] [MainThread] [cli_server/cli_server.py:206]: CLI server stopped
2025-10-04 10:10:53,077 [INFO] [MainThread] [root/bar_manager.py:83]: Stopping KomorebiEventListener...
2025-10-04 10:10:53,078 [INFO] [MainThread] [root/bar_manager.py:83]: Stopping SystemEventListener...
2025-10-04 10:10:53,079 [INFO] [MainThread] [core.utils.widgets.taskbar.window_manager/window_manager.py:218]: TaskbarWindowManager stopped
2025-10-04 10:10:53,081 [INFO] [MainThread] [root/bar_manager.py:67]: Successfully loaded updated config and re-initialised all bars.
2025-10-04 10:10:53,082 [DEBUG] [MainThread] [qasync._windows._EventPoller/_windows.py:220]: Stopping worker thread...
2025-10-04 10:10:53,099 [DEBUG] [Dummy-9] [qasync._windows._EventWorker/_windows.py:204]: Exiting thread
2025-10-04 10:10:53,101 [DEBUG] [MainThread] [qasync._windows._IocpProactor/_windows.py:78]: Closing
2025-10-04 10:10:54,473 [INFO] [MainThread] [root/log.py:59]: YASB v1.8.2
2025-10-04 10:10:54,473 [INFO] [Thread-1 (_run_server)] [cli_server/cli_server.py:212]: CLI server started v1.1.2
2025-10-04 10:10:54,474 [INFO] [MainThread] [cli_server/cli_server.py:104]: Log pipe server started
2025-10-04 10:10:55,143 [DEBUG] [MainThread] [comtypes/__init__.py:149]: CoInitializeEx(None, 2)
2025-10-04 10:10:57,456 [INFO] [MainThread] [core.utils.widgets.taskbar.window_manager/window_manager.py:191]: TaskbarWindowManager is starting...
2025-10-04 10:10:57,469 [INFO] [MainThread] [root/bar_manager.py:76]: Starting SystemEventListener...
2025-10-04 10:10:57,469 [INFO] [MainThread] [root/bar_manager.py:76]: Starting KomorebiEventListener...
2025-10-04 10:10:57,470 [INFO] [MainThread] [root/watcher.py:54]: Created file watcher for path C:\Users\Fahim Rifat\.config\yasb
2025-10-04 10:10:57,503 [INFO] [Dummy-5] [root/event_listener.py:51]: Created named pipe yasb-20f37b23-a0d8-11f0-8903-bce92fdcd0ca
2025-10-04 10:10:57,582 [DEBUG] [MainThread] [qasync._windows._EventPoller/_windows.py:215]: Starting (proactor: <_IocpProactor overlapped#=0 result#=0>)...
2025-10-04 10:10:57,585 [DEBUG] [Dummy-9] [qasync._windows._EventWorker/_windows.py:195]: Thread started
2025-10-04 10:11:50,002 [INFO] [MainThread] [root/controller.py:15]: Reloading Application because of config change.
2025-10-04 10:11:50,110 [INFO] [MainThread] [cli_server/cli_server.py:112]: Log pipe server stopped
2025-10-04 10:11:50,111 [DEBUG] [MainThread] [cli_server/cli_server.py:206]: CLI server stopped
2025-10-04 10:11:50,201 [INFO] [MainThread] [root/bar_manager.py:83]: Stopping SystemEventListener...
2025-10-04 10:11:50,202 [INFO] [MainThread] [root/bar_manager.py:83]: Stopping KomorebiEventListener...
2025-10-04 10:11:50,202 [INFO] [MainThread] [core.utils.widgets.taskbar.window_manager/window_manager.py:218]: TaskbarWindowManager stopped
2025-10-04 10:11:50,203 [INFO] [MainThread] [root/bar_manager.py:67]: Successfully loaded updated config and re-initialised all bars.
2025-10-04 10:11:50,203 [DEBUG] [MainThread] [qasync._windows._EventPoller/_windows.py:220]: Stopping worker thread...
2025-10-04 10:11:50,219 [DEBUG] [Dummy-9] [qasync._windows._EventWorker/_windows.py:204]: Exiting thread
2025-10-04 10:11:50,221 [DEBUG] [MainThread] [qasync._windows._IocpProactor/_windows.py:78]: Closing
2025-10-04 10:11:51,612 [INFO] [MainThread] [root/log.py:59]: YASB v1.8.2
2025-10-04 10:11:51,613 [INFO] [Thread-1 (_run_server)] [cli_server/cli_server.py:212]: CLI server started v1.1.2
2025-10-04 10:11:51,614 [INFO] [MainThread] [cli_server/cli_server.py:104]: Log pipe server started
2025-10-04 10:11:52,103 [DEBUG] [MainThread] [comtypes/__init__.py:149]: CoInitializeEx(None, 2)
2025-10-04 10:11:53,727 [INFO] [MainThread] [core.utils.widgets.taskbar.window_manager/window_manager.py:191]: TaskbarWindowManager is starting...
2025-10-04 10:11:53,738 [INFO] [MainThread] [root/bar_manager.py:76]: Starting KomorebiEventListener...
2025-10-04 10:11:53,738 [INFO] [MainThread] [root/bar_manager.py:76]: Starting SystemEventListener...
2025-10-04 10:11:53,739 [INFO] [MainThread] [root/watcher.py:54]: Created file watcher for path C:\Users\Fahim Rifat\.config\yasb
2025-10-04 10:11:53,748 [INFO] [Dummy-5] [root/event_listener.py:51]: Created named pipe yasb-427d6702-a0d8-11f0-8328-bce92fdcd0ca
2025-10-04 10:11:53,810 [DEBUG] [MainThread] [qasync._windows._EventPoller/_windows.py:215]: Starting (proactor: <_IocpProactor overlapped#=0 result#=0>)...
2025-10-04 10:11:53,813 [DEBUG] [Dummy-9] [qasync._windows._EventWorker/_windows.py:195]: Thread started
2025-10-04 10:12:28,950 [INFO] [MainThread] [root/controller.py:15]: Reloading Application because of config change.
2025-10-04 10:12:29,052 [INFO] [MainThread] [cli_server/cli_server.py:112]: Log pipe server stopped
2025-10-04 10:12:29,054 [DEBUG] [MainThread] [cli_server/cli_server.py:206]: CLI server stopped
2025-10-04 10:12:29,076 [INFO] [MainThread] [root/bar_manager.py:83]: Stopping KomorebiEventListener...
2025-10-04 10:12:29,077 [INFO] [MainThread] [root/bar_manager.py:83]: Stopping SystemEventListener...
2025-10-04 10:12:29,079 [INFO] [MainThread] [core.utils.widgets.taskbar.window_manager/window_manager.py:218]: TaskbarWindowManager stopped
2025-10-04 10:12:29,081 [INFO] [MainThread] [root/bar_manager.py:67]: Successfully loaded updated config and re-initialised all bars.
2025-10-04 10:12:29,081 [DEBUG] [MainThread] [qasync._windows._EventPoller/_windows.py:220]: Stopping worker thread...
2025-10-04 10:12:29,100 [DEBUG] [Dummy-9] [qasync._windows._EventWorker/_windows.py:204]: Exiting thread
2025-10-04 10:12:29,112 [DEBUG] [MainThread] [qasync._windows._IocpProactor/_windows.py:78]: Closing
2025-10-04 10:12:30,552 [INFO] [MainThread] [root/log.py:59]: YASB v1.8.2
2025-10-04 10:12:30,553 [INFO] [Thread-1 (_run_server)] [cli_server/cli_server.py:212]: CLI server started v1.1.2
2025-10-04 10:12:30,554 [INFO] [MainThread] [cli_server/cli_server.py:104]: Log pipe server started
2025-10-04 10:12:31,070 [DEBUG] [MainThread] [comtypes/__init__.py:149]: CoInitializeEx(None, 2)
2025-10-04 10:12:33,059 [INFO] [MainThread] [core.utils.widgets.taskbar.window_manager/window_manager.py:191]: TaskbarWindowManager is starting...
2025-10-04 10:12:33,071 [INFO] [MainThread] [root/bar_manager.py:76]: Starting KomorebiEventListener...
2025-10-04 10:12:33,071 [INFO] [MainThread] [root/bar_manager.py:76]: Starting SystemEventListener...
2025-10-04 10:12:33,072 [INFO] [MainThread] [root/watcher.py:54]: Created file watcher for path C:\Users\Fahim Rifat\.config\yasb
2025-10-04 10:12:33,097 [INFO] [Dummy-5] [root/event_listener.py:51]: Created named pipe yasb-59ef3000-a0d8-11f0-9b5b-bce92fdcd0ca
2025-10-04 10:12:33,161 [DEBUG] [MainThread] [qasync._windows._EventPoller/_windows.py:215]: Starting (proactor: <_IocpProactor overlapped#=0 result#=0>)...
2025-10-04 10:12:33,164 [DEBUG] [Dummy-9] [qasync._windows._EventWorker/_windows.py:195]: Thread started
2025-10-04 10:24:19,558 [INFO] [MainThread] [root/controller.py:15]: Reloading Application because of config change.
2025-10-04 10:24:19,673 [INFO] [MainThread] [cli_server/cli_server.py:112]: Log pipe server stopped
2025-10-04 10:24:19,674 [DEBUG] [MainThread] [cli_server/cli_server.py:206]: CLI server stopped
2025-10-04 10:24:19,764 [INFO] [MainThread] [root/bar_manager.py:83]: Stopping KomorebiEventListener...
2025-10-04 10:24:19,764 [INFO] [MainThread] [root/bar_manager.py:83]: Stopping SystemEventListener...
2025-10-04 10:24:19,764 [INFO] [MainThread] [core.utils.widgets.taskbar.window_manager/window_manager.py:218]: TaskbarWindowManager stopped
2025-10-04 10:24:19,766 [INFO] [MainThread] [root/bar_manager.py:67]: Successfully loaded updated config and re-initialised all bars.
2025-10-04 10:24:19,766 [DEBUG] [MainThread] [qasync._windows._EventPoller/_windows.py:220]: Stopping worker thread...
2025-10-04 10:24:19,782 [DEBUG] [Dummy-9] [qasync._windows._EventWorker/_windows.py:204]: Exiting thread
2025-10-04 10:24:19,784 [DEBUG] [MainThread] [qasync._windows._IocpProactor/_windows.py:78]: Closing
2025-10-04 10:24:20,855 [INFO] [MainThread] [root/log.py:59]: YASB v1.8.2
2025-10-04 10:24:20,857 [INFO] [Thread-1 (_run_server)] [cli_server/cli_server.py:212]: CLI server started v1.1.2
2025-10-04 10:24:20,858 [INFO] [MainThread] [cli_server/cli_server.py:104]: Log pipe server started
2025-10-04 10:24:21,336 [DEBUG] [MainThread] [comtypes/__init__.py:149]: CoInitializeEx(None, 2)
2025-10-04 10:24:23,814 [INFO] [MainThread] [root/bar_manager.py:76]: Starting KomorebiEventListener...
2025-10-04 10:24:23,814 [INFO] [MainThread] [root/bar_manager.py:76]: Starting SystemEventListener...
2025-10-04 10:24:23,815 [ERROR] [MainThread] [root/widget_builder.py:100]: Failed to validate widget(s) due to invalid options  - glazewm_tiling_direction
      class_name:
      - unknown field
      
 - komorebi_workspaces
      class_name:
      - unknown field
      
 - taskbar
      class_name:
      - unknown field
      
 - power_menu
      class_name:
      - unknown field
      
2025-10-04 10:24:23,816 [INFO] [Dummy-3] [root/event_listener.py:51]: Created named pipe yasb-0191ecc6-a0da-11f0-9ca9-bce92fdcd0ca
2025-10-04 10:24:23,865 [INFO] [MainThread] [root/watcher.py:54]: Created file watcher for path C:\Users\Fahim Rifat\.config\yasb
2025-10-04 10:24:23,933 [DEBUG] [MainThread] [qasync._windows._EventPoller/_windows.py:215]: Starting (proactor: <_IocpProactor overlapped#=0 result#=0>)...
2025-10-04 10:24:23,937 [DEBUG] [Dummy-9] [qasync._windows._EventWorker/_windows.py:195]: Thread started
2025-10-04 10:24:34,206 [INFO] [MainThread] [root/controller.py:15]: Reloading Application because of config change.
2025-10-04 10:24:34,307 [INFO] [MainThread] [cli_server/cli_server.py:112]: Log pipe server stopped
2025-10-04 10:24:34,307 [DEBUG] [MainThread] [cli_server/cli_server.py:206]: CLI server stopped
2025-10-04 10:24:34,317 [INFO] [MainThread] [root/bar_manager.py:83]: Stopping KomorebiEventListener...
2025-10-04 10:24:34,317 [INFO] [MainThread] [root/bar_manager.py:83]: Stopping SystemEventListener...
2025-10-04 10:24:34,318 [INFO] [MainThread] [root/bar_manager.py:67]: Successfully loaded updated config and re-initialised all bars.
2025-10-04 10:24:34,319 [DEBUG] [MainThread] [qasync._windows._EventPoller/_windows.py:220]: Stopping worker thread...
2025-10-04 10:24:34,323 [DEBUG] [Dummy-9] [qasync._windows._EventWorker/_windows.py:204]: Exiting thread
2025-10-04 10:24:34,330 [DEBUG] [MainThread] [qasync._windows._IocpProactor/_windows.py:78]: Closing
2025-10-04 10:24:35,184 [INFO] [MainThread] [root/log.py:59]: YASB v1.8.2
2025-10-04 10:24:35,184 [INFO] [Thread-1 (_run_server)] [cli_server/cli_server.py:212]: CLI server started v1.1.2
2025-10-04 10:24:35,185 [INFO] [MainThread] [cli_server/cli_server.py:104]: Log pipe server started
2025-10-04 10:24:35,589 [DEBUG] [MainThread] [comtypes/__init__.py:149]: CoInitializeEx(None, 2)
2025-10-04 10:24:37,617 [INFO] [MainThread] [core.utils.widgets.taskbar.window_manager/window_manager.py:191]: TaskbarWindowManager is starting...
2025-10-04 10:24:37,638 [INFO] [MainThread] [root/bar_manager.py:76]: Starting KomorebiEventListener...
2025-10-04 10:24:37,639 [INFO] [MainThread] [root/bar_manager.py:76]: Starting SystemEventListener...
2025-10-04 10:24:37,640 [INFO] [MainThread] [root/watcher.py:54]: Created file watcher for path C:\Users\Fahim Rifat\.config\yasb
2025-10-04 10:24:37,672 [INFO] [Dummy-5] [root/event_listener.py:51]: Created named pipe yasb-09cf794a-a0da-11f0-ab96-bce92fdcd0ca
2025-10-04 10:24:37,734 [DEBUG] [MainThread] [qasync._windows._EventPoller/_windows.py:215]: Starting (proactor: <_IocpProactor overlapped#=0 result#=0>)...
2025-10-04 10:24:37,737 [DEBUG] [Dummy-9] [qasync._windows._EventWorker/_windows.py:195]: Thread started
2025-10-04 10:25:08,190 [INFO] [MainThread] [root/controller.py:15]: Reloading Application because of config change.
2025-10-04 10:25:08,305 [INFO] [MainThread] [cli_server/cli_server.py:112]: Log pipe server stopped
2025-10-04 10:25:08,306 [DEBUG] [MainThread] [cli_server/cli_server.py:206]: CLI server stopped
2025-10-04 10:25:08,336 [INFO] [MainThread] [root/bar_manager.py:83]: Stopping KomorebiEventListener...
2025-10-04 10:25:08,338 [INFO] [MainThread] [root/bar_manager.py:83]: Stopping SystemEventListener...
2025-10-04 10:25:08,339 [INFO] [MainThread] [core.utils.widgets.taskbar.window_manager/window_manager.py:218]: TaskbarWindowManager stopped
2025-10-04 10:25:08,341 [INFO] [MainThread] [root/bar_manager.py:67]: Successfully loaded updated config and re-initialised all bars.
2025-10-04 10:25:08,341 [DEBUG] [MainThread] [qasync._windows._EventPoller/_windows.py:220]: Stopping worker thread...
2025-10-04 10:25:08,350 [DEBUG] [Dummy-9] [qasync._windows._EventWorker/_windows.py:204]: Exiting thread
2025-10-04 10:25:08,355 [DEBUG] [MainThread] [qasync._windows._IocpProactor/_windows.py:78]: Closing
2025-10-04 10:25:09,217 [INFO] [MainThread] [root/log.py:59]: YASB v1.8.2
2025-10-04 10:25:09,218 [INFO] [Thread-1 (_run_server)] [cli_server/cli_server.py:212]: CLI server started v1.1.2
2025-10-04 10:25:09,219 [INFO] [MainThread] [cli_server/cli_server.py:104]: Log pipe server started
2025-10-04 10:25:09,603 [DEBUG] [MainThread] [comtypes/__init__.py:149]: CoInitializeEx(None, 2)
2025-10-04 10:25:11,554 [INFO] [MainThread] [core.utils.widgets.taskbar.window_manager/window_manager.py:191]: TaskbarWindowManager is starting...
2025-10-04 10:25:11,564 [INFO] [MainThread] [root/bar_manager.py:76]: Starting KomorebiEventListener...
2025-10-04 10:25:11,565 [INFO] [MainThread] [root/bar_manager.py:76]: Starting SystemEventListener...
2025-10-04 10:25:11,565 [INFO] [MainThread] [root/watcher.py:54]: Created file watcher for path C:\Users\Fahim Rifat\.config\yasb
2025-10-04 10:25:11,586 [INFO] [Dummy-5] [root/event_listener.py:51]: Created named pipe yasb-1e0840e3-a0da-11f0-9984-bce92fdcd0ca
2025-10-04 10:25:11,636 [DEBUG] [MainThread] [qasync._windows._EventPoller/_windows.py:215]: Starting (proactor: <_IocpProactor overlapped#=0 result#=0>)...
2025-10-04 10:25:11,639 [DEBUG] [Dummy-9] [qasync._windows._EventWorker/_windows.py:195]: Thread started
2025-10-04 10:26:24,497 [INFO] [MainThread] [root/controller.py:15]: Reloading Application because of config change.
2025-10-04 10:26:24,611 [INFO] [MainThread] [cli_server/cli_server.py:112]: Log pipe server stopped
2025-10-04 10:26:24,612 [DEBUG] [MainThread] [cli_server/cli_server.py:206]: CLI server stopped
2025-10-04 10:26:24,636 [INFO] [MainThread] [root/bar_manager.py:83]: Stopping KomorebiEventListener...
2025-10-04 10:26:24,637 [INFO] [MainThread] [root/bar_manager.py:83]: Stopping SystemEventListener...
2025-10-04 10:26:24,638 [INFO] [MainThread] [core.utils.widgets.taskbar.window_manager/window_manager.py:218]: TaskbarWindowManager stopped
2025-10-04 10:26:24,640 [INFO] [MainThread] [root/bar_manager.py:67]: Successfully loaded updated config and re-initialised all bars.
2025-10-04 10:26:24,640 [DEBUG] [MainThread] [qasync._windows._EventPoller/_windows.py:220]: Stopping worker thread...
2025-10-04 10:26:24,657 [DEBUG] [Dummy-9] [qasync._windows._EventWorker/_windows.py:204]: Exiting thread
2025-10-04 10:26:24,660 [DEBUG] [MainThread] [qasync._windows._IocpProactor/_windows.py:78]: Closing
2025-10-04 10:26:26,225 [INFO] [MainThread] [root/log.py:59]: YASB v1.8.2
2025-10-04 10:26:26,227 [INFO] [Thread-1 (_run_server)] [cli_server/cli_server.py:212]: CLI server started v1.1.2
2025-10-04 10:26:26,228 [INFO] [MainThread] [cli_server/cli_server.py:104]: Log pipe server started
2025-10-04 10:26:26,641 [DEBUG] [MainThread] [comtypes/__init__.py:149]: CoInitializeEx(None, 2)
2025-10-04 10:26:28,611 [INFO] [MainThread] [core.utils.widgets.taskbar.window_manager/window_manager.py:191]: TaskbarWindowManager is starting...
2025-10-04 10:26:28,642 [INFO] [MainThread] [root/bar_manager.py:76]: Starting SystemEventListener...
2025-10-04 10:26:28,642 [INFO] [MainThread] [root/bar_manager.py:76]: Starting KomorebiEventListener...
2025-10-04 10:26:28,643 [INFO] [MainThread] [root/watcher.py:54]: Created file watcher for path C:\Users\Fahim Rifat\.config\yasb
2025-10-04 10:26:28,651 [INFO] [Dummy-5] [root/event_listener.py:51]: Created named pipe yasb-4bf92cd2-a0da-11f0-8c0f-bce92fdcd0ca
2025-10-04 10:26:28,753 [DEBUG] [MainThread] [qasync._windows._EventPoller/_windows.py:215]: Starting (proactor: <_IocpProactor overlapped#=0 result#=0>)...
2025-10-04 10:26:28,756 [DEBUG] [Dummy-9] [qasync._windows._EventWorker/_windows.py:195]: Thread started
2025-10-04 10:29:25,882 [INFO] [MainThread] [root/controller.py:15]: Reloading Application because of config change.
2025-10-04 10:29:25,987 [INFO] [MainThread] [cli_server/cli_server.py:112]: Log pipe server stopped
2025-10-04 10:29:25,987 [DEBUG] [MainThread] [cli_server/cli_server.py:206]: CLI server stopped
2025-10-04 10:29:26,005 [INFO] [MainThread] [root/bar_manager.py:83]: Stopping SystemEventListener...
2025-10-04 10:29:26,006 [INFO] [MainThread] [root/bar_manager.py:83]: Stopping KomorebiEventListener...
2025-10-04 10:29:26,007 [INFO] [MainThread] [core.utils.widgets.taskbar.window_manager/window_manager.py:218]: TaskbarWindowManager stopped
2025-10-04 10:29:26,008 [INFO] [MainThread] [root/bar_manager.py:67]: Successfully loaded updated config and re-initialised all bars.
2025-10-04 10:29:26,009 [DEBUG] [MainThread] [qasync._windows._EventPoller/_windows.py:220]: Stopping worker thread...
2025-10-04 10:29:26,017 [DEBUG] [Dummy-9] [qasync._windows._EventWorker/_windows.py:204]: Exiting thread
2025-10-04 10:29:26,022 [DEBUG] [MainThread] [qasync._windows._IocpProactor/_windows.py:78]: Closing
2025-10-04 10:29:27,649 [INFO] [MainThread] [root/log.py:59]: YASB v1.8.2
2025-10-04 10:29:27,650 [INFO] [Thread-1 (_run_server)] [cli_server/cli_server.py:212]: CLI server started v1.1.2
2025-10-04 10:29:27,651 [INFO] [MainThread] [cli_server/cli_server.py:104]: Log pipe server started
2025-10-04 10:29:28,116 [DEBUG] [MainThread] [comtypes/__init__.py:149]: CoInitializeEx(None, 2)
2025-10-04 10:29:29,965 [INFO] [MainThread] [core.utils.widgets.taskbar.window_manager/window_manager.py:191]: TaskbarWindowManager is starting...
2025-10-04 10:29:29,999 [INFO] [MainThread] [root/bar_manager.py:76]: Starting KomorebiEventListener...
2025-10-04 10:29:29,999 [INFO] [MainThread] [root/bar_manager.py:76]: Starting SystemEventListener...
2025-10-04 10:29:30,000 [INFO] [MainThread] [root/watcher.py:54]: Created file watcher for path C:\Users\Fahim Rifat\.config\yasb
2025-10-04 10:29:30,022 [INFO] [Dummy-5] [root/event_listener.py:51]: Created named pipe yasb-b8121951-a0da-11f0-a40f-bce92fdcd0ca
2025-10-04 10:29:30,074 [DEBUG] [MainThread] [qasync._windows._EventPoller/_windows.py:215]: Starting (proactor: <_IocpProactor overlapped#=0 result#=0>)...
2025-10-04 10:29:30,078 [DEBUG] [Dummy-9] [qasync._windows._EventWorker/_windows.py:195]: Thread started
2025-10-04 10:29:45,363 [INFO] [MainThread] [root/controller.py:15]: Reloading Application because of config change.
2025-10-04 10:29:45,472 [INFO] [MainThread] [cli_server/cli_server.py:112]: Log pipe server stopped
2025-10-04 10:29:45,472 [DEBUG] [MainThread] [cli_server/cli_server.py:206]: CLI server stopped
2025-10-04 10:29:45,490 [INFO] [MainThread] [root/bar_manager.py:83]: Stopping KomorebiEventListener...
2025-10-04 10:29:45,490 [INFO] [MainThread] [root/bar_manager.py:83]: Stopping SystemEventListener...
2025-10-04 10:29:45,492 [INFO] [MainThread] [core.utils.widgets.taskbar.window_manager/window_manager.py:218]: TaskbarWindowManager stopped
2025-10-04 10:29:45,492 [INFO] [MainThread] [root/bar_manager.py:67]: Successfully loaded updated config and re-initialised all bars.
2025-10-04 10:29:45,492 [DEBUG] [MainThread] [qasync._windows._EventPoller/_windows.py:220]: Stopping worker thread...
2025-10-04 10:29:45,504 [DEBUG] [Dummy-9] [qasync._windows._EventWorker/_windows.py:204]: Exiting thread
2025-10-04 10:29:45,506 [DEBUG] [MainThread] [qasync._windows._IocpProactor/_windows.py:78]: Closing
2025-10-04 10:29:47,130 [INFO] [MainThread] [root/log.py:59]: YASB v1.8.2
2025-10-04 10:29:47,132 [INFO] [Thread-1 (_run_server)] [cli_server/cli_server.py:212]: CLI server started v1.1.2
2025-10-04 10:29:47,133 [INFO] [MainThread] [cli_server/cli_server.py:104]: Log pipe server started
2025-10-04 10:29:47,565 [DEBUG] [MainThread] [comtypes/__init__.py:149]: CoInitializeEx(None, 2)
2025-10-04 10:29:50,253 [INFO] [MainThread] [core.utils.widgets.taskbar.window_manager/window_manager.py:191]: TaskbarWindowManager is starting...
2025-10-04 10:29:50,266 [INFO] [MainThread] [root/bar_manager.py:76]: Starting SystemEventListener...
2025-10-04 10:29:50,266 [INFO] [MainThread] [root/bar_manager.py:76]: Starting KomorebiEventListener...
2025-10-04 10:29:50,267 [INFO] [MainThread] [root/watcher.py:54]: Created file watcher for path C:\Users\Fahim Rifat\.config\yasb
2025-10-04 10:29:50,285 [INFO] [Dummy-5] [root/event_listener.py:51]: Created named pipe yasb-c4268f2d-a0da-11f0-be94-bce92fdcd0ca
2025-10-04 10:29:50,338 [DEBUG] [MainThread] [qasync._windows._EventPoller/_windows.py:215]: Starting (proactor: <_IocpProactor overlapped#=0 result#=0>)...
2025-10-04 10:29:50,340 [DEBUG] [Dummy-9] [qasync._windows._EventWorker/_windows.py:195]: Thread started
2025-10-04 10:32:05,653 [INFO] [MainThread] [root/controller.py:15]: Reloading Application because of config change.
2025-10-04 10:32:05,758 [INFO] [MainThread] [cli_server/cli_server.py:112]: Log pipe server stopped
2025-10-04 10:32:05,759 [DEBUG] [MainThread] [cli_server/cli_server.py:206]: CLI server stopped
2025-10-04 10:32:05,779 [INFO] [MainThread] [root/bar_manager.py:83]: Stopping SystemEventListener...
2025-10-04 10:32:05,781 [INFO] [MainThread] [root/bar_manager.py:83]: Stopping KomorebiEventListener...
2025-10-04 10:32:05,782 [INFO] [MainThread] [core.utils.widgets.taskbar.window_manager/window_manager.py:218]: TaskbarWindowManager stopped
2025-10-04 10:32:05,784 [INFO] [MainThread] [root/bar_manager.py:67]: Successfully loaded updated config and re-initialised all bars.
2025-10-04 10:32:05,785 [DEBUG] [MainThread] [qasync._windows._EventPoller/_windows.py:220]: Stopping worker thread...
2025-10-04 10:32:05,805 [DEBUG] [Dummy-9] [qasync._windows._EventWorker/_windows.py:204]: Exiting thread
2025-10-04 10:32:05,810 [DEBUG] [MainThread] [qasync._windows._IocpProactor/_windows.py:78]: Closing
2025-10-04 10:32:06,591 [INFO] [MainThread] [root/log.py:59]: YASB v1.8.2
2025-10-04 10:32:06,592 [INFO] [Thread-1 (_run_server)] [cli_server/cli_server.py:212]: CLI server started v1.1.2
2025-10-04 10:32:06,593 [INFO] [MainThread] [cli_server/cli_server.py:104]: Log pipe server started
2025-10-04 10:32:07,144 [DEBUG] [MainThread] [comtypes/__init__.py:149]: CoInitializeEx(None, 2)
2025-10-04 10:32:09,401 [INFO] [MainThread] [core.utils.widgets.taskbar.window_manager/window_manager.py:191]: TaskbarWindowManager is starting...
2025-10-04 10:32:09,412 [INFO] [MainThread] [root/bar_manager.py:76]: Starting SystemEventListener...
2025-10-04 10:32:09,413 [INFO] [MainThread] [root/watcher.py:54]: Created file watcher for path C:\Users\Fahim Rifat\.config\yasb
2025-10-04 10:32:09,483 [DEBUG] [MainThread] [qasync._windows._EventPoller/_windows.py:215]: Starting (proactor: <_IocpProactor overlapped#=0 result#=0>)...
2025-10-04 10:32:09,486 [DEBUG] [Dummy-6] [qasync._windows._EventWorker/_windows.py:195]: Thread started
2025-10-04 10:32:41,712 [INFO] [MainThread] [root/controller.py:15]: Reloading Application because of config change.
2025-10-04 10:32:41,827 [INFO] [MainThread] [cli_server/cli_server.py:112]: Log pipe server stopped
2025-10-04 10:32:41,828 [DEBUG] [MainThread] [cli_server/cli_server.py:206]: CLI server stopped
2025-10-04 10:32:41,853 [INFO] [MainThread] [root/bar_manager.py:83]: Stopping SystemEventListener...
2025-10-04 10:32:41,854 [INFO] [MainThread] [core.utils.widgets.taskbar.window_manager/window_manager.py:218]: TaskbarWindowManager stopped
2025-10-04 10:32:41,856 [INFO] [MainThread] [root/bar_manager.py:67]: Successfully loaded updated config and re-initialised all bars.
2025-10-04 10:32:41,857 [DEBUG] [MainThread] [qasync._windows._EventPoller/_windows.py:220]: Stopping worker thread...
2025-10-04 10:32:41,873 [DEBUG] [Dummy-6] [qasync._windows._EventWorker/_windows.py:204]: Exiting thread
2025-10-04 10:32:41,876 [DEBUG] [MainThread] [qasync._windows._IocpProactor/_windows.py:78]: Closing
2025-10-04 10:32:43,292 [INFO] [MainThread] [root/log.py:59]: YASB v1.8.2
2025-10-04 10:32:43,293 [INFO] [Thread-1 (_run_server)] [cli_server/cli_server.py:212]: CLI server started v1.1.2
2025-10-04 10:32:43,293 [INFO] [MainThread] [cli_server/cli_server.py:104]: Log pipe server started
2025-10-04 10:32:43,711 [DEBUG] [MainThread] [comtypes/__init__.py:149]: CoInitializeEx(None, 2)
2025-10-04 10:32:45,910 [INFO] [MainThread] [core.utils.widgets.taskbar.window_manager/window_manager.py:191]: TaskbarWindowManager is starting...
2025-10-04 10:32:45,923 [INFO] [MainThread] [root/bar_manager.py:76]: Starting SystemEventListener...
2025-10-04 10:32:45,925 [INFO] [MainThread] [root/watcher.py:54]: Created file watcher for path C:\Users\Fahim Rifat\.config\yasb
2025-10-04 10:32:45,997 [DEBUG] [MainThread] [qasync._windows._EventPoller/_windows.py:215]: Starting (proactor: <_IocpProactor overlapped#=0 result#=0>)...
2025-10-04 10:32:46,001 [DEBUG] [Dummy-6] [qasync._windows._EventWorker/_windows.py:195]: Thread started
2025-10-04 10:32:50,656 [INFO] [MainThread] [root/controller.py:15]: Reloading Application because of config change.
2025-10-04 10:32:50,761 [INFO] [MainThread] [cli_server/cli_server.py:112]: Log pipe server stopped
2025-10-04 10:32:50,761 [DEBUG] [MainThread] [cli_server/cli_server.py:206]: CLI server stopped
2025-10-04 10:32:50,785 [INFO] [MainThread] [root/bar_manager.py:83]: Stopping SystemEventListener...
2025-10-04 10:32:50,786 [INFO] [MainThread] [core.utils.widgets.taskbar.window_manager/window_manager.py:218]: TaskbarWindowManager stopped
2025-10-04 10:32:50,788 [INFO] [MainThread] [root/bar_manager.py:67]: Successfully loaded updated config and re-initialised all bars.
2025-10-04 10:32:50,788 [DEBUG] [MainThread] [qasync._windows._EventPoller/_windows.py:220]: Stopping worker thread...
2025-10-04 10:32:50,808 [DEBUG] [Dummy-6] [qasync._windows._EventWorker/_windows.py:204]: Exiting thread
2025-10-04 10:32:50,810 [DEBUG] [MainThread] [qasync._windows._IocpProactor/_windows.py:78]: Closing
2025-10-04 10:32:51,816 [INFO] [MainThread] [root/log.py:59]: YASB v1.8.2
2025-10-04 10:32:51,818 [INFO] [Thread-1 (_run_server)] [cli_server/cli_server.py:212]: CLI server started v1.1.2
2025-10-04 10:32:51,820 [INFO] [MainThread] [cli_server/cli_server.py:104]: Log pipe server started
2025-10-04 10:32:52,373 [DEBUG] [MainThread] [comtypes/__init__.py:149]: CoInitializeEx(None, 2)
2025-10-04 10:32:54,562 [INFO] [MainThread] [core.utils.widgets.taskbar.window_manager/window_manager.py:191]: TaskbarWindowManager is starting...
2025-10-04 10:32:54,580 [INFO] [MainThread] [root/bar_manager.py:76]: Starting SystemEventListener...
2025-10-04 10:32:54,581 [INFO] [MainThread] [root/watcher.py:54]: Created file watcher for path C:\Users\Fahim Rifat\.config\yasb
2025-10-04 10:32:54,657 [DEBUG] [MainThread] [qasync._windows._EventPoller/_windows.py:215]: Starting (proactor: <_IocpProactor overlapped#=0 result#=0>)...
2025-10-04 10:32:54,659 [DEBUG] [Dummy-6] [qasync._windows._EventWorker/_windows.py:195]: Thread started
2025-10-04 10:33:00,079 [INFO] [MainThread] [root/controller.py:15]: Reloading Application because of config change.
2025-10-04 10:33:00,182 [INFO] [MainThread] [cli_server/cli_server.py:112]: Log pipe server stopped
2025-10-04 10:33:00,183 [DEBUG] [MainThread] [cli_server/cli_server.py:206]: CLI server stopped
2025-10-04 10:33:00,205 [INFO] [MainThread] [root/bar_manager.py:83]: Stopping SystemEventListener...
2025-10-04 10:33:00,207 [INFO] [MainThread] [core.utils.widgets.taskbar.window_manager/window_manager.py:218]: TaskbarWindowManager stopped
2025-10-04 10:33:00,208 [INFO] [MainThread] [root/bar_manager.py:67]: Successfully loaded updated config and re-initialised all bars.
2025-10-04 10:33:00,209 [DEBUG] [MainThread] [qasync._windows._EventPoller/_windows.py:220]: Stopping worker thread...
2025-10-04 10:33:00,228 [DEBUG] [Dummy-6] [qasync._windows._EventWorker/_windows.py:204]: Exiting thread
2025-10-04 10:33:00,230 [DEBUG] [MainThread] [qasync._windows._IocpProactor/_windows.py:78]: Closing
2025-10-04 10:33:01,018 [INFO] [MainThread] [root/log.py:59]: YASB v1.8.2
2025-10-04 10:33:01,019 [INFO] [Thread-1 (_run_server)] [cli_server/cli_server.py:212]: CLI server started v1.1.2
2025-10-04 10:33:01,020 [INFO] [MainThread] [cli_server/cli_server.py:104]: Log pipe server started
2025-10-04 10:33:01,446 [DEBUG] [MainThread] [comtypes/__init__.py:149]: CoInitializeEx(None, 2)
2025-10-04 10:33:03,250 [INFO] [MainThread] [core.utils.widgets.taskbar.window_manager/window_manager.py:191]: TaskbarWindowManager is starting...
2025-10-04 10:33:03,262 [INFO] [MainThread] [root/bar_manager.py:76]: Starting SystemEventListener...
2025-10-04 10:33:03,263 [INFO] [MainThread] [root/watcher.py:54]: Created file watcher for path C:\Users\Fahim Rifat\.config\yasb
2025-10-04 10:33:03,328 [DEBUG] [MainThread] [qasync._windows._EventPoller/_windows.py:215]: Starting (proactor: <_IocpProactor overlapped#=0 result#=0>)...
2025-10-04 10:33:03,329 [DEBUG] [Dummy-6] [qasync._windows._EventWorker/_windows.py:195]: Thread started
2025-10-04 10:33:12,230 [INFO] [MainThread] [root/controller.py:15]: Reloading Application because of config change.
2025-10-04 10:33:12,333 [INFO] [MainThread] [cli_server/cli_server.py:112]: Log pipe server stopped
2025-10-04 10:33:12,334 [DEBUG] [MainThread] [cli_server/cli_server.py:206]: CLI server stopped
2025-10-04 10:33:12,357 [INFO] [MainThread] [root/bar_manager.py:83]: Stopping SystemEventListener...
2025-10-04 10:33:12,358 [INFO] [MainThread] [core.utils.widgets.taskbar.window_manager/window_manager.py:218]: TaskbarWindowManager stopped
2025-10-04 10:33:12,360 [INFO] [MainThread] [root/bar_manager.py:67]: Successfully loaded updated config and re-initialised all bars.
2025-10-04 10:33:12,361 [DEBUG] [MainThread] [qasync._windows._EventPoller/_windows.py:220]: Stopping worker thread...
2025-10-04 10:33:12,379 [DEBUG] [Dummy-6] [qasync._windows._EventWorker/_windows.py:204]: Exiting thread
2025-10-04 10:33:12,382 [DEBUG] [MainThread] [qasync._windows._IocpProactor/_windows.py:78]: Closing
2025-10-04 10:33:13,093 [INFO] [MainThread] [root/log.py:59]: YASB v1.8.2
2025-10-04 10:33:13,094 [INFO] [Thread-1 (_run_server)] [cli_server/cli_server.py:212]: CLI server started v1.1.2
2025-10-04 10:33:13,094 [INFO] [MainThread] [cli_server/cli_server.py:104]: Log pipe server started
2025-10-04 10:33:13,511 [DEBUG] [MainThread] [comtypes/__init__.py:149]: CoInitializeEx(None, 2)
2025-10-04 10:33:15,033 [INFO] [MainThread] [core.utils.widgets.taskbar.window_manager/window_manager.py:191]: TaskbarWindowManager is starting...
2025-10-04 10:33:15,048 [INFO] [MainThread] [root/bar_manager.py:76]: Starting SystemEventListener...
2025-10-04 10:33:15,048 [INFO] [MainThread] [root/watcher.py:54]: Created file watcher for path C:\Users\Fahim Rifat\.config\yasb
2025-10-04 10:33:15,115 [DEBUG] [MainThread] [qasync._windows._EventPoller/_windows.py:215]: Starting (proactor: <_IocpProactor overlapped#=0 result#=0>)...
2025-10-04 10:33:15,117 [DEBUG] [Dummy-6] [qasync._windows._EventWorker/_windows.py:195]: Thread started
2025-10-04 10:33:20,101 [INFO] [MainThread] [root/controller.py:15]: Reloading Application because of config change.
2025-10-04 10:33:20,216 [INFO] [MainThread] [cli_server/cli_server.py:112]: Log pipe server stopped
2025-10-04 10:33:20,216 [DEBUG] [MainThread] [cli_server/cli_server.py:206]: CLI server stopped
2025-10-04 10:33:20,245 [INFO] [MainThread] [root/bar_manager.py:83]: Stopping SystemEventListener...
2025-10-04 10:33:20,246 [INFO] [MainThread] [core.utils.widgets.taskbar.window_manager/window_manager.py:218]: TaskbarWindowManager stopped
2025-10-04 10:33:20,248 [INFO] [MainThread] [root/bar_manager.py:67]: Successfully loaded updated config and re-initialised all bars.
2025-10-04 10:33:20,249 [DEBUG] [MainThread] [qasync._windows._EventPoller/_windows.py:220]: Stopping worker thread...
2025-10-04 10:33:20,263 [DEBUG] [Dummy-6] [qasync._windows._EventWorker/_windows.py:204]: Exiting thread
2025-10-04 10:33:20,269 [DEBUG] [MainThread] [qasync._windows._IocpProactor/_windows.py:78]: Closing
2025-10-04 10:33:21,154 [INFO] [MainThread] [root/log.py:59]: YASB v1.8.2
2025-10-04 10:33:21,155 [INFO] [Thread-1 (_run_server)] [cli_server/cli_server.py:212]: CLI server started v1.1.2
2025-10-04 10:33:21,155 [INFO] [MainThread] [cli_server/cli_server.py:104]: Log pipe server started
2025-10-04 10:33:21,672 [DEBUG] [MainThread] [comtypes/__init__.py:149]: CoInitializeEx(None, 2)
2025-10-04 10:33:23,900 [INFO] [MainThread] [core.utils.widgets.taskbar.window_manager/window_manager.py:191]: TaskbarWindowManager is starting...
2025-10-04 10:33:23,914 [INFO] [MainThread] [root/bar_manager.py:76]: Starting SystemEventListener...
2025-10-04 10:33:23,915 [INFO] [MainThread] [root/watcher.py:54]: Created file watcher for path C:\Users\Fahim Rifat\.config\yasb
2025-10-04 10:33:23,993 [DEBUG] [MainThread] [qasync._windows._EventPoller/_windows.py:215]: Starting (proactor: <_IocpProactor overlapped#=0 result#=0>)...
2025-10-04 10:33:23,994 [DEBUG] [Dummy-6] [qasync._windows._EventWorker/_windows.py:195]: Thread started
2025-10-04 10:38:07,780 [INFO] [MainThread] [root/controller.py:35]: Exiting Application...
2025-10-04 10:38:07,883 [INFO] [MainThread] [cli_server/cli_server.py:112]: Log pipe server stopped
2025-10-04 10:38:07,884 [DEBUG] [MainThread] [cli_server/cli_server.py:206]: CLI server stopped
2025-10-04 10:38:07,884 [INFO] [MainThread] [root/bar_manager.py:83]: Stopping SystemEventListener...
2025-10-04 10:38:07,885 [INFO] [MainThread] [core.utils.widgets.taskbar.window_manager/window_manager.py:218]: TaskbarWindowManager stopped
2025-10-04 10:38:07,909 [DEBUG] [MainThread] [qasync._windows._EventPoller/_windows.py:220]: Stopping worker thread...
2025-10-04 10:38:07,914 [DEBUG] [Dummy-6] [qasync._windows._EventWorker/_windows.py:204]: Exiting thread
2025-10-04 10:38:07,921 [DEBUG] [MainThread] [qasync._windows._IocpProactor/_windows.py:78]: Closing
2025-10-04 12:32:23,791 [INFO] [MainThread] [root/log.py:59]: YASB v1.8.2
2025-10-04 12:32:23,791 [INFO] [Thread-1 (_run_server)] [cli_server/cli_server.py:212]: CLI server started v1.1.2
2025-10-04 12:32:23,791 [INFO] [MainThread] [cli_server/cli_server.py:104]: Log pipe server started
2025-10-04 12:32:24,752 [DEBUG] [MainThread] [comtypes/__init__.py:149]: CoInitializeEx(None, 2)
2025-10-04 12:32:32,285 [INFO] [MainThread] [core.utils.widgets.taskbar.window_manager/window_manager.py:191]: TaskbarWindowManager is starting...
2025-10-04 12:32:32,292 [INFO] [MainThread] [root/bar_manager.py:76]: Starting SystemEventListener...
2025-10-04 12:32:32,293 [INFO] [MainThread] [root/watcher.py:54]: Created file watcher for path C:\Users\Fahim Rifat\.config\yasb
2025-10-04 12:32:32,371 [DEBUG] [MainThread] [qasync._windows._EventPoller/_windows.py:215]: Starting (proactor: <_IocpProactor overlapped#=0 result#=0>)...
2025-10-04 12:32:32,373 [DEBUG] [Dummy-6] [qasync._windows._EventWorker/_windows.py:195]: Thread started
2025-10-04 12:32:43,170 [INFO] [MainThread] [root/log.py:59]: YASB v1.8.2
2025-10-04 12:32:43,171 [INFO] [Thread-1 (_run_server)] [cli_server/cli_server.py:212]: CLI server started v1.1.2
2025-10-04 12:32:43,171 [INFO] [MainThread] [cli_server/cli_server.py:104]: Log pipe server started
2025-10-04 12:32:43,172 [ERROR] [MainThread] [root/main.py:77]: Another instance of the YASB is already running.
2025-10-04 14:17:25,219 [INFO] [MainThread] [root/controller.py:35]: Exiting Application...
2025-10-04 14:17:25,330 [INFO] [MainThread] [cli_server/cli_server.py:112]: Log pipe server stopped
2025-10-04 14:17:25,331 [DEBUG] [MainThread] [cli_server/cli_server.py:206]: CLI server stopped
2025-10-04 14:17:25,331 [INFO] [MainThread] [root/bar_manager.py:83]: Stopping SystemEventListener...
2025-10-04 14:17:25,332 [INFO] [MainThread] [core.utils.widgets.taskbar.window_manager/window_manager.py:218]: TaskbarWindowManager stopped
2025-10-04 14:17:25,355 [DEBUG] [MainThread] [qasync._windows._EventPoller/_windows.py:220]: Stopping worker thread...
2025-10-04 14:17:25,362 [DEBUG] [Dummy-6] [qasync._windows._EventWorker/_windows.py:204]: Exiting thread
2025-10-04 14:17:25,367 [DEBUG] [MainThread] [qasync._windows._IocpProactor/_windows.py:78]: Closing
2025-10-05 17:25:47,200 [INFO] [MainThread] [root/log.py:59]: YASB v1.8.2
2025-10-05 17:25:47,200 [INFO] [Thread-1 (_run_server)] [cli_server/cli_server.py:212]: CLI server started v1.1.2
2025-10-05 17:25:47,200 [INFO] [MainThread] [cli_server/cli_server.py:104]: Log pipe server started
2025-10-05 17:25:47,848 [DEBUG] [MainThread] [comtypes/__init__.py:149]: CoInitializeEx(None, 2)
2025-10-05 17:25:50,585 [INFO] [MainThread] [core.utils.widgets.taskbar.window_manager/window_manager.py:191]: TaskbarWindowManager is starting...
2025-10-05 17:25:50,594 [INFO] [MainThread] [root/bar_manager.py:76]: Starting SystemEventListener...
2025-10-05 17:25:50,595 [INFO] [MainThread] [root/watcher.py:54]: Created file watcher for path C:\Users\Fahim Rifat\.config\yasb
2025-10-05 17:25:50,665 [DEBUG] [MainThread] [qasync._windows._EventPoller/_windows.py:215]: Starting (proactor: <_IocpProactor overlapped#=0 result#=0>)...
2025-10-05 17:25:50,669 [DEBUG] [Dummy-6] [qasync._windows._EventWorker/_windows.py:195]: Thread started
2025-10-05 17:26:17,705 [INFO] [MainThread] [root/log.py:59]: YASB v1.8.2
2025-10-05 17:26:17,706 [INFO] [Thread-1 (_run_server)] [cli_server/cli_server.py:212]: CLI server started v1.1.2
2025-10-05 17:26:17,706 [INFO] [MainThread] [cli_server/cli_server.py:104]: Log pipe server started
2025-10-05 17:26:17,706 [ERROR] [MainThread] [root/main.py:77]: Another instance of the YASB is already running.
2025-10-06 01:14:26,844 [INFO] [MainThread] [root/controller.py:15]: Reloading Application from tray...
2025-10-06 01:14:26,959 [INFO] [MainThread] [cli_server/cli_server.py:112]: Log pipe server stopped
2025-10-06 01:14:26,959 [DEBUG] [MainThread] [cli_server/cli_server.py:206]: CLI server stopped
2025-10-06 01:14:26,980 [INFO] [MainThread] [root/bar_manager.py:83]: Stopping SystemEventListener...
2025-10-06 01:14:26,980 [INFO] [MainThread] [core.utils.widgets.taskbar.window_manager/window_manager.py:218]: TaskbarWindowManager stopped
2025-10-06 01:14:26,980 [DEBUG] [MainThread] [qasync._windows._EventPoller/_windows.py:220]: Stopping worker thread...
2025-10-06 01:14:26,990 [DEBUG] [Dummy-6] [qasync._windows._EventWorker/_windows.py:204]: Exiting thread
2025-10-06 01:14:26,992 [DEBUG] [MainThread] [qasync._windows._IocpProactor/_windows.py:78]: Closing
2025-10-06 01:14:30,234 [INFO] [MainThread] [root/log.py:59]: YASB v1.8.2
2025-10-06 01:14:30,235 [INFO] [Thread-1 (_run_server)] [cli_server/cli_server.py:212]: CLI server started v1.1.2
2025-10-06 01:14:30,235 [INFO] [MainThread] [cli_server/cli_server.py:104]: Log pipe server started
2025-10-06 01:14:31,137 [DEBUG] [MainThread] [comtypes/__init__.py:149]: CoInitializeEx(None, 2)
2025-10-06 01:14:39,297 [INFO] [MainThread] [core.utils.widgets.taskbar.window_manager/window_manager.py:191]: TaskbarWindowManager is starting...
2025-10-06 01:14:39,308 [INFO] [MainThread] [root/bar_manager.py:76]: Starting SystemEventListener...
2025-10-06 01:14:39,309 [INFO] [MainThread] [root/watcher.py:54]: Created file watcher for path C:\Users\Fahim Rifat\.config\yasb
2025-10-06 01:14:39,386 [DEBUG] [MainThread] [qasync._windows._EventPoller/_windows.py:215]: Starting (proactor: <_IocpProactor overlapped#=0 result#=0>)...
2025-10-06 01:14:39,388 [DEBUG] [Dummy-6] [qasync._windows._EventWorker/_windows.py:195]: Thread started
2025-10-06 01:15:56,645 [INFO] [MainThread] [root/controller.py:15]: Reloading Application from tray...
2025-10-06 01:15:56,751 [INFO] [MainThread] [cli_server/cli_server.py:112]: Log pipe server stopped
2025-10-06 01:15:56,752 [DEBUG] [MainThread] [cli_server/cli_server.py:206]: CLI server stopped
2025-10-06 01:15:56,768 [INFO] [MainThread] [root/bar_manager.py:83]: Stopping SystemEventListener...
2025-10-06 01:15:56,769 [INFO] [MainThread] [core.utils.widgets.taskbar.window_manager/window_manager.py:218]: TaskbarWindowManager stopped
2025-10-06 01:15:56,770 [DEBUG] [MainThread] [qasync._windows._EventPoller/_windows.py:220]: Stopping worker thread...
2025-10-06 01:15:56,784 [DEBUG] [Dummy-6] [qasync._windows._EventWorker/_windows.py:204]: Exiting thread
2025-10-06 01:15:56,787 [DEBUG] [MainThread] [qasync._windows._IocpProactor/_windows.py:78]: Closing
2025-10-06 01:15:58,188 [INFO] [MainThread] [root/log.py:59]: YASB v1.8.2
2025-10-06 01:15:58,189 [INFO] [Thread-1 (_run_server)] [cli_server/cli_server.py:212]: CLI server started v1.1.2
2025-10-06 01:15:58,190 [INFO] [MainThread] [cli_server/cli_server.py:104]: Log pipe server started
2025-10-06 01:15:58,584 [DEBUG] [MainThread] [comtypes/__init__.py:149]: CoInitializeEx(None, 2)
2025-10-06 01:16:00,397 [INFO] [MainThread] [core.utils.widgets.taskbar.window_manager/window_manager.py:191]: TaskbarWindowManager is starting...
2025-10-06 01:16:00,417 [INFO] [MainThread] [root/bar_manager.py:76]: Starting SystemEventListener...
2025-10-06 01:16:00,418 [INFO] [MainThread] [root/watcher.py:54]: Created file watcher for path C:\Users\Fahim Rifat\.config\yasb
2025-10-06 01:16:00,518 [DEBUG] [MainThread] [qasync._windows._EventPoller/_windows.py:215]: Starting (proactor: <_IocpProactor overlapped#=0 result#=0>)...
2025-10-06 01:16:00,521 [DEBUG] [Dummy-6] [qasync._windows._EventWorker/_windows.py:195]: Thread started
2025-10-06 01:18:02,625 [INFO] [MainThread] [root/controller.py:15]: Reloading Application because of config change.
2025-10-06 01:18:02,737 [INFO] [MainThread] [cli_server/cli_server.py:112]: Log pipe server stopped
2025-10-06 01:18:02,738 [DEBUG] [MainThread] [cli_server/cli_server.py:206]: CLI server stopped
2025-10-06 01:18:02,757 [INFO] [MainThread] [root/bar_manager.py:83]: Stopping SystemEventListener...
2025-10-06 01:18:02,758 [INFO] [MainThread] [core.utils.widgets.taskbar.window_manager/window_manager.py:218]: TaskbarWindowManager stopped
2025-10-06 01:18:02,760 [INFO] [MainThread] [root/bar_manager.py:67]: Successfully loaded updated config and re-initialised all bars.
2025-10-06 01:18:02,760 [DEBUG] [MainThread] [qasync._windows._EventPoller/_windows.py:220]: Stopping worker thread...
2025-10-06 01:18:02,768 [DEBUG] [Dummy-6] [qasync._windows._EventWorker/_windows.py:204]: Exiting thread
2025-10-06 01:18:02,772 [DEBUG] [MainThread] [qasync._windows._IocpProactor/_windows.py:78]: Closing
2025-10-06 01:18:04,386 [INFO] [MainThread] [root/log.py:59]: YASB v1.8.2
2025-10-06 01:18:04,386 [INFO] [Thread-1 (_run_server)] [cli_server/cli_server.py:212]: CLI server started v1.1.2
2025-10-06 01:18:04,387 [INFO] [MainThread] [cli_server/cli_server.py:104]: Log pipe server started
2025-10-06 01:18:04,965 [DEBUG] [MainThread] [comtypes/__init__.py:149]: CoInitializeEx(None, 2)
2025-10-06 01:18:07,307 [INFO] [MainThread] [core.utils.widgets.taskbar.window_manager/window_manager.py:191]: TaskbarWindowManager is starting...
2025-10-06 01:18:07,316 [INFO] [MainThread] [root/bar_manager.py:76]: Starting SystemEventListener...
2025-10-06 01:18:07,316 [INFO] [MainThread] [root/watcher.py:54]: Created file watcher for path C:\Users\Fahim Rifat\.config\yasb
2025-10-06 01:18:07,386 [DEBUG] [MainThread] [qasync._windows._EventPoller/_windows.py:215]: Starting (proactor: <_IocpProactor overlapped#=0 result#=0>)...
2025-10-06 01:18:07,387 [DEBUG] [Dummy-6] [qasync._windows._EventWorker/_windows.py:195]: Thread started
2025-10-06 01:18:47,506 [INFO] [MainThread] [root/controller.py:15]: Reloading Application because of config change.
2025-10-06 01:18:47,613 [INFO] [MainThread] [cli_server/cli_server.py:112]: Log pipe server stopped
2025-10-06 01:18:47,614 [DEBUG] [MainThread] [cli_server/cli_server.py:206]: CLI server stopped
2025-10-06 01:18:47,636 [INFO] [MainThread] [root/bar_manager.py:83]: Stopping SystemEventListener...
2025-10-06 01:18:47,638 [INFO] [MainThread] [core.utils.widgets.taskbar.window_manager/window_manager.py:218]: TaskbarWindowManager stopped
2025-10-06 01:18:47,641 [INFO] [MainThread] [root/bar_manager.py:67]: Successfully loaded updated config and re-initialised all bars.
2025-10-06 01:18:47,642 [DEBUG] [MainThread] [qasync._windows._EventPoller/_windows.py:220]: Stopping worker thread...
2025-10-06 01:18:47,661 [DEBUG] [Dummy-6] [qasync._windows._EventWorker/_windows.py:204]: Exiting thread
2025-10-06 01:18:47,671 [DEBUG] [MainThread] [qasync._windows._IocpProactor/_windows.py:78]: Closing
2025-10-06 01:18:49,156 [INFO] [MainThread] [root/log.py:59]: YASB v1.8.2
2025-10-06 01:18:49,157 [INFO] [Thread-1 (_run_server)] [cli_server/cli_server.py:212]: CLI server started v1.1.2
2025-10-06 01:18:49,157 [INFO] [MainThread] [cli_server/cli_server.py:104]: Log pipe server started
2025-10-06 01:18:49,616 [DEBUG] [MainThread] [comtypes/__init__.py:149]: CoInitializeEx(None, 2)
2025-10-06 01:18:52,128 [INFO] [MainThread] [core.utils.widgets.taskbar.window_manager/window_manager.py:191]: TaskbarWindowManager is starting...
2025-10-06 01:18:52,142 [INFO] [MainThread] [root/bar_manager.py:76]: Starting SystemEventListener...
2025-10-06 01:18:52,143 [INFO] [MainThread] [root/watcher.py:54]: Created file watcher for path C:\Users\Fahim Rifat\.config\yasb
2025-10-06 01:18:52,221 [DEBUG] [MainThread] [qasync._windows._EventPoller/_windows.py:215]: Starting (proactor: <_IocpProactor overlapped#=0 result#=0>)...
2025-10-06 01:18:52,224 [DEBUG] [Dummy-6] [qasync._windows._EventWorker/_windows.py:195]: Thread started
2025-10-06 01:19:02,039 [INFO] [MainThread] [root/controller.py:15]: Reloading Application because of config change.
2025-10-06 01:19:02,145 [INFO] [MainThread] [cli_server/cli_server.py:112]: Log pipe server stopped
2025-10-06 01:19:02,145 [DEBUG] [MainThread] [cli_server/cli_server.py:206]: CLI server stopped
2025-10-06 01:19:02,178 [INFO] [MainThread] [root/bar_manager.py:83]: Stopping SystemEventListener...
2025-10-06 01:19:02,179 [INFO] [MainThread] [core.utils.widgets.taskbar.window_manager/window_manager.py:218]: TaskbarWindowManager stopped
2025-10-06 01:19:02,181 [INFO] [MainThread] [root/bar_manager.py:67]: Successfully loaded updated config and re-initialised all bars.
2025-10-06 01:19:02,182 [DEBUG] [MainThread] [qasync._windows._EventPoller/_windows.py:220]: Stopping worker thread...
2025-10-06 01:19:02,191 [DEBUG] [Dummy-6] [qasync._windows._EventWorker/_windows.py:204]: Exiting thread
2025-10-06 01:19:02,196 [DEBUG] [MainThread] [qasync._windows._IocpProactor/_windows.py:78]: Closing
2025-10-06 01:19:03,009 [INFO] [MainThread] [root/log.py:59]: YASB v1.8.2
2025-10-06 01:19:03,010 [INFO] [Thread-1 (_run_server)] [cli_server/cli_server.py:212]: CLI server started v1.1.2
2025-10-06 01:19:03,011 [INFO] [MainThread] [cli_server/cli_server.py:104]: Log pipe server started
2025-10-06 01:19:03,474 [DEBUG] [MainThread] [comtypes/__init__.py:149]: CoInitializeEx(None, 2)
2025-10-06 01:19:05,499 [INFO] [MainThread] [core.utils.widgets.taskbar.window_manager/window_manager.py:191]: TaskbarWindowManager is starting...
2025-10-06 01:19:05,509 [INFO] [MainThread] [root/bar_manager.py:76]: Starting SystemEventListener...
2025-10-06 01:19:05,509 [INFO] [MainThread] [root/watcher.py:54]: Created file watcher for path C:\Users\Fahim Rifat\.config\yasb
2025-10-06 01:19:05,574 [DEBUG] [MainThread] [qasync._windows._EventPoller/_windows.py:215]: Starting (proactor: <_IocpProactor overlapped#=0 result#=0>)...
2025-10-06 01:19:05,576 [DEBUG] [Dummy-6] [qasync._windows._EventWorker/_windows.py:195]: Thread started
2025-10-06 01:19:39,386 [INFO] [MainThread] [root/controller.py:15]: Reloading Application because of config change.
2025-10-06 01:19:39,497 [INFO] [MainThread] [cli_server/cli_server.py:112]: Log pipe server stopped
2025-10-06 01:19:39,498 [DEBUG] [MainThread] [cli_server/cli_server.py:206]: CLI server stopped
2025-10-06 01:19:39,525 [INFO] [MainThread] [root/bar_manager.py:83]: Stopping SystemEventListener...
2025-10-06 01:19:39,526 [INFO] [MainThread] [core.utils.widgets.taskbar.window_manager/window_manager.py:218]: TaskbarWindowManager stopped
2025-10-06 01:19:39,530 [INFO] [MainThread] [root/bar_manager.py:67]: Successfully loaded updated config and re-initialised all bars.
2025-10-06 01:19:39,531 [DEBUG] [MainThread] [qasync._windows._EventPoller/_windows.py:220]: Stopping worker thread...
2025-10-06 01:19:39,546 [DEBUG] [Dummy-6] [qasync._windows._EventWorker/_windows.py:204]: Exiting thread
2025-10-06 01:19:39,554 [DEBUG] [MainThread] [qasync._windows._IocpProactor/_windows.py:78]: Closing
2025-10-06 01:19:41,081 [INFO] [MainThread] [root/log.py:59]: YASB v1.8.2
2025-10-06 01:19:41,082 [INFO] [Thread-1 (_run_server)] [cli_server/cli_server.py:212]: CLI server started v1.1.2
2025-10-06 01:19:41,083 [INFO] [MainThread] [cli_server/cli_server.py:104]: Log pipe server started
2025-10-06 01:19:41,709 [DEBUG] [MainThread] [comtypes/__init__.py:149]: CoInitializeEx(None, 2)
2025-10-06 01:19:43,632 [INFO] [MainThread] [core.utils.widgets.taskbar.window_manager/window_manager.py:191]: TaskbarWindowManager is starting...
2025-10-06 01:19:43,643 [INFO] [MainThread] [root/bar_manager.py:76]: Starting SystemEventListener...
2025-10-06 01:19:43,644 [INFO] [MainThread] [root/watcher.py:54]: Created file watcher for path C:\Users\Fahim Rifat\.config\yasb
2025-10-06 01:19:43,731 [DEBUG] [MainThread] [qasync._windows._EventPoller/_windows.py:215]: Starting (proactor: <_IocpProactor overlapped#=0 result#=0>)...
2025-10-06 01:19:43,734 [DEBUG] [Dummy-6] [qasync._windows._EventWorker/_windows.py:195]: Thread started
2025-10-06 01:20:03,477 [ERROR] [MainThread] [root/bar_manager.py:56]: Error loading config: document is missing
2025-10-06 01:20:03,589 [INFO] [MainThread] [root/controller.py:15]: Reloading Application because of config change.
2025-10-06 01:20:03,699 [INFO] [MainThread] [cli_server/cli_server.py:112]: Log pipe server stopped
2025-10-06 01:20:03,699 [DEBUG] [MainThread] [cli_server/cli_server.py:206]: CLI server stopped
2025-10-06 01:20:03,716 [INFO] [MainThread] [root/bar_manager.py:83]: Stopping SystemEventListener...
2025-10-06 01:20:03,717 [INFO] [MainThread] [core.utils.widgets.taskbar.window_manager/window_manager.py:218]: TaskbarWindowManager stopped
2025-10-06 01:20:03,718 [INFO] [MainThread] [root/bar_manager.py:67]: Successfully loaded updated config and re-initialised all bars.
2025-10-06 01:20:03,719 [DEBUG] [MainThread] [qasync._windows._EventPoller/_windows.py:220]: Stopping worker thread...
2025-10-06 01:20:03,730 [DEBUG] [Dummy-6] [qasync._windows._EventWorker/_windows.py:204]: Exiting thread
2025-10-06 01:20:03,732 [DEBUG] [MainThread] [qasync._windows._IocpProactor/_windows.py:78]: Closing
2025-10-06 01:20:05,495 [INFO] [MainThread] [root/log.py:59]: YASB v1.8.2
2025-10-06 01:20:05,496 [INFO] [Thread-1 (_run_server)] [cli_server/cli_server.py:212]: CLI server started v1.1.2
2025-10-06 01:20:05,497 [INFO] [MainThread] [cli_server/cli_server.py:104]: Log pipe server started
2025-10-06 01:20:06,133 [DEBUG] [MainThread] [comtypes/__init__.py:149]: CoInitializeEx(None, 2)
2025-10-06 01:20:08,499 [INFO] [MainThread] [core.utils.widgets.taskbar.window_manager/window_manager.py:191]: TaskbarWindowManager is starting...
2025-10-06 01:20:08,510 [INFO] [MainThread] [root/bar_manager.py:76]: Starting SystemEventListener...
2025-10-06 01:20:08,510 [INFO] [MainThread] [root/watcher.py:54]: Created file watcher for path C:\Users\Fahim Rifat\.config\yasb
2025-10-06 01:20:08,583 [DEBUG] [MainThread] [qasync._windows._EventPoller/_windows.py:215]: Starting (proactor: <_IocpProactor overlapped#=0 result#=0>)...
2025-10-06 01:20:08,583 [DEBUG] [Dummy-6] [qasync._windows._EventWorker/_windows.py:195]: Thread started
2025-10-06 01:21:28,099 [ERROR] [MainThread] [root/bar_manager.py:56]: Error loading config: document is missing
2025-10-06 01:21:28,245 [INFO] [MainThread] [root/controller.py:15]: Reloading Application because of config change.
2025-10-06 01:21:28,359 [INFO] [MainThread] [cli_server/cli_server.py:112]: Log pipe server stopped
2025-10-06 01:21:28,360 [DEBUG] [MainThread] [cli_server/cli_server.py:206]: CLI server stopped
2025-10-06 01:21:28,384 [INFO] [MainThread] [root/bar_manager.py:83]: Stopping SystemEventListener...
2025-10-06 01:21:28,385 [INFO] [MainThread] [core.utils.widgets.taskbar.window_manager/window_manager.py:218]: TaskbarWindowManager stopped
2025-10-06 01:21:28,387 [INFO] [MainThread] [root/bar_manager.py:67]: Successfully loaded updated config and re-initialised all bars.
2025-10-06 01:21:28,388 [DEBUG] [MainThread] [qasync._windows._EventPoller/_windows.py:220]: Stopping worker thread...
2025-10-06 01:21:28,406 [DEBUG] [Dummy-6] [qasync._windows._EventWorker/_windows.py:204]: Exiting thread
2025-10-06 01:21:28,411 [DEBUG] [MainThread] [qasync._windows._IocpProactor/_windows.py:78]: Closing
2025-10-06 01:21:29,304 [INFO] [MainThread] [root/log.py:59]: YASB v1.8.2
2025-10-06 01:21:29,305 [INFO] [Thread-1 (_run_server)] [cli_server/cli_server.py:212]: CLI server started v1.1.2
2025-10-06 01:21:29,305 [INFO] [MainThread] [cli_server/cli_server.py:104]: Log pipe server started
2025-10-06 01:21:29,955 [DEBUG] [MainThread] [comtypes/__init__.py:149]: CoInitializeEx(None, 2)
2025-10-06 01:21:31,870 [INFO] [MainThread] [core.utils.widgets.taskbar.window_manager/window_manager.py:191]: TaskbarWindowManager is starting...
2025-10-06 01:21:31,899 [INFO] [MainThread] [root/bar_manager.py:76]: Starting SystemEventListener...
2025-10-06 01:21:31,899 [INFO] [MainThread] [root/watcher.py:54]: Created file watcher for path C:\Users\Fahim Rifat\.config\yasb
2025-10-06 01:21:31,963 [DEBUG] [MainThread] [qasync._windows._EventPoller/_windows.py:215]: Starting (proactor: <_IocpProactor overlapped#=0 result#=0>)...
2025-10-06 01:21:31,965 [DEBUG] [Dummy-6] [qasync._windows._EventWorker/_windows.py:195]: Thread started
2025-10-06 01:22:07,588 [INFO] [MainThread] [root/controller.py:15]: Reloading Application because of config change.
2025-10-06 01:22:07,690 [INFO] [MainThread] [cli_server/cli_server.py:112]: Log pipe server stopped
2025-10-06 01:22:07,691 [DEBUG] [MainThread] [cli_server/cli_server.py:206]: CLI server stopped
2025-10-06 01:22:07,714 [INFO] [MainThread] [root/bar_manager.py:83]: Stopping SystemEventListener...
2025-10-06 01:22:07,716 [INFO] [MainThread] [core.utils.widgets.taskbar.window_manager/window_manager.py:218]: TaskbarWindowManager stopped
2025-10-06 01:22:07,718 [INFO] [MainThread] [root/bar_manager.py:67]: Successfully loaded updated config and re-initialised all bars.
2025-10-06 01:22:07,719 [DEBUG] [MainThread] [qasync._windows._EventPoller/_windows.py:220]: Stopping worker thread...
2025-10-06 01:22:07,737 [DEBUG] [Dummy-6] [qasync._windows._EventWorker/_windows.py:204]: Exiting thread
2025-10-06 01:22:07,742 [DEBUG] [MainThread] [qasync._windows._IocpProactor/_windows.py:78]: Closing
2025-10-06 01:22:09,227 [INFO] [MainThread] [root/log.py:59]: YASB v1.8.2
2025-10-06 01:22:09,227 [INFO] [Thread-1 (_run_server)] [cli_server/cli_server.py:212]: CLI server started v1.1.2
2025-10-06 01:22:09,228 [INFO] [MainThread] [cli_server/cli_server.py:104]: Log pipe server started
2025-10-06 01:22:09,712 [DEBUG] [MainThread] [comtypes/__init__.py:149]: CoInitializeEx(None, 2)
2025-10-06 01:22:11,546 [INFO] [MainThread] [core.utils.widgets.taskbar.window_manager/window_manager.py:191]: TaskbarWindowManager is starting...
2025-10-06 01:22:11,608 [INFO] [MainThread] [root/bar_manager.py:76]: Starting SystemEventListener...
2025-10-06 01:22:11,609 [INFO] [MainThread] [root/watcher.py:54]: Created file watcher for path C:\Users\Fahim Rifat\.config\yasb
2025-10-06 01:22:11,705 [DEBUG] [MainThread] [qasync._windows._EventPoller/_windows.py:215]: Starting (proactor: <_IocpProactor overlapped#=0 result#=0>)...
2025-10-06 01:22:11,708 [DEBUG] [Dummy-6] [qasync._windows._EventWorker/_windows.py:195]: Thread started
2025-10-06 01:22:37,722 [INFO] [MainThread] [root/controller.py:15]: Reloading Application because of config change.
2025-10-06 01:22:37,834 [INFO] [MainThread] [cli_server/cli_server.py:112]: Log pipe server stopped
2025-10-06 01:22:37,834 [DEBUG] [MainThread] [cli_server/cli_server.py:206]: CLI server stopped
2025-10-06 01:22:37,865 [INFO] [MainThread] [root/bar_manager.py:83]: Stopping SystemEventListener...
2025-10-06 01:22:37,866 [INFO] [MainThread] [core.utils.widgets.taskbar.window_manager/window_manager.py:218]: TaskbarWindowManager stopped
2025-10-06 01:22:37,868 [INFO] [MainThread] [root/bar_manager.py:67]: Successfully loaded updated config and re-initialised all bars.
2025-10-06 01:22:37,868 [DEBUG] [MainThread] [qasync._windows._EventPoller/_windows.py:220]: Stopping worker thread...
2025-10-06 01:22:37,881 [DEBUG] [Dummy-6] [qasync._windows._EventWorker/_windows.py:204]: Exiting thread
2025-10-06 01:22:37,885 [DEBUG] [MainThread] [qasync._windows._IocpProactor/_windows.py:78]: Closing
2025-10-06 01:22:39,303 [INFO] [MainThread] [root/log.py:59]: YASB v1.8.2
2025-10-06 01:22:39,304 [INFO] [Thread-1 (_run_server)] [cli_server/cli_server.py:212]: CLI server started v1.1.2
2025-10-06 01:22:39,305 [INFO] [MainThread] [cli_server/cli_server.py:104]: Log pipe server started
2025-10-06 01:22:39,720 [DEBUG] [MainThread] [comtypes/__init__.py:149]: CoInitializeEx(None, 2)
2025-10-06 01:22:42,134 [INFO] [MainThread] [core.utils.widgets.taskbar.window_manager/window_manager.py:191]: TaskbarWindowManager is starting...
2025-10-06 01:22:42,173 [INFO] [MainThread] [root/bar_manager.py:76]: Starting SystemEventListener...
2025-10-06 01:22:42,174 [INFO] [MainThread] [root/watcher.py:54]: Created file watcher for path C:\Users\Fahim Rifat\.config\yasb
2025-10-06 01:22:42,248 [DEBUG] [MainThread] [qasync._windows._EventPoller/_windows.py:215]: Starting (proactor: <_IocpProactor overlapped#=0 result#=0>)...
2025-10-06 01:22:42,250 [DEBUG] [Dummy-6] [qasync._windows._EventWorker/_windows.py:195]: Thread started
2025-10-06 01:23:18,634 [INFO] [MainThread] [root/controller.py:15]: Reloading Application from tray...
2025-10-06 01:23:18,748 [INFO] [MainThread] [cli_server/cli_server.py:112]: Log pipe server stopped
2025-10-06 01:23:18,748 [DEBUG] [MainThread] [cli_server/cli_server.py:206]: CLI server stopped
2025-10-06 01:23:18,767 [INFO] [MainThread] [root/bar_manager.py:83]: Stopping SystemEventListener...
2025-10-06 01:23:18,768 [INFO] [MainThread] [core.utils.widgets.taskbar.window_manager/window_manager.py:218]: TaskbarWindowManager stopped
2025-10-06 01:23:18,770 [DEBUG] [MainThread] [qasync._windows._EventPoller/_windows.py:220]: Stopping worker thread...
2025-10-06 01:23:18,780 [DEBUG] [Dummy-6] [qasync._windows._EventWorker/_windows.py:204]: Exiting thread
2025-10-06 01:23:18,782 [DEBUG] [MainThread] [qasync._windows._IocpProactor/_windows.py:78]: Closing
2025-10-06 01:23:19,441 [INFO] [MainThread] [root/log.py:59]: YASB v1.8.2
2025-10-06 01:23:19,442 [INFO] [Thread-1 (_run_server)] [cli_server/cli_server.py:212]: CLI server started v1.1.2
2025-10-06 01:23:19,443 [INFO] [MainThread] [cli_server/cli_server.py:104]: Log pipe server started
2025-10-06 01:23:19,856 [DEBUG] [MainThread] [comtypes/__init__.py:149]: CoInitializeEx(None, 2)
2025-10-06 01:23:22,194 [INFO] [MainThread] [core.utils.widgets.taskbar.window_manager/window_manager.py:191]: TaskbarWindowManager is starting...
2025-10-06 01:23:22,227 [INFO] [MainThread] [root/bar_manager.py:76]: Starting SystemEventListener...
2025-10-06 01:23:22,228 [INFO] [MainThread] [root/watcher.py:54]: Created file watcher for path C:\Users\Fahim Rifat\.config\yasb
2025-10-06 01:23:22,303 [DEBUG] [MainThread] [qasync._windows._EventPoller/_windows.py:215]: Starting (proactor: <_IocpProactor overlapped#=0 result#=0>)...
2025-10-06 01:23:22,305 [DEBUG] [Dummy-6] [qasync._windows._EventWorker/_windows.py:195]: Thread started
2025-10-06 01:23:59,865 [INFO] [MainThread] [root/controller.py:15]: Reloading Application because of config change.
2025-10-06 01:23:59,978 [INFO] [MainThread] [cli_server/cli_server.py:112]: Log pipe server stopped
2025-10-06 01:23:59,979 [DEBUG] [MainThread] [cli_server/cli_server.py:206]: CLI server stopped
2025-10-06 01:24:00,010 [INFO] [MainThread] [root/bar_manager.py:83]: Stopping SystemEventListener...
2025-10-06 01:24:00,012 [INFO] [MainThread] [core.utils.widgets.taskbar.window_manager/window_manager.py:218]: TaskbarWindowManager stopped
2025-10-06 01:24:00,016 [INFO] [MainThread] [root/bar_manager.py:67]: Successfully loaded updated config and re-initialised all bars.
2025-10-06 01:24:00,017 [DEBUG] [MainThread] [qasync._windows._EventPoller/_windows.py:220]: Stopping worker thread...
2025-10-06 01:24:00,025 [DEBUG] [Dummy-6] [qasync._windows._EventWorker/_windows.py:204]: Exiting thread
2025-10-06 01:24:00,031 [DEBUG] [MainThread] [qasync._windows._IocpProactor/_windows.py:78]: Closing
2025-10-06 01:24:01,495 [INFO] [MainThread] [root/log.py:59]: YASB v1.8.2
2025-10-06 01:24:01,497 [INFO] [Thread-1 (_run_server)] [cli_server/cli_server.py:212]: CLI server started v1.1.2
2025-10-06 01:24:01,498 [INFO] [MainThread] [cli_server/cli_server.py:104]: Log pipe server started
2025-10-06 01:24:02,020 [DEBUG] [MainThread] [comtypes/__init__.py:149]: CoInitializeEx(None, 2)
2025-10-06 01:24:03,857 [INFO] [MainThread] [core.utils.widgets.taskbar.window_manager/window_manager.py:191]: TaskbarWindowManager is starting...
2025-10-06 01:24:03,866 [INFO] [MainThread] [root/bar_manager.py:76]: Starting SystemEventListener...
2025-10-06 01:24:03,866 [INFO] [MainThread] [root/bar_manager.py:76]: Starting KomorebiEventListener...
2025-10-06 01:24:03,867 [INFO] [MainThread] [root/watcher.py:54]: Created file watcher for path C:\Users\Fahim Rifat\.config\yasb
2025-10-06 01:24:03,876 [INFO] [Dummy-5] [root/event_listener.py:51]: Created named pipe yasb-da9a036f-a220-11f0-ab21-bce92fdcd0ca
2025-10-06 01:24:03,935 [DEBUG] [MainThread] [qasync._windows._EventPoller/_windows.py:215]: Starting (proactor: <_IocpProactor overlapped#=0 result#=0>)...
2025-10-06 01:24:03,938 [DEBUG] [Dummy-9] [qasync._windows._EventWorker/_windows.py:195]: Thread started
2025-10-06 01:24:28,415 [INFO] [MainThread] [root/controller.py:15]: Reloading Application because of config change.
2025-10-06 01:24:28,528 [INFO] [MainThread] [cli_server/cli_server.py:112]: Log pipe server stopped
2025-10-06 01:24:28,529 [DEBUG] [MainThread] [cli_server/cli_server.py:206]: CLI server stopped
2025-10-06 01:24:28,561 [INFO] [MainThread] [root/bar_manager.py:83]: Stopping SystemEventListener...
2025-10-06 01:24:28,562 [INFO] [MainThread] [root/bar_manager.py:83]: Stopping KomorebiEventListener...
2025-10-06 01:24:28,563 [INFO] [MainThread] [core.utils.widgets.taskbar.window_manager/window_manager.py:218]: TaskbarWindowManager stopped
2025-10-06 01:24:28,565 [INFO] [MainThread] [root/bar_manager.py:67]: Successfully loaded updated config and re-initialised all bars.
2025-10-06 01:24:28,566 [DEBUG] [MainThread] [qasync._windows._EventPoller/_windows.py:220]: Stopping worker thread...
2025-10-06 01:24:28,575 [DEBUG] [Dummy-9] [qasync._windows._EventWorker/_windows.py:204]: Exiting thread
2025-10-06 01:24:28,581 [DEBUG] [MainThread] [qasync._windows._IocpProactor/_windows.py:78]: Closing
2025-10-06 01:24:29,334 [INFO] [MainThread] [root/log.py:59]: YASB v1.8.2
2025-10-06 01:24:29,334 [INFO] [Thread-1 (_run_server)] [cli_server/cli_server.py:212]: CLI server started v1.1.2
2025-10-06 01:24:29,336 [INFO] [MainThread] [cli_server/cli_server.py:104]: Log pipe server started
2025-10-06 01:24:30,034 [DEBUG] [MainThread] [comtypes/__init__.py:149]: CoInitializeEx(None, 2)
2025-10-06 01:24:33,553 [INFO] [MainThread] [core.utils.widgets.taskbar.window_manager/window_manager.py:191]: TaskbarWindowManager is starting...
2025-10-06 01:24:33,562 [INFO] [MainThread] [root/bar_manager.py:76]: Starting SystemEventListener...
2025-10-06 01:24:33,562 [INFO] [MainThread] [root/bar_manager.py:76]: Starting KomorebiEventListener...
2025-10-06 01:24:33,563 [INFO] [MainThread] [root/watcher.py:54]: Created file watcher for path C:\Users\Fahim Rifat\.config\yasb
2025-10-06 01:24:33,585 [INFO] [Dummy-5] [root/event_listener.py:51]: Created named pipe yasb-ec4d5f4a-a220-11f0-b1b8-bce92fdcd0ca
2025-10-06 01:24:33,664 [DEBUG] [MainThread] [qasync._windows._EventPoller/_windows.py:215]: Starting (proactor: <_IocpProactor overlapped#=0 result#=0>)...
2025-10-06 01:24:33,669 [DEBUG] [Dummy-9] [qasync._windows._EventWorker/_windows.py:195]: Thread started
2025-10-06 01:24:37,614 [INFO] [MainThread] [root/controller.py:15]: Reloading Application because of config change.
2025-10-06 01:24:37,729 [INFO] [MainThread] [cli_server/cli_server.py:112]: Log pipe server stopped
2025-10-06 01:24:37,729 [DEBUG] [MainThread] [cli_server/cli_server.py:206]: CLI server stopped
2025-10-06 01:24:37,739 [INFO] [MainThread] [root/bar_manager.py:83]: Stopping SystemEventListener...
2025-10-06 01:24:37,739 [INFO] [MainThread] [root/bar_manager.py:83]: Stopping KomorebiEventListener...
2025-10-06 01:24:37,740 [INFO] [MainThread] [core.utils.widgets.taskbar.window_manager/window_manager.py:218]: TaskbarWindowManager stopped
2025-10-06 01:24:37,742 [INFO] [MainThread] [root/bar_manager.py:67]: Successfully loaded updated config and re-initialised all bars.
2025-10-06 01:24:37,742 [DEBUG] [MainThread] [qasync._windows._EventPoller/_windows.py:220]: Stopping worker thread...
2025-10-06 01:24:37,745 [DEBUG] [Dummy-9] [qasync._windows._EventWorker/_windows.py:204]: Exiting thread
2025-10-06 01:24:37,747 [DEBUG] [MainThread] [qasync._windows._IocpProactor/_windows.py:78]: Closing
2025-10-06 01:24:38,544 [INFO] [MainThread] [root/log.py:59]: YASB v1.8.2
2025-10-06 01:24:38,545 [INFO] [Thread-1 (_run_server)] [cli_server/cli_server.py:212]: CLI server started v1.1.2
2025-10-06 01:24:38,546 [INFO] [MainThread] [cli_server/cli_server.py:104]: Log pipe server started
2025-10-06 01:24:39,112 [DEBUG] [MainThread] [comtypes/__init__.py:149]: CoInitializeEx(None, 2)
2025-10-06 01:24:41,009 [INFO] [MainThread] [core.utils.widgets.taskbar.window_manager/window_manager.py:191]: TaskbarWindowManager is starting...
2025-10-06 01:24:41,018 [INFO] [MainThread] [root/bar_manager.py:76]: Starting KomorebiEventListener...
2025-10-06 01:24:41,018 [INFO] [MainThread] [root/bar_manager.py:76]: Starting SystemEventListener...
2025-10-06 01:24:41,019 [INFO] [MainThread] [root/watcher.py:54]: Created file watcher for path C:\Users\Fahim Rifat\.config\yasb
2025-10-06 01:24:41,039 [INFO] [Dummy-5] [root/event_listener.py:51]: Created named pipe yasb-f0befa7e-a220-11f0-881e-bce92fdcd0ca
2025-10-06 01:24:41,108 [DEBUG] [MainThread] [qasync._windows._EventPoller/_windows.py:215]: Starting (proactor: <_IocpProactor overlapped#=0 result#=0>)...
2025-10-06 01:24:41,111 [DEBUG] [Dummy-9] [qasync._windows._EventWorker/_windows.py:195]: Thread started
2025-10-06 01:42:42,390 [INFO] [MainThread] [root/controller.py:15]: Reloading Application because of config change.
2025-10-06 01:42:42,500 [INFO] [MainThread] [cli_server/cli_server.py:112]: Log pipe server stopped
2025-10-06 01:42:42,501 [DEBUG] [MainThread] [cli_server/cli_server.py:206]: CLI server stopped
2025-10-06 01:42:42,523 [INFO] [MainThread] [root/bar_manager.py:83]: Stopping KomorebiEventListener...
2025-10-06 01:42:42,525 [INFO] [MainThread] [root/bar_manager.py:83]: Stopping SystemEventListener...
2025-10-06 01:42:42,525 [INFO] [MainThread] [core.utils.widgets.taskbar.window_manager/window_manager.py:218]: TaskbarWindowManager stopped
2025-10-06 01:42:42,527 [INFO] [MainThread] [root/bar_manager.py:67]: Successfully loaded updated config and re-initialised all bars.
2025-10-06 01:42:42,528 [DEBUG] [MainThread] [qasync._windows._EventPoller/_windows.py:220]: Stopping worker thread...
2025-10-06 01:42:42,547 [DEBUG] [Dummy-9] [qasync._windows._EventWorker/_windows.py:204]: Exiting thread
2025-10-06 01:42:42,549 [DEBUG] [MainThread] [qasync._windows._IocpProactor/_windows.py:78]: Closing
2025-10-06 01:42:43,946 [INFO] [MainThread] [root/log.py:59]: YASB v1.8.2
2025-10-06 01:42:43,948 [INFO] [Thread-1 (_run_server)] [cli_server/cli_server.py:212]: CLI server started v1.1.2
2025-10-06 01:42:43,949 [INFO] [MainThread] [cli_server/cli_server.py:104]: Log pipe server started
2025-10-06 01:42:44,497 [DEBUG] [MainThread] [comtypes/__init__.py:149]: CoInitializeEx(None, 2)
2025-10-06 01:42:46,955 [INFO] [MainThread] [core.utils.widgets.taskbar.window_manager/window_manager.py:191]: TaskbarWindowManager is starting...
2025-10-06 01:42:46,965 [INFO] [MainThread] [root/bar_manager.py:76]: Starting KomorebiEventListener...
2025-10-06 01:42:46,966 [INFO] [MainThread] [root/bar_manager.py:76]: Starting SystemEventListener...
2025-10-06 01:42:46,966 [INFO] [MainThread] [root/watcher.py:54]: Created file watcher for path C:\Users\Fahim Rifat\.config\yasb
2025-10-06 01:42:47,011 [INFO] [Dummy-5] [root/event_listener.py:51]: Created named pipe yasb-78058561-a223-11f0-ad5e-bce92fdcd0ca
2025-10-06 01:42:47,084 [DEBUG] [MainThread] [qasync._windows._EventPoller/_windows.py:215]: Starting (proactor: <_IocpProactor overlapped#=0 result#=0>)...
2025-10-06 01:42:47,090 [DEBUG] [Dummy-9] [qasync._windows._EventWorker/_windows.py:195]: Thread started
2025-10-06 02:00:21,601 [INFO] [MainThread] [root/controller.py:15]: Reloading Application because of config change.
2025-10-06 02:00:21,710 [INFO] [MainThread] [cli_server/cli_server.py:112]: Log pipe server stopped
2025-10-06 02:00:21,710 [DEBUG] [MainThread] [cli_server/cli_server.py:206]: CLI server stopped
2025-10-06 02:00:21,734 [INFO] [MainThread] [root/bar_manager.py:83]: Stopping KomorebiEventListener...
2025-10-06 02:00:21,734 [INFO] [MainThread] [root/bar_manager.py:83]: Stopping SystemEventListener...
2025-10-06 02:00:21,734 [INFO] [MainThread] [core.utils.widgets.taskbar.window_manager/window_manager.py:218]: TaskbarWindowManager stopped
2025-10-06 02:00:21,736 [INFO] [MainThread] [root/bar_manager.py:67]: Successfully loaded updated config and re-initialised all bars.
2025-10-06 02:00:21,736 [DEBUG] [MainThread] [qasync._windows._EventPoller/_windows.py:220]: Stopping worker thread...
2025-10-06 02:00:21,754 [DEBUG] [Dummy-9] [qasync._windows._EventWorker/_windows.py:204]: Exiting thread
2025-10-06 02:00:21,762 [DEBUG] [MainThread] [qasync._windows._IocpProactor/_windows.py:78]: Closing
2025-10-06 02:00:23,263 [INFO] [MainThread] [root/log.py:59]: YASB v1.8.2
2025-10-06 02:00:23,264 [INFO] [Thread-1 (_run_server)] [cli_server/cli_server.py:212]: CLI server started v1.1.2
2025-10-06 02:00:23,265 [INFO] [MainThread] [cli_server/cli_server.py:104]: Log pipe server started
2025-10-06 02:00:23,698 [DEBUG] [MainThread] [comtypes/__init__.py:149]: CoInitializeEx(None, 2)
2025-10-06 02:00:25,602 [INFO] [MainThread] [core.utils.widgets.taskbar.window_manager/window_manager.py:191]: TaskbarWindowManager is starting...
2025-10-06 02:00:25,616 [INFO] [MainThread] [root/bar_manager.py:76]: Starting SystemEventListener...
2025-10-06 02:00:25,616 [INFO] [MainThread] [root/bar_manager.py:76]: Starting KomorebiEventListener...
2025-10-06 02:00:25,617 [INFO] [MainThread] [root/watcher.py:54]: Created file watcher for path C:\Users\Fahim Rifat\.config\yasb
2025-10-06 02:00:25,655 [INFO] [Dummy-5] [root/event_listener.py:51]: Created named pipe yasb-ef06c144-a225-11f0-adbe-bce92fdcd0ca
2025-10-06 02:00:25,716 [DEBUG] [MainThread] [qasync._windows._EventPoller/_windows.py:215]: Starting (proactor: <_IocpProactor overlapped#=0 result#=0>)...
2025-10-06 02:00:25,718 [DEBUG] [Dummy-9] [qasync._windows._EventWorker/_windows.py:195]: Thread started
2025-10-06 02:01:22,998 [INFO] [MainThread] [root/controller.py:15]: Reloading Application because of config change.
2025-10-06 02:01:23,099 [INFO] [MainThread] [cli_server/cli_server.py:112]: Log pipe server stopped
2025-10-06 02:01:23,100 [DEBUG] [MainThread] [cli_server/cli_server.py:206]: CLI server stopped
2025-10-06 02:01:23,133 [INFO] [MainThread] [root/bar_manager.py:83]: Stopping SystemEventListener...
2025-10-06 02:01:23,134 [INFO] [MainThread] [root/bar_manager.py:83]: Stopping KomorebiEventListener...
2025-10-06 02:01:23,135 [INFO] [MainThread] [core.utils.widgets.taskbar.window_manager/window_manager.py:218]: TaskbarWindowManager stopped
2025-10-06 02:01:23,139 [INFO] [MainThread] [root/bar_manager.py:67]: Successfully loaded updated config and re-initialised all bars.
2025-10-06 02:01:23,140 [DEBUG] [MainThread] [qasync._windows._EventPoller/_windows.py:220]: Stopping worker thread...
2025-10-06 02:01:23,146 [DEBUG] [Dummy-9] [qasync._windows._EventWorker/_windows.py:204]: Exiting thread
2025-10-06 02:01:23,152 [DEBUG] [MainThread] [qasync._windows._IocpProactor/_windows.py:78]: Closing
2025-10-06 02:01:24,623 [INFO] [MainThread] [root/log.py:59]: YASB v1.8.2
2025-10-06 02:01:24,623 [INFO] [Thread-1 (_run_server)] [cli_server/cli_server.py:212]: CLI server started v1.1.2
2025-10-06 02:01:24,623 [INFO] [MainThread] [cli_server/cli_server.py:104]: Log pipe server started
2025-10-06 02:01:25,088 [DEBUG] [MainThread] [comtypes/__init__.py:149]: CoInitializeEx(None, 2)
2025-10-06 02:01:26,939 [INFO] [MainThread] [core.utils.widgets.taskbar.window_manager/window_manager.py:191]: TaskbarWindowManager is starting...
2025-10-06 02:01:26,949 [INFO] [MainThread] [root/bar_manager.py:76]: Starting SystemEventListener...
2025-10-06 02:01:26,949 [INFO] [MainThread] [root/watcher.py:54]: Created file watcher for path C:\Users\Fahim Rifat\.config\yasb
2025-10-06 02:01:27,018 [DEBUG] [MainThread] [qasync._windows._EventPoller/_windows.py:215]: Starting (proactor: <_IocpProactor overlapped#=0 result#=0>)...
2025-10-06 02:01:27,019 [DEBUG] [Dummy-6] [qasync._windows._EventWorker/_windows.py:195]: Thread started
2025-10-06 02:02:41,168 [INFO] [MainThread] [root/controller.py:15]: Reloading Application because of config change.
2025-10-06 02:02:41,273 [INFO] [MainThread] [cli_server/cli_server.py:112]: Log pipe server stopped
2025-10-06 02:02:41,274 [DEBUG] [MainThread] [cli_server/cli_server.py:206]: CLI server stopped
2025-10-06 02:02:41,293 [INFO] [MainThread] [root/bar_manager.py:83]: Stopping SystemEventListener...
2025-10-06 02:02:41,294 [INFO] [MainThread] [core.utils.widgets.taskbar.window_manager/window_manager.py:218]: TaskbarWindowManager stopped
2025-10-06 02:02:41,297 [INFO] [MainThread] [root/bar_manager.py:67]: Successfully loaded updated config and re-initialised all bars.
2025-10-06 02:02:41,297 [DEBUG] [MainThread] [qasync._windows._EventPoller/_windows.py:220]: Stopping worker thread...
2025-10-06 02:02:41,304 [DEBUG] [Dummy-6] [qasync._windows._EventWorker/_windows.py:204]: Exiting thread
2025-10-06 02:02:41,311 [DEBUG] [MainThread] [qasync._windows._IocpProactor/_windows.py:78]: Closing
2025-10-06 02:02:42,193 [INFO] [MainThread] [root/log.py:59]: YASB v1.8.2
2025-10-06 02:02:42,195 [INFO] [Thread-1 (_run_server)] [cli_server/cli_server.py:212]: CLI server started v1.1.2
2025-10-06 02:02:42,195 [INFO] [MainThread] [cli_server/cli_server.py:104]: Log pipe server started
2025-10-06 02:02:42,593 [DEBUG] [MainThread] [comtypes/__init__.py:149]: CoInitializeEx(None, 2)
2025-10-06 02:02:44,473 [INFO] [MainThread] [core.utils.widgets.taskbar.window_manager/window_manager.py:191]: TaskbarWindowManager is starting...
2025-10-06 02:02:44,482 [INFO] [MainThread] [root/bar_manager.py:76]: Starting SystemEventListener...
2025-10-06 02:02:44,482 [INFO] [MainThread] [root/watcher.py:54]: Created file watcher for path C:\Users\Fahim Rifat\.config\yasb
2025-10-06 02:02:44,547 [DEBUG] [MainThread] [qasync._windows._EventPoller/_windows.py:215]: Starting (proactor: <_IocpProactor overlapped#=0 result#=0>)...
2025-10-06 02:02:44,549 [DEBUG] [Dummy-6] [qasync._windows._EventWorker/_windows.py:195]: Thread started
2025-10-06 02:06:12,837 [ERROR] [MainThread] [root/bar_manager.py:56]: Error loading config: document is missing
2025-10-06 02:06:12,907 [INFO] [MainThread] [root/controller.py:15]: Reloading Application because of config change.
2025-10-06 02:06:13,020 [INFO] [MainThread] [cli_server/cli_server.py:112]: Log pipe server stopped
2025-10-06 02:06:13,020 [DEBUG] [MainThread] [cli_server/cli_server.py:206]: CLI server stopped
2025-10-06 02:06:13,049 [INFO] [MainThread] [root/bar_manager.py:83]: Stopping SystemEventListener...
2025-10-06 02:06:13,050 [INFO] [MainThread] [core.utils.widgets.taskbar.window_manager/window_manager.py:218]: TaskbarWindowManager stopped
2025-10-06 02:06:13,053 [INFO] [MainThread] [root/bar_manager.py:67]: Successfully loaded updated config and re-initialised all bars.
2025-10-06 02:06:13,054 [DEBUG] [MainThread] [qasync._windows._EventPoller/_windows.py:220]: Stopping worker thread...
2025-10-06 02:06:13,068 [DEBUG] [Dummy-6] [qasync._windows._EventWorker/_windows.py:204]: Exiting thread
2025-10-06 02:06:13,073 [DEBUG] [MainThread] [qasync._windows._IocpProactor/_windows.py:78]: Closing
2025-10-06 02:06:14,546 [INFO] [MainThread] [root/log.py:59]: YASB v1.8.2
2025-10-06 02:06:14,547 [INFO] [Thread-1 (_run_server)] [cli_server/cli_server.py:212]: CLI server started v1.1.2
2025-10-06 02:06:14,548 [INFO] [MainThread] [cli_server/cli_server.py:104]: Log pipe server started
2025-10-06 02:06:14,926 [DEBUG] [MainThread] [comtypes/__init__.py:149]: CoInitializeEx(None, 2)
2025-10-06 02:06:16,790 [INFO] [MainThread] [core.utils.widgets.taskbar.window_manager/window_manager.py:191]: TaskbarWindowManager is starting...
2025-10-06 02:06:16,801 [INFO] [MainThread] [root/bar_manager.py:76]: Starting SystemEventListener...
2025-10-06 02:06:16,801 [INFO] [MainThread] [root/watcher.py:54]: Created file watcher for path C:\Users\Fahim Rifat\.config\yasb
2025-10-06 02:06:16,866 [DEBUG] [MainThread] [qasync._windows._EventPoller/_windows.py:215]: Starting (proactor: <_IocpProactor overlapped#=0 result#=0>)...
2025-10-06 02:06:16,867 [DEBUG] [Dummy-6] [qasync._windows._EventWorker/_windows.py:195]: Thread started
2025-10-06 02:06:23,729 [INFO] [MainThread] [root/controller.py:15]: Reloading Application because of config change.
2025-10-06 02:06:23,842 [INFO] [MainThread] [cli_server/cli_server.py:112]: Log pipe server stopped
2025-10-06 02:06:23,843 [DEBUG] [MainThread] [cli_server/cli_server.py:206]: CLI server stopped
2025-10-06 02:06:23,878 [INFO] [MainThread] [root/bar_manager.py:83]: Stopping SystemEventListener...
2025-10-06 02:06:23,879 [INFO] [MainThread] [core.utils.widgets.taskbar.window_manager/window_manager.py:218]: TaskbarWindowManager stopped
2025-10-06 02:06:23,882 [INFO] [MainThread] [root/bar_manager.py:67]: Successfully loaded updated config and re-initialised all bars.
2025-10-06 02:06:23,883 [DEBUG] [MainThread] [qasync._windows._EventPoller/_windows.py:220]: Stopping worker thread...
2025-10-06 02:06:23,888 [DEBUG] [Dummy-6] [qasync._windows._EventWorker/_windows.py:204]: Exiting thread
2025-10-06 02:06:23,894 [DEBUG] [MainThread] [qasync._windows._IocpProactor/_windows.py:78]: Closing
2025-10-06 02:06:24,734 [INFO] [MainThread] [root/log.py:59]: YASB v1.8.2
2025-10-06 02:06:24,735 [INFO] [Thread-1 (_run_server)] [cli_server/cli_server.py:212]: CLI server started v1.1.2
2025-10-06 02:06:24,736 [INFO] [MainThread] [cli_server/cli_server.py:104]: Log pipe server started
2025-10-06 02:06:25,080 [DEBUG] [MainThread] [comtypes/__init__.py:149]: CoInitializeEx(None, 2)
2025-10-06 02:06:27,433 [INFO] [MainThread] [core.utils.widgets.taskbar.window_manager/window_manager.py:191]: TaskbarWindowManager is starting...
2025-10-06 02:06:27,444 [INFO] [MainThread] [root/bar_manager.py:76]: Starting SystemEventListener...
2025-10-06 02:06:27,445 [INFO] [MainThread] [root/watcher.py:54]: Created file watcher for path C:\Users\Fahim Rifat\.config\yasb
2025-10-06 02:06:27,541 [DEBUG] [MainThread] [qasync._windows._EventPoller/_windows.py:215]: Starting (proactor: <_IocpProactor overlapped#=0 result#=0>)...
2025-10-06 02:06:27,544 [DEBUG] [Dummy-6] [qasync._windows._EventWorker/_windows.py:195]: Thread started
2025-10-06 02:06:38,747 [INFO] [MainThread] [root/controller.py:15]: Reloading Application because of config change.
2025-10-06 02:06:38,862 [INFO] [MainThread] [cli_server/cli_server.py:112]: Log pipe server stopped
2025-10-06 02:06:38,862 [DEBUG] [MainThread] [cli_server/cli_server.py:206]: CLI server stopped
2025-10-06 02:06:38,872 [INFO] [MainThread] [root/bar_manager.py:83]: Stopping SystemEventListener...
2025-10-06 02:06:38,873 [INFO] [MainThread] [core.utils.widgets.taskbar.window_manager/window_manager.py:218]: TaskbarWindowManager stopped
2025-10-06 02:06:38,875 [INFO] [MainThread] [root/bar_manager.py:67]: Successfully loaded updated config and re-initialised all bars.
2025-10-06 02:06:38,876 [DEBUG] [MainThread] [qasync._windows._EventPoller/_windows.py:220]: Stopping worker thread...
2025-10-06 02:06:38,877 [DEBUG] [Dummy-6] [qasync._windows._EventWorker/_windows.py:204]: Exiting thread
2025-10-06 02:06:38,879 [DEBUG] [MainThread] [qasync._windows._IocpProactor/_windows.py:78]: Closing
2025-10-06 02:06:39,658 [INFO] [MainThread] [root/log.py:59]: YASB v1.8.2
2025-10-06 02:06:39,658 [INFO] [Thread-1 (_run_server)] [cli_server/cli_server.py:212]: CLI server started v1.1.2
2025-10-06 02:06:39,660 [INFO] [MainThread] [cli_server/cli_server.py:104]: Log pipe server started
2025-10-06 02:06:40,071 [DEBUG] [MainThread] [comtypes/__init__.py:149]: CoInitializeEx(None, 2)
2025-10-06 02:06:41,931 [INFO] [MainThread] [core.utils.widgets.taskbar.window_manager/window_manager.py:191]: TaskbarWindowManager is starting...
2025-10-06 02:06:41,940 [INFO] [MainThread] [root/bar_manager.py:76]: Starting SystemEventListener...
2025-10-06 02:06:41,941 [INFO] [MainThread] [root/watcher.py:54]: Created file watcher for path C:\Users\Fahim Rifat\.config\yasb
2025-10-06 02:06:42,001 [DEBUG] [MainThread] [qasync._windows._EventPoller/_windows.py:215]: Starting (proactor: <_IocpProactor overlapped#=0 result#=0>)...
2025-10-06 02:06:42,003 [DEBUG] [Dummy-6] [qasync._windows._EventWorker/_windows.py:195]: Thread started
2025-10-06 02:06:51,171 [INFO] [MainThread] [root/controller.py:15]: Reloading Application because of config change.
2025-10-06 02:06:51,286 [INFO] [MainThread] [cli_server/cli_server.py:112]: Log pipe server stopped
2025-10-06 02:06:51,287 [DEBUG] [MainThread] [cli_server/cli_server.py:206]: CLI server stopped
2025-10-06 02:06:51,312 [INFO] [MainThread] [root/bar_manager.py:83]: Stopping SystemEventListener...
2025-10-06 02:06:51,314 [INFO] [MainThread] [core.utils.widgets.taskbar.window_manager/window_manager.py:218]: TaskbarWindowManager stopped
2025-10-06 02:06:51,318 [INFO] [MainThread] [root/bar_manager.py:67]: Successfully loaded updated config and re-initialised all bars.
2025-10-06 02:06:51,318 [DEBUG] [MainThread] [qasync._windows._EventPoller/_windows.py:220]: Stopping worker thread...
2025-10-06 02:06:51,332 [DEBUG] [Dummy-6] [qasync._windows._EventWorker/_windows.py:204]: Exiting thread
2025-10-06 02:06:51,341 [DEBUG] [MainThread] [qasync._windows._IocpProactor/_windows.py:78]: Closing
2025-10-06 02:06:52,100 [INFO] [MainThread] [root/log.py:59]: YASB v1.8.2
2025-10-06 02:06:52,101 [INFO] [Thread-1 (_run_server)] [cli_server/cli_server.py:212]: CLI server started v1.1.2
2025-10-06 02:06:52,102 [INFO] [MainThread] [cli_server/cli_server.py:104]: Log pipe server started
2025-10-06 02:06:52,545 [DEBUG] [MainThread] [comtypes/__init__.py:149]: CoInitializeEx(None, 2)
2025-10-06 02:06:54,349 [INFO] [MainThread] [core.utils.widgets.taskbar.window_manager/window_manager.py:191]: TaskbarWindowManager is starting...
2025-10-06 02:06:54,359 [INFO] [MainThread] [root/bar_manager.py:76]: Starting SystemEventListener...
2025-10-06 02:06:54,360 [INFO] [MainThread] [root/watcher.py:54]: Created file watcher for path C:\Users\Fahim Rifat\.config\yasb
2025-10-06 02:06:54,423 [DEBUG] [MainThread] [qasync._windows._EventPoller/_windows.py:215]: Starting (proactor: <_IocpProactor overlapped#=0 result#=0>)...
2025-10-06 02:06:54,424 [DEBUG] [Dummy-6] [qasync._windows._EventWorker/_windows.py:195]: Thread started
2025-10-06 02:07:04,316 [INFO] [MainThread] [root/controller.py:15]: Reloading Application because of config change.
2025-10-06 02:07:04,425 [INFO] [MainThread] [cli_server/cli_server.py:112]: Log pipe server stopped
2025-10-06 02:07:04,426 [DEBUG] [MainThread] [cli_server/cli_server.py:206]: CLI server stopped
2025-10-06 02:07:04,462 [INFO] [MainThread] [root/bar_manager.py:83]: Stopping SystemEventListener...
2025-10-06 02:07:04,463 [INFO] [MainThread] [core.utils.widgets.taskbar.window_manager/window_manager.py:218]: TaskbarWindowManager stopped
2025-10-06 02:07:04,468 [INFO] [MainThread] [root/bar_manager.py:67]: Successfully loaded updated config and re-initialised all bars.
2025-10-06 02:07:04,469 [DEBUG] [MainThread] [qasync._windows._EventPoller/_windows.py:220]: Stopping worker thread...
2025-10-06 02:07:04,488 [DEBUG] [Dummy-6] [qasync._windows._EventWorker/_windows.py:204]: Exiting thread
2025-10-06 02:07:04,494 [DEBUG] [MainThread] [qasync._windows._IocpProactor/_windows.py:78]: Closing
2025-10-06 02:07:05,717 [INFO] [MainThread] [root/log.py:59]: YASB v1.8.2
2025-10-06 02:07:05,718 [INFO] [Thread-1 (_run_server)] [cli_server/cli_server.py:212]: CLI server started v1.1.2
2025-10-06 02:07:05,720 [INFO] [MainThread] [cli_server/cli_server.py:104]: Log pipe server started
2025-10-06 02:07:06,322 [DEBUG] [MainThread] [comtypes/__init__.py:149]: CoInitializeEx(None, 2)
2025-10-06 02:07:08,966 [INFO] [MainThread] [core.utils.widgets.taskbar.window_manager/window_manager.py:191]: TaskbarWindowManager is starting...
2025-10-06 02:07:08,978 [INFO] [MainThread] [root/bar_manager.py:76]: Starting SystemEventListener...
2025-10-06 02:07:08,978 [INFO] [MainThread] [root/watcher.py:54]: Created file watcher for path C:\Users\Fahim Rifat\.config\yasb
2025-10-06 02:07:09,061 [DEBUG] [MainThread] [qasync._windows._EventPoller/_windows.py:215]: Starting (proactor: <_IocpProactor overlapped#=0 result#=0>)...
2025-10-06 02:07:09,063 [DEBUG] [Dummy-6] [qasync._windows._EventWorker/_windows.py:195]: Thread started
2025-10-06 02:07:14,885 [INFO] [MainThread] [root/controller.py:15]: Reloading Application because of config change.
2025-10-06 02:07:14,993 [INFO] [MainThread] [cli_server/cli_server.py:112]: Log pipe server stopped
2025-10-06 02:07:14,994 [DEBUG] [MainThread] [cli_server/cli_server.py:206]: CLI server stopped
2025-10-06 02:07:15,020 [INFO] [MainThread] [root/bar_manager.py:83]: Stopping SystemEventListener...
2025-10-06 02:07:15,021 [INFO] [MainThread] [core.utils.widgets.taskbar.window_manager/window_manager.py:218]: TaskbarWindowManager stopped
2025-10-06 02:07:15,025 [INFO] [MainThread] [root/bar_manager.py:67]: Successfully loaded updated config and re-initialised all bars.
2025-10-06 02:07:15,026 [DEBUG] [MainThread] [qasync._windows._EventPoller/_windows.py:220]: Stopping worker thread...
2025-10-06 02:07:15,040 [DEBUG] [Dummy-6] [qasync._windows._EventWorker/_windows.py:204]: Exiting thread
2025-10-06 02:07:15,046 [DEBUG] [MainThread] [qasync._windows._IocpProactor/_windows.py:78]: Closing
2025-10-06 02:07:16,064 [INFO] [MainThread] [root/log.py:59]: YASB v1.8.2
2025-10-06 02:07:16,065 [INFO] [Thread-1 (_run_server)] [cli_server/cli_server.py:212]: CLI server started v1.1.2
2025-10-06 02:07:16,068 [INFO] [MainThread] [cli_server/cli_server.py:104]: Log pipe server started
2025-10-06 02:07:16,520 [DEBUG] [MainThread] [comtypes/__init__.py:149]: CoInitializeEx(None, 2)
2025-10-06 02:07:18,796 [INFO] [MainThread] [core.utils.widgets.taskbar.window_manager/window_manager.py:191]: TaskbarWindowManager is starting...
2025-10-06 02:07:18,806 [INFO] [MainThread] [root/bar_manager.py:76]: Starting SystemEventListener...
2025-10-06 02:07:18,806 [INFO] [MainThread] [root/watcher.py:54]: Created file watcher for path C:\Users\Fahim Rifat\.config\yasb
2025-10-06 02:07:18,869 [DEBUG] [MainThread] [qasync._windows._EventPoller/_windows.py:215]: Starting (proactor: <_IocpProactor overlapped#=0 result#=0>)...
2025-10-06 02:07:18,870 [DEBUG] [Dummy-6] [qasync._windows._EventWorker/_windows.py:195]: Thread started
2025-10-06 02:08:21,774 [INFO] [MainThread] [root/controller.py:15]: Reloading Application because of config change.
2025-10-06 02:08:21,890 [INFO] [MainThread] [cli_server/cli_server.py:112]: Log pipe server stopped
2025-10-06 02:08:21,891 [DEBUG] [MainThread] [cli_server/cli_server.py:206]: CLI server stopped
2025-10-06 02:08:21,928 [INFO] [MainThread] [root/bar_manager.py:83]: Stopping SystemEventListener...
2025-10-06 02:08:21,928 [INFO] [MainThread] [core.utils.widgets.taskbar.window_manager/window_manager.py:218]: TaskbarWindowManager stopped
2025-10-06 02:08:21,932 [INFO] [MainThread] [root/bar_manager.py:67]: Successfully loaded updated config and re-initialised all bars.
2025-10-06 02:08:21,933 [DEBUG] [MainThread] [qasync._windows._EventPoller/_windows.py:220]: Stopping worker thread...
2025-10-06 02:08:21,952 [DEBUG] [Dummy-6] [qasync._windows._EventWorker/_windows.py:204]: Exiting thread
2025-10-06 02:08:21,957 [DEBUG] [MainThread] [qasync._windows._IocpProactor/_windows.py:78]: Closing
2025-10-06 02:08:23,575 [INFO] [MainThread] [root/log.py:59]: YASB v1.8.2
2025-10-06 02:08:23,575 [INFO] [Thread-1 (_run_server)] [cli_server/cli_server.py:212]: CLI server started v1.1.2
2025-10-06 02:08:23,576 [INFO] [MainThread] [cli_server/cli_server.py:104]: Log pipe server started
2025-10-06 02:08:23,961 [DEBUG] [MainThread] [comtypes/__init__.py:149]: CoInitializeEx(None, 2)
2025-10-06 02:08:25,891 [INFO] [MainThread] [core.utils.widgets.taskbar.window_manager/window_manager.py:191]: TaskbarWindowManager is starting...
2025-10-06 02:08:25,901 [INFO] [MainThread] [root/bar_manager.py:76]: Starting SystemEventListener...
2025-10-06 02:08:25,902 [INFO] [MainThread] [root/watcher.py:54]: Created file watcher for path C:\Users\Fahim Rifat\.config\yasb
2025-10-06 02:08:25,964 [DEBUG] [MainThread] [qasync._windows._EventPoller/_windows.py:215]: Starting (proactor: <_IocpProactor overlapped#=0 result#=0>)...
2025-10-06 02:08:25,965 [DEBUG] [Dummy-6] [qasync._windows._EventWorker/_windows.py:195]: Thread started
2025-10-06 02:10:27,317 [ERROR] [MainThread] [root/bar_manager.py:56]: Error loading config: document is missing
2025-10-06 02:10:27,384 [INFO] [MainThread] [root/controller.py:15]: Reloading Application because of config change.
2025-10-06 02:10:27,493 [INFO] [MainThread] [cli_server/cli_server.py:112]: Log pipe server stopped
2025-10-06 02:10:27,503 [DEBUG] [MainThread] [cli_server/cli_server.py:206]: CLI server stopped
2025-10-06 02:10:27,529 [INFO] [MainThread] [root/bar_manager.py:83]: Stopping SystemEventListener...
2025-10-06 02:10:27,531 [INFO] [MainThread] [core.utils.widgets.taskbar.window_manager/window_manager.py:218]: TaskbarWindowManager stopped
2025-10-06 02:10:27,536 [INFO] [MainThread] [root/bar_manager.py:67]: Successfully loaded updated config and re-initialised all bars.
2025-10-06 02:10:27,537 [DEBUG] [MainThread] [qasync._windows._EventPoller/_windows.py:220]: Stopping worker thread...
2025-10-06 02:10:27,540 [DEBUG] [Dummy-6] [qasync._windows._EventWorker/_windows.py:204]: Exiting thread
2025-10-06 02:10:27,548 [DEBUG] [MainThread] [qasync._windows._IocpProactor/_windows.py:78]: Closing
2025-10-06 02:10:29,286 [INFO] [MainThread] [root/log.py:59]: YASB v1.8.2
2025-10-06 02:10:29,288 [INFO] [Thread-1 (_run_server)] [cli_server/cli_server.py:212]: CLI server started v1.1.2
2025-10-06 02:10:29,290 [INFO] [MainThread] [cli_server/cli_server.py:104]: Log pipe server started
2025-10-06 02:10:30,087 [DEBUG] [MainThread] [comtypes/__init__.py:149]: CoInitializeEx(None, 2)
2025-10-06 02:10:32,545 [INFO] [MainThread] [core.utils.widgets.taskbar.window_manager/window_manager.py:191]: TaskbarWindowManager is starting...
2025-10-06 02:10:32,557 [INFO] [MainThread] [root/bar_manager.py:76]: Starting SystemEventListener...
2025-10-06 02:10:32,557 [INFO] [MainThread] [root/watcher.py:54]: Created file watcher for path C:\Users\Fahim Rifat\.config\yasb
2025-10-06 02:10:32,618 [DEBUG] [MainThread] [qasync._windows._EventPoller/_windows.py:215]: Starting (proactor: <_IocpProactor overlapped#=0 result#=0>)...
2025-10-06 02:10:32,619 [DEBUG] [Dummy-6] [qasync._windows._EventWorker/_windows.py:195]: Thread started
2025-10-06 02:11:23,619 [INFO] [MainThread] [root/controller.py:15]: Reloading Application because of config change.
2025-10-06 02:11:23,721 [INFO] [MainThread] [cli_server/cli_server.py:112]: Log pipe server stopped
2025-10-06 02:11:23,722 [DEBUG] [MainThread] [cli_server/cli_server.py:206]: CLI server stopped
2025-10-06 02:11:23,755 [INFO] [MainThread] [root/bar_manager.py:83]: Stopping SystemEventListener...
2025-10-06 02:11:23,757 [INFO] [MainThread] [core.utils.widgets.taskbar.window_manager/window_manager.py:218]: TaskbarWindowManager stopped
2025-10-06 02:11:23,761 [INFO] [MainThread] [root/bar_manager.py:67]: Successfully loaded updated config and re-initialised all bars.
2025-10-06 02:11:23,761 [DEBUG] [MainThread] [qasync._windows._EventPoller/_windows.py:220]: Stopping worker thread...
2025-10-06 02:11:23,767 [DEBUG] [Dummy-6] [qasync._windows._EventWorker/_windows.py:204]: Exiting thread
2025-10-06 02:11:23,775 [DEBUG] [MainThread] [qasync._windows._IocpProactor/_windows.py:78]: Closing
2025-10-06 02:11:25,445 [INFO] [MainThread] [root/log.py:59]: YASB v1.8.2
2025-10-06 02:11:25,448 [INFO] [Thread-1 (_run_server)] [cli_server/cli_server.py:212]: CLI server started v1.1.2
2025-10-06 02:11:25,449 [INFO] [MainThread] [cli_server/cli_server.py:104]: Log pipe server started
2025-10-06 02:11:26,092 [DEBUG] [MainThread] [comtypes/__init__.py:149]: CoInitializeEx(None, 2)
2025-10-06 02:11:28,164 [INFO] [MainThread] [core.utils.widgets.taskbar.window_manager/window_manager.py:191]: TaskbarWindowManager is starting...
2025-10-06 02:11:28,174 [INFO] [MainThread] [root/bar_manager.py:76]: Starting SystemEventListener...
2025-10-06 02:11:28,174 [INFO] [MainThread] [root/watcher.py:54]: Created file watcher for path C:\Users\Fahim Rifat\.config\yasb
2025-10-06 02:11:28,240 [DEBUG] [MainThread] [qasync._windows._EventPoller/_windows.py:215]: Starting (proactor: <_IocpProactor overlapped#=0 result#=0>)...
2025-10-06 02:11:28,243 [DEBUG] [Dummy-6] [qasync._windows._EventWorker/_windows.py:195]: Thread started
2025-10-06 02:12:42,321 [INFO] [MainThread] [root/controller.py:15]: Reloading Application because of config change.
2025-10-06 02:12:42,436 [INFO] [MainThread] [cli_server/cli_server.py:112]: Log pipe server stopped
2025-10-06 02:12:42,437 [DEBUG] [MainThread] [cli_server/cli_server.py:206]: CLI server stopped
2025-10-06 02:12:42,463 [INFO] [MainThread] [root/bar_manager.py:83]: Stopping SystemEventListener...
2025-10-06 02:12:42,465 [INFO] [MainThread] [core.utils.widgets.taskbar.window_manager/window_manager.py:218]: TaskbarWindowManager stopped
2025-10-06 02:12:42,469 [INFO] [MainThread] [root/bar_manager.py:67]: Successfully loaded updated config and re-initialised all bars.
2025-10-06 02:12:42,469 [DEBUG] [MainThread] [qasync._windows._EventPoller/_windows.py:220]: Stopping worker thread...
2025-10-06 02:12:42,482 [DEBUG] [Dummy-6] [qasync._windows._EventWorker/_windows.py:204]: Exiting thread
2025-10-06 02:12:42,492 [DEBUG] [MainThread] [qasync._windows._IocpProactor/_windows.py:78]: Closing
2025-10-06 02:12:43,322 [INFO] [MainThread] [root/log.py:59]: YASB v1.8.2
2025-10-06 02:12:43,323 [INFO] [Thread-1 (_run_server)] [cli_server/cli_server.py:212]: CLI server started v1.1.2
2025-10-06 02:12:43,324 [INFO] [MainThread] [cli_server/cli_server.py:104]: Log pipe server started
2025-10-06 02:12:43,670 [DEBUG] [MainThread] [comtypes/__init__.py:149]: CoInitializeEx(None, 2)
2025-10-06 02:12:45,461 [INFO] [MainThread] [core.utils.widgets.taskbar.window_manager/window_manager.py:191]: TaskbarWindowManager is starting...
2025-10-06 02:12:45,470 [INFO] [MainThread] [root/bar_manager.py:76]: Starting SystemEventListener...
2025-10-06 02:12:45,471 [INFO] [MainThread] [root/watcher.py:54]: Created file watcher for path C:\Users\Fahim Rifat\.config\yasb
2025-10-06 02:12:45,535 [DEBUG] [MainThread] [qasync._windows._EventPoller/_windows.py:215]: Starting (proactor: <_IocpProactor overlapped#=0 result#=0>)...
2025-10-06 02:12:45,538 [DEBUG] [Dummy-6] [qasync._windows._EventWorker/_windows.py:195]: Thread started
2025-10-06 02:15:24,087 [ERROR] [MainThread] [root/bar_manager.py:56]: Error loading config: document is missing
2025-10-06 02:15:24,155 [INFO] [MainThread] [root/controller.py:15]: Reloading Application because of config change.
2025-10-06 02:15:24,267 [INFO] [MainThread] [cli_server/cli_server.py:112]: Log pipe server stopped
2025-10-06 02:15:24,268 [DEBUG] [MainThread] [cli_server/cli_server.py:206]: CLI server stopped
2025-10-06 02:15:24,280 [INFO] [MainThread] [root/bar_manager.py:83]: Stopping SystemEventListener...
2025-10-06 02:15:24,280 [INFO] [MainThread] [core.utils.widgets.taskbar.window_manager/window_manager.py:218]: TaskbarWindowManager stopped
2025-10-06 02:15:24,282 [INFO] [MainThread] [root/bar_manager.py:67]: Successfully loaded updated config and re-initialised all bars.
2025-10-06 02:15:24,282 [DEBUG] [MainThread] [qasync._windows._EventPoller/_windows.py:220]: Stopping worker thread...
2025-10-06 02:15:24,283 [DEBUG] [Dummy-6] [qasync._windows._EventWorker/_windows.py:204]: Exiting thread
2025-10-06 02:15:24,284 [DEBUG] [MainThread] [qasync._windows._IocpProactor/_windows.py:78]: Closing
2025-10-06 02:15:25,746 [INFO] [MainThread] [root/log.py:59]: YASB v1.8.2
2025-10-06 02:15:25,747 [INFO] [Thread-1 (_run_server)] [cli_server/cli_server.py:212]: CLI server started v1.1.2
2025-10-06 02:15:25,749 [INFO] [MainThread] [cli_server/cli_server.py:104]: Log pipe server started
2025-10-06 02:15:26,250 [DEBUG] [MainThread] [comtypes/__init__.py:149]: CoInitializeEx(None, 2)
2025-10-06 02:15:28,650 [INFO] [MainThread] [core.utils.widgets.taskbar.window_manager/window_manager.py:191]: TaskbarWindowManager is starting...
2025-10-06 02:15:28,674 [INFO] [MainThread] [root/bar_manager.py:76]: Starting SystemEventListener...
2025-10-06 02:15:28,675 [INFO] [MainThread] [root/watcher.py:54]: Created file watcher for path C:\Users\Fahim Rifat\.config\yasb
2025-10-06 02:15:28,751 [DEBUG] [MainThread] [qasync._windows._EventPoller/_windows.py:215]: Starting (proactor: <_IocpProactor overlapped#=0 result#=0>)...
2025-10-06 02:15:28,758 [DEBUG] [Dummy-6] [qasync._windows._EventWorker/_windows.py:195]: Thread started
2025-10-06 02:15:35,809 [INFO] [MainThread] [root/controller.py:15]: Reloading Application because of config change.
2025-10-06 02:15:35,919 [INFO] [MainThread] [cli_server/cli_server.py:112]: Log pipe server stopped
2025-10-06 02:15:35,919 [DEBUG] [MainThread] [cli_server/cli_server.py:206]: CLI server stopped
2025-10-06 02:15:35,932 [INFO] [MainThread] [root/bar_manager.py:83]: Stopping SystemEventListener...
2025-10-06 02:15:35,933 [INFO] [MainThread] [core.utils.widgets.taskbar.window_manager/window_manager.py:218]: TaskbarWindowManager stopped
2025-10-06 02:15:35,935 [INFO] [MainThread] [root/bar_manager.py:67]: Successfully loaded updated config and re-initialised all bars.
2025-10-06 02:15:35,935 [DEBUG] [MainThread] [qasync._windows._EventPoller/_windows.py:220]: Stopping worker thread...
2025-10-06 02:15:35,950 [DEBUG] [Dummy-6] [qasync._windows._EventWorker/_windows.py:204]: Exiting thread
2025-10-06 02:15:35,954 [DEBUG] [MainThread] [qasync._windows._IocpProactor/_windows.py:78]: Closing
2025-10-06 02:15:36,778 [INFO] [MainThread] [root/log.py:59]: YASB v1.8.2
2025-10-06 02:15:36,779 [INFO] [Thread-1 (_run_server)] [cli_server/cli_server.py:212]: CLI server started v1.1.2
2025-10-06 02:15:36,779 [INFO] [MainThread] [cli_server/cli_server.py:104]: Log pipe server started
2025-10-06 02:15:37,221 [DEBUG] [MainThread] [comtypes/__init__.py:149]: CoInitializeEx(None, 2)
2025-10-06 02:15:39,620 [INFO] [MainThread] [core.utils.widgets.taskbar.window_manager/window_manager.py:191]: TaskbarWindowManager is starting...
2025-10-06 02:15:39,635 [INFO] [MainThread] [root/bar_manager.py:76]: Starting SystemEventListener...
2025-10-06 02:15:39,636 [ERROR] [MainThread] [root/widget_builder.py:100]: Failed to validate widget(s) due to invalid options  - glazewm_workspaces
      class_name:
      - unknown field
      
2025-10-06 02:15:39,705 [INFO] [MainThread] [root/watcher.py:54]: Created file watcher for path C:\Users\Fahim Rifat\.config\yasb
2025-10-06 02:15:39,778 [DEBUG] [MainThread] [qasync._windows._EventPoller/_windows.py:215]: Starting (proactor: <_IocpProactor overlapped#=0 result#=0>)...
2025-10-06 02:15:39,780 [DEBUG] [Dummy-6] [qasync._windows._EventWorker/_windows.py:195]: Thread started
2025-10-06 02:15:52,050 [INFO] [MainThread] [root/controller.py:15]: Reloading Application because of config change.
2025-10-06 02:15:52,156 [INFO] [MainThread] [cli_server/cli_server.py:112]: Log pipe server stopped
2025-10-06 02:15:52,157 [DEBUG] [MainThread] [cli_server/cli_server.py:206]: CLI server stopped
2025-10-06 02:15:52,258 [INFO] [MainThread] [root/bar_manager.py:83]: Stopping SystemEventListener...
2025-10-06 02:15:52,258 [INFO] [MainThread] [core.utils.widgets.taskbar.window_manager/window_manager.py:218]: TaskbarWindowManager stopped
2025-10-06 02:15:52,260 [INFO] [MainThread] [root/bar_manager.py:67]: Successfully loaded updated config and re-initialised all bars.
2025-10-06 02:15:52,260 [DEBUG] [MainThread] [qasync._windows._EventPoller/_windows.py:220]: Stopping worker thread...
2025-10-06 02:15:52,280 [DEBUG] [Dummy-6] [qasync._windows._EventWorker/_windows.py:204]: Exiting thread
2025-10-06 02:15:52,282 [DEBUG] [MainThread] [qasync._windows._IocpProactor/_windows.py:78]: Closing
2025-10-06 02:15:53,022 [INFO] [MainThread] [root/log.py:59]: YASB v1.8.2
2025-10-06 02:15:53,023 [INFO] [Thread-1 (_run_server)] [cli_server/cli_server.py:212]: CLI server started v1.1.2
2025-10-06 02:15:53,024 [INFO] [MainThread] [cli_server/cli_server.py:104]: Log pipe server started
2025-10-06 02:15:53,444 [DEBUG] [MainThread] [comtypes/__init__.py:149]: CoInitializeEx(None, 2)
2025-10-06 02:15:55,565 [INFO] [MainThread] [core.utils.widgets.taskbar.window_manager/window_manager.py:191]: TaskbarWindowManager is starting...
2025-10-06 02:15:55,578 [INFO] [MainThread] [root/bar_manager.py:76]: Starting SystemEventListener...
2025-10-06 02:15:55,578 [ERROR] [MainThread] [root/widget_builder.py:100]: Failed to validate widget(s) due to invalid options  - glazewm_workspaces
      class_name:
      - unknown field
      
 - glazewm_tiling_direction
      class_name:
      - unknown field
      
2025-10-06 02:15:55,633 [INFO] [MainThread] [root/watcher.py:54]: Created file watcher for path C:\Users\Fahim Rifat\.config\yasb
2025-10-06 02:15:55,700 [DEBUG] [MainThread] [qasync._windows._EventPoller/_windows.py:215]: Starting (proactor: <_IocpProactor overlapped#=0 result#=0>)...
2025-10-06 02:15:55,702 [DEBUG] [Dummy-6] [qasync._windows._EventWorker/_windows.py:195]: Thread started
2025-10-06 02:16:01,821 [INFO] [MainThread] [root/controller.py:15]: Reloading Application because of config change.
2025-10-06 02:16:01,932 [INFO] [MainThread] [cli_server/cli_server.py:112]: Log pipe server stopped
2025-10-06 02:16:01,932 [DEBUG] [MainThread] [cli_server/cli_server.py:206]: CLI server stopped
2025-10-06 02:16:02,050 [INFO] [MainThread] [root/bar_manager.py:83]: Stopping SystemEventListener...
2025-10-06 02:16:02,051 [INFO] [MainThread] [core.utils.widgets.taskbar.window_manager/window_manager.py:218]: TaskbarWindowManager stopped
2025-10-06 02:16:02,053 [INFO] [MainThread] [root/bar_manager.py:67]: Successfully loaded updated config and re-initialised all bars.
2025-10-06 02:16:02,053 [DEBUG] [MainThread] [qasync._windows._EventPoller/_windows.py:220]: Stopping worker thread...
2025-10-06 02:16:02,073 [DEBUG] [Dummy-6] [qasync._windows._EventWorker/_windows.py:204]: Exiting thread
2025-10-06 02:16:02,076 [DEBUG] [MainThread] [qasync._windows._IocpProactor/_windows.py:78]: Closing
2025-10-06 02:16:03,011 [INFO] [MainThread] [root/log.py:59]: YASB v1.8.2
2025-10-06 02:16:03,013 [INFO] [Thread-1 (_run_server)] [cli_server/cli_server.py:212]: CLI server started v1.1.2
2025-10-06 02:16:03,014 [INFO] [MainThread] [cli_server/cli_server.py:104]: Log pipe server started
2025-10-06 02:16:03,684 [DEBUG] [MainThread] [comtypes/__init__.py:149]: CoInitializeEx(None, 2)
2025-10-06 02:16:05,620 [INFO] [MainThread] [root/bar_manager.py:76]: Starting SystemEventListener...
2025-10-06 02:16:05,620 [ERROR] [MainThread] [root/widget_builder.py:100]: Failed to validate widget(s) due to invalid options  - taskbar
      class_name:
      - unknown field
      
 - glazewm_workspaces
      class_name:
      - unknown field
      
 - glazewm_tiling_direction
      class_name:
      - unknown field
      
2025-10-06 02:16:05,681 [INFO] [MainThread] [root/watcher.py:54]: Created file watcher for path C:\Users\Fahim Rifat\.config\yasb
2025-10-06 02:16:05,744 [DEBUG] [MainThread] [qasync._windows._EventPoller/_windows.py:215]: Starting (proactor: <_IocpProactor overlapped#=0 result#=0>)...
2025-10-06 02:16:05,746 [DEBUG] [Dummy-6] [qasync._windows._EventWorker/_windows.py:195]: Thread started
2025-10-06 02:17:44,783 [INFO] [MainThread] [root/controller.py:15]: Reloading Application because of config change.
2025-10-06 02:17:44,899 [INFO] [MainThread] [cli_server/cli_server.py:112]: Log pipe server stopped
2025-10-06 02:17:44,900 [DEBUG] [MainThread] [cli_server/cli_server.py:206]: CLI server stopped
2025-10-06 02:17:44,928 [INFO] [MainThread] [root/bar_manager.py:83]: Stopping SystemEventListener...
2025-10-06 02:17:44,937 [INFO] [MainThread] [root/bar_manager.py:67]: Successfully loaded updated config and re-initialised all bars.
2025-10-06 02:17:44,938 [DEBUG] [MainThread] [qasync._windows._EventPoller/_windows.py:220]: Stopping worker thread...
2025-10-06 02:17:44,946 [DEBUG] [Dummy-6] [qasync._windows._EventWorker/_windows.py:204]: Exiting thread
2025-10-06 02:17:44,952 [DEBUG] [MainThread] [qasync._windows._IocpProactor/_windows.py:78]: Closing
2025-10-06 02:17:45,922 [INFO] [MainThread] [root/log.py:59]: YASB v1.8.2
2025-10-06 02:17:45,924 [INFO] [Thread-1 (_run_server)] [cli_server/cli_server.py:212]: CLI server started v1.1.2
2025-10-06 02:17:45,925 [INFO] [MainThread] [cli_server/cli_server.py:104]: Log pipe server started
2025-10-06 02:17:46,573 [DEBUG] [MainThread] [comtypes/__init__.py:149]: CoInitializeEx(None, 2)
2025-10-06 02:17:48,913 [INFO] [MainThread] [root/bar_manager.py:76]: Starting SystemEventListener...
2025-10-06 02:17:48,913 [ERROR] [MainThread] [root/widget_builder.py:100]: Failed to validate widget(s) due to invalid options  - taskbar
      class_name:
      - unknown field
      
 - glazewm_workspaces
      class_name:
      - unknown field
      
 - glazewm_tiling_direction
      class_name:
      - unknown field
      
2025-10-06 02:17:48,961 [INFO] [MainThread] [root/watcher.py:54]: Created file watcher for path C:\Users\Fahim Rifat\.config\yasb
2025-10-06 02:17:49,019 [DEBUG] [MainThread] [qasync._windows._EventPoller/_windows.py:215]: Starting (proactor: <_IocpProactor overlapped#=0 result#=0>)...
2025-10-06 02:17:49,020 [DEBUG] [Dummy-6] [qasync._windows._EventWorker/_windows.py:195]: Thread started
2025-10-06 02:18:42,345 [INFO] [MainThread] [root/controller.py:15]: Reloading Application because of config change.
2025-10-06 02:18:42,460 [INFO] [MainThread] [cli_server/cli_server.py:112]: Log pipe server stopped
2025-10-06 02:18:42,461 [DEBUG] [MainThread] [cli_server/cli_server.py:206]: CLI server stopped
2025-10-06 02:18:42,491 [INFO] [MainThread] [root/bar_manager.py:83]: Stopping SystemEventListener...
2025-10-06 02:18:42,498 [INFO] [MainThread] [root/bar_manager.py:67]: Successfully loaded updated config and re-initialised all bars.
2025-10-06 02:18:42,499 [DEBUG] [MainThread] [qasync._windows._EventPoller/_windows.py:220]: Stopping worker thread...
2025-10-06 02:18:42,507 [DEBUG] [Dummy-6] [qasync._windows._EventWorker/_windows.py:204]: Exiting thread
2025-10-06 02:18:42,512 [DEBUG] [MainThread] [qasync._windows._IocpProactor/_windows.py:78]: Closing
2025-10-06 02:18:43,380 [INFO] [MainThread] [root/log.py:59]: YASB v1.8.2
2025-10-06 02:18:43,381 [INFO] [Thread-1 (_run_server)] [cli_server/cli_server.py:212]: CLI server started v1.1.2
2025-10-06 02:18:43,381 [INFO] [MainThread] [cli_server/cli_server.py:104]: Log pipe server started
2025-10-06 02:18:43,844 [DEBUG] [MainThread] [comtypes/__init__.py:149]: CoInitializeEx(None, 2)
2025-10-06 02:18:45,464 [INFO] [MainThread] [root/bar_manager.py:76]: Starting SystemEventListener...
2025-10-06 02:18:45,464 [ERROR] [MainThread] [root/widget_builder.py:100]: Failed to validate widget(s) due to invalid options  - taskbar
      class_name:
      - unknown field
      
2025-10-06 02:18:45,514 [INFO] [MainThread] [root/watcher.py:54]: Created file watcher for path C:\Users\Fahim Rifat\.config\yasb
2025-10-06 02:18:45,580 [DEBUG] [MainThread] [qasync._windows._EventPoller/_windows.py:215]: Starting (proactor: <_IocpProactor overlapped#=0 result#=0>)...
2025-10-06 02:18:45,582 [DEBUG] [Dummy-6] [qasync._windows._EventWorker/_windows.py:195]: Thread started
2025-10-06 02:19:07,272 [INFO] [MainThread] [root/controller.py:15]: Reloading Application because of config change.
2025-10-06 02:19:07,388 [INFO] [MainThread] [cli_server/cli_server.py:112]: Log pipe server stopped
2025-10-06 02:19:07,389 [DEBUG] [MainThread] [cli_server/cli_server.py:206]: CLI server stopped
2025-10-06 02:19:07,425 [INFO] [MainThread] [root/bar_manager.py:83]: Stopping SystemEventListener...
2025-10-06 02:19:07,429 [INFO] [MainThread] [root/bar_manager.py:67]: Successfully loaded updated config and re-initialised all bars.
2025-10-06 02:19:07,430 [DEBUG] [MainThread] [qasync._windows._EventPoller/_windows.py:220]: Stopping worker thread...
2025-10-06 02:19:07,435 [DEBUG] [Dummy-6] [qasync._windows._EventWorker/_windows.py:204]: Exiting thread
2025-10-06 02:19:07,440 [DEBUG] [MainThread] [qasync._windows._IocpProactor/_windows.py:78]: Closing
2025-10-06 02:19:09,013 [INFO] [MainThread] [root/log.py:59]: YASB v1.8.2
2025-10-06 02:19:09,014 [INFO] [Thread-1 (_run_server)] [cli_server/cli_server.py:212]: CLI server started v1.1.2
2025-10-06 02:19:09,015 [INFO] [MainThread] [cli_server/cli_server.py:104]: Log pipe server started
2025-10-06 02:19:09,545 [DEBUG] [MainThread] [comtypes/__init__.py:149]: CoInitializeEx(None, 2)
2025-10-06 02:19:11,320 [INFO] [MainThread] [core.utils.widgets.taskbar.window_manager/window_manager.py:191]: TaskbarWindowManager is starting...
2025-10-06 02:19:11,346 [INFO] [MainThread] [root/bar_manager.py:76]: Starting SystemEventListener...
2025-10-06 02:19:11,347 [INFO] [MainThread] [root/watcher.py:54]: Created file watcher for path C:\Users\Fahim Rifat\.config\yasb
2025-10-06 02:19:11,412 [DEBUG] [MainThread] [qasync._windows._EventPoller/_windows.py:215]: Starting (proactor: <_IocpProactor overlapped#=0 result#=0>)...
2025-10-06 02:19:11,413 [DEBUG] [Dummy-6] [qasync._windows._EventWorker/_windows.py:195]: Thread started
2025-10-06 02:26:02,748 [INFO] [MainThread] [root/controller.py:15]: Reloading Application because of config change.
2025-10-06 02:26:02,862 [INFO] [MainThread] [cli_server/cli_server.py:112]: Log pipe server stopped
2025-10-06 02:26:02,863 [DEBUG] [MainThread] [cli_server/cli_server.py:206]: CLI server stopped
2025-10-06 02:26:02,888 [INFO] [MainThread] [root/bar_manager.py:83]: Stopping SystemEventListener...
2025-10-06 02:26:02,889 [INFO] [MainThread] [core.utils.widgets.taskbar.window_manager/window_manager.py:218]: TaskbarWindowManager stopped
2025-10-06 02:26:02,894 [INFO] [MainThread] [root/bar_manager.py:67]: Successfully loaded updated config and re-initialised all bars.
2025-10-06 02:26:02,895 [DEBUG] [MainThread] [qasync._windows._EventPoller/_windows.py:220]: Stopping worker thread...
2025-10-06 02:26:02,909 [DEBUG] [Dummy-6] [qasync._windows._EventWorker/_windows.py:204]: Exiting thread
2025-10-06 02:26:02,914 [DEBUG] [MainThread] [qasync._windows._IocpProactor/_windows.py:78]: Closing
2025-10-06 02:26:04,496 [INFO] [MainThread] [root/log.py:59]: YASB v1.8.2
2025-10-06 02:26:04,496 [INFO] [Thread-1 (_run_server)] [cli_server/cli_server.py:212]: CLI server started v1.1.2
2025-10-06 02:26:04,497 [INFO] [MainThread] [cli_server/cli_server.py:104]: Log pipe server started
2025-10-06 02:26:04,881 [DEBUG] [MainThread] [comtypes/__init__.py:149]: CoInitializeEx(None, 2)
2025-10-06 02:26:07,769 [INFO] [MainThread] [core.utils.widgets.taskbar.window_manager/window_manager.py:191]: TaskbarWindowManager is starting...
2025-10-06 02:26:07,778 [INFO] [MainThread] [root/bar_manager.py:76]: Starting SystemEventListener...
2025-10-06 02:26:07,778 [INFO] [MainThread] [root/watcher.py:54]: Created file watcher for path C:\Users\Fahim Rifat\.config\yasb
2025-10-06 02:26:07,841 [DEBUG] [MainThread] [qasync._windows._EventPoller/_windows.py:215]: Starting (proactor: <_IocpProactor overlapped#=0 result#=0>)...
2025-10-06 02:26:07,842 [DEBUG] [Dummy-6] [qasync._windows._EventWorker/_windows.py:195]: Thread started
2025-10-06 02:27:09,249 [INFO] [MainThread] [root/controller.py:15]: Reloading Application because of config change.
2025-10-06 02:27:09,351 [INFO] [MainThread] [cli_server/cli_server.py:112]: Log pipe server stopped
2025-10-06 02:27:09,351 [DEBUG] [MainThread] [cli_server/cli_server.py:206]: CLI server stopped
2025-10-06 02:27:09,385 [INFO] [MainThread] [root/bar_manager.py:83]: Stopping SystemEventListener...
2025-10-06 02:27:09,386 [INFO] [MainThread] [core.utils.widgets.taskbar.window_manager/window_manager.py:218]: TaskbarWindowManager stopped
2025-10-06 02:27:09,390 [INFO] [MainThread] [root/bar_manager.py:67]: Successfully loaded updated config and re-initialised all bars.
2025-10-06 02:27:09,391 [DEBUG] [MainThread] [qasync._windows._EventPoller/_windows.py:220]: Stopping worker thread...
2025-10-06 02:27:09,397 [DEBUG] [Dummy-6] [qasync._windows._EventWorker/_windows.py:204]: Exiting thread
2025-10-06 02:27:09,401 [DEBUG] [MainThread] [qasync._windows._IocpProactor/_windows.py:78]: Closing
2025-10-06 02:27:10,902 [INFO] [MainThread] [root/log.py:59]: YASB v1.8.2
2025-10-06 02:27:10,903 [INFO] [Thread-1 (_run_server)] [cli_server/cli_server.py:212]: CLI server started v1.1.2
2025-10-06 02:27:10,903 [INFO] [MainThread] [cli_server/cli_server.py:104]: Log pipe server started
2025-10-06 02:27:11,341 [DEBUG] [MainThread] [comtypes/__init__.py:149]: CoInitializeEx(None, 2)
2025-10-06 02:27:13,804 [INFO] [MainThread] [core.utils.widgets.taskbar.window_manager/window_manager.py:191]: TaskbarWindowManager is starting...
2025-10-06 02:27:13,814 [INFO] [MainThread] [root/bar_manager.py:76]: Starting SystemEventListener...
2025-10-06 02:27:13,815 [INFO] [MainThread] [root/watcher.py:54]: Created file watcher for path C:\Users\Fahim Rifat\.config\yasb
2025-10-06 02:27:13,909 [DEBUG] [MainThread] [qasync._windows._EventPoller/_windows.py:215]: Starting (proactor: <_IocpProactor overlapped#=0 result#=0>)...
2025-10-06 02:27:13,912 [DEBUG] [Dummy-6] [qasync._windows._EventWorker/_windows.py:195]: Thread started
2025-10-06 02:27:28,567 [INFO] [MainThread] [root/controller.py:15]: Reloading Application because of config change.
2025-10-06 02:27:28,677 [INFO] [MainThread] [cli_server/cli_server.py:112]: Log pipe server stopped
2025-10-06 02:27:28,677 [DEBUG] [MainThread] [cli_server/cli_server.py:206]: CLI server stopped
2025-10-06 02:27:28,702 [INFO] [MainThread] [root/bar_manager.py:83]: Stopping SystemEventListener...
2025-10-06 02:27:28,704 [INFO] [MainThread] [core.utils.widgets.taskbar.window_manager/window_manager.py:218]: TaskbarWindowManager stopped
2025-10-06 02:27:28,709 [INFO] [MainThread] [root/bar_manager.py:67]: Successfully loaded updated config and re-initialised all bars.
2025-10-06 02:27:28,711 [DEBUG] [MainThread] [qasync._windows._EventPoller/_windows.py:220]: Stopping worker thread...
2025-10-06 02:27:28,724 [DEBUG] [Dummy-6] [qasync._windows._EventWorker/_windows.py:204]: Exiting thread
2025-10-06 02:27:28,730 [DEBUG] [MainThread] [qasync._windows._IocpProactor/_windows.py:78]: Closing
2025-10-06 02:27:30,378 [INFO] [MainThread] [root/log.py:59]: YASB v1.8.2
2025-10-06 02:27:30,379 [INFO] [Thread-1 (_run_server)] [cli_server/cli_server.py:212]: CLI server started v1.1.2
2025-10-06 02:27:30,380 [INFO] [MainThread] [cli_server/cli_server.py:104]: Log pipe server started
2025-10-06 02:27:31,047 [DEBUG] [MainThread] [comtypes/__init__.py:149]: CoInitializeEx(None, 2)
2025-10-06 02:27:33,521 [INFO] [MainThread] [core.utils.widgets.taskbar.window_manager/window_manager.py:191]: TaskbarWindowManager is starting...
2025-10-06 02:27:33,532 [INFO] [MainThread] [root/bar_manager.py:76]: Starting SystemEventListener...
2025-10-06 02:27:33,532 [INFO] [MainThread] [root/watcher.py:54]: Created file watcher for path C:\Users\Fahim Rifat\.config\yasb
2025-10-06 02:27:33,597 [DEBUG] [MainThread] [qasync._windows._EventPoller/_windows.py:215]: Starting (proactor: <_IocpProactor overlapped#=0 result#=0>)...
2025-10-06 02:27:33,598 [DEBUG] [Dummy-6] [qasync._windows._EventWorker/_windows.py:195]: Thread started
2025-10-06 02:28:21,169 [INFO] [MainThread] [root/controller.py:15]: Reloading Application because of config change.
2025-10-06 02:28:21,274 [INFO] [MainThread] [cli_server/cli_server.py:112]: Log pipe server stopped
2025-10-06 02:28:21,275 [DEBUG] [MainThread] [cli_server/cli_server.py:206]: CLI server stopped
2025-10-06 02:28:21,304 [INFO] [MainThread] [root/bar_manager.py:83]: Stopping SystemEventListener...
2025-10-06 02:28:21,306 [INFO] [MainThread] [core.utils.widgets.taskbar.window_manager/window_manager.py:218]: TaskbarWindowManager stopped
2025-10-06 02:28:21,310 [INFO] [MainThread] [root/bar_manager.py:67]: Successfully loaded updated config and re-initialised all bars.
2025-10-06 02:28:21,311 [DEBUG] [MainThread] [qasync._windows._EventPoller/_windows.py:220]: Stopping worker thread...
2025-10-06 02:28:21,321 [DEBUG] [Dummy-6] [qasync._windows._EventWorker/_windows.py:204]: Exiting thread
2025-10-06 02:28:21,327 [DEBUG] [MainThread] [qasync._windows._IocpProactor/_windows.py:78]: Closing
2025-10-06 02:28:22,808 [INFO] [MainThread] [root/log.py:59]: YASB v1.8.2
2025-10-06 02:28:22,809 [INFO] [Thread-1 (_run_server)] [cli_server/cli_server.py:212]: CLI server started v1.1.2
2025-10-06 02:28:22,810 [INFO] [MainThread] [cli_server/cli_server.py:104]: Log pipe server started
2025-10-06 02:28:23,208 [DEBUG] [MainThread] [comtypes/__init__.py:149]: CoInitializeEx(None, 2)
2025-10-06 02:28:25,243 [INFO] [MainThread] [core.utils.widgets.taskbar.window_manager/window_manager.py:191]: TaskbarWindowManager is starting...
2025-10-06 02:28:25,261 [INFO] [MainThread] [root/bar_manager.py:76]: Starting SystemEventListener...
2025-10-06 02:28:25,262 [INFO] [MainThread] [root/watcher.py:54]: Created file watcher for path C:\Users\Fahim Rifat\.config\yasb
2025-10-06 02:28:25,345 [DEBUG] [MainThread] [qasync._windows._EventPoller/_windows.py:215]: Starting (proactor: <_IocpProactor overlapped#=0 result#=0>)...
2025-10-06 02:28:25,347 [DEBUG] [Dummy-6] [qasync._windows._EventWorker/_windows.py:195]: Thread started
2025-10-06 02:28:36,106 [INFO] [MainThread] [root/controller.py:15]: Reloading Application because of config change.
2025-10-06 02:28:36,218 [INFO] [MainThread] [cli_server/cli_server.py:112]: Log pipe server stopped
2025-10-06 02:28:36,218 [DEBUG] [MainThread] [cli_server/cli_server.py:206]: CLI server stopped
2025-10-06 02:28:36,293 [INFO] [MainThread] [root/bar_manager.py:83]: Stopping SystemEventListener...
2025-10-06 02:28:36,294 [INFO] [MainThread] [core.utils.widgets.taskbar.window_manager/window_manager.py:218]: TaskbarWindowManager stopped
2025-10-06 02:28:36,299 [INFO] [MainThread] [root/bar_manager.py:67]: Successfully loaded updated config and re-initialised all bars.
2025-10-06 02:28:36,299 [DEBUG] [MainThread] [qasync._windows._EventPoller/_windows.py:220]: Stopping worker thread...
2025-10-06 02:28:36,312 [DEBUG] [Dummy-6] [qasync._windows._EventWorker/_windows.py:204]: Exiting thread
2025-10-06 02:28:36,316 [DEBUG] [MainThread] [qasync._windows._IocpProactor/_windows.py:78]: Closing
2025-10-06 02:28:37,131 [INFO] [MainThread] [root/log.py:59]: YASB v1.8.2
2025-10-06 02:28:37,132 [INFO] [Thread-1 (_run_server)] [cli_server/cli_server.py:212]: CLI server started v1.1.2
2025-10-06 02:28:37,132 [INFO] [MainThread] [cli_server/cli_server.py:104]: Log pipe server started
2025-10-06 02:28:38,016 [DEBUG] [MainThread] [comtypes/__init__.py:149]: CoInitializeEx(None, 2)
2025-10-06 02:28:41,135 [INFO] [MainThread] [core.utils.widgets.taskbar.window_manager/window_manager.py:191]: TaskbarWindowManager is starting...
2025-10-06 02:28:41,147 [INFO] [MainThread] [root/bar_manager.py:76]: Starting SystemEventListener...
2025-10-06 02:28:41,148 [INFO] [MainThread] [root/watcher.py:54]: Created file watcher for path C:\Users\Fahim Rifat\.config\yasb
2025-10-06 02:28:41,225 [DEBUG] [MainThread] [qasync._windows._EventPoller/_windows.py:215]: Starting (proactor: <_IocpProactor overlapped#=0 result#=0>)...
2025-10-06 02:28:41,228 [DEBUG] [Dummy-6] [qasync._windows._EventWorker/_windows.py:195]: Thread started
2025-10-06 02:28:59,437 [INFO] [MainThread] [root/controller.py:15]: Reloading Application because of config change.
2025-10-06 02:28:59,541 [INFO] [MainThread] [cli_server/cli_server.py:112]: Log pipe server stopped
2025-10-06 02:28:59,542 [DEBUG] [MainThread] [cli_server/cli_server.py:206]: CLI server stopped
2025-10-06 02:28:59,584 [INFO] [MainThread] [root/bar_manager.py:83]: Stopping SystemEventListener...
2025-10-06 02:28:59,585 [INFO] [MainThread] [core.utils.widgets.taskbar.window_manager/window_manager.py:218]: TaskbarWindowManager stopped
2025-10-06 02:28:59,591 [INFO] [MainThread] [root/bar_manager.py:67]: Successfully loaded updated config and re-initialised all bars.
2025-10-06 02:28:59,593 [DEBUG] [MainThread] [qasync._windows._EventPoller/_windows.py:220]: Stopping worker thread...
2025-10-06 02:28:59,604 [DEBUG] [Dummy-6] [qasync._windows._EventWorker/_windows.py:204]: Exiting thread
2025-10-06 02:28:59,610 [DEBUG] [MainThread] [qasync._windows._IocpProactor/_windows.py:78]: Closing
2025-10-06 02:29:01,196 [INFO] [MainThread] [root/log.py:59]: YASB v1.8.2
2025-10-06 02:29:01,197 [INFO] [Thread-1 (_run_server)] [cli_server/cli_server.py:212]: CLI server started v1.1.2
2025-10-06 02:29:01,198 [INFO] [MainThread] [cli_server/cli_server.py:104]: Log pipe server started
2025-10-06 02:29:01,598 [DEBUG] [MainThread] [comtypes/__init__.py:149]: CoInitializeEx(None, 2)
2025-10-06 02:29:03,420 [INFO] [MainThread] [core.utils.widgets.taskbar.window_manager/window_manager.py:191]: TaskbarWindowManager is starting...
2025-10-06 02:29:03,429 [INFO] [MainThread] [root/bar_manager.py:76]: Starting SystemEventListener...
2025-10-06 02:29:03,430 [INFO] [MainThread] [root/watcher.py:54]: Created file watcher for path C:\Users\Fahim Rifat\.config\yasb
2025-10-06 02:29:03,493 [DEBUG] [MainThread] [qasync._windows._EventPoller/_windows.py:215]: Starting (proactor: <_IocpProactor overlapped#=0 result#=0>)...
2025-10-06 02:29:03,494 [DEBUG] [Dummy-6] [qasync._windows._EventWorker/_windows.py:195]: Thread started
2025-10-06 02:29:43,710 [INFO] [MainThread] [root/controller.py:15]: Reloading Application because of config change.
2025-10-06 02:29:43,824 [INFO] [MainThread] [cli_server/cli_server.py:112]: Log pipe server stopped
2025-10-06 02:29:43,824 [DEBUG] [MainThread] [cli_server/cli_server.py:206]: CLI server stopped
2025-10-06 02:29:43,847 [INFO] [MainThread] [root/bar_manager.py:83]: Stopping SystemEventListener...
2025-10-06 02:29:43,848 [INFO] [MainThread] [core.utils.widgets.taskbar.window_manager/window_manager.py:218]: TaskbarWindowManager stopped
2025-10-06 02:29:43,851 [INFO] [MainThread] [root/bar_manager.py:67]: Successfully loaded updated config and re-initialised all bars.
2025-10-06 02:29:43,852 [DEBUG] [MainThread] [qasync._windows._EventPoller/_windows.py:220]: Stopping worker thread...
2025-10-06 02:29:43,870 [DEBUG] [Dummy-6] [qasync._windows._EventWorker/_windows.py:204]: Exiting thread
2025-10-06 02:29:43,872 [DEBUG] [MainThread] [qasync._windows._IocpProactor/_windows.py:78]: Closing
2025-10-06 02:29:44,783 [INFO] [MainThread] [root/log.py:59]: YASB v1.8.2
2025-10-06 02:29:44,783 [INFO] [Thread-1 (_run_server)] [cli_server/cli_server.py:212]: CLI server started v1.1.2
2025-10-06 02:29:44,784 [INFO] [MainThread] [cli_server/cli_server.py:104]: Log pipe server started
2025-10-06 02:29:45,200 [DEBUG] [MainThread] [comtypes/__init__.py:149]: CoInitializeEx(None, 2)
2025-10-06 02:29:47,134 [INFO] [MainThread] [core.utils.widgets.taskbar.window_manager/window_manager.py:191]: TaskbarWindowManager is starting...
2025-10-06 02:29:47,144 [INFO] [MainThread] [root/bar_manager.py:76]: Starting SystemEventListener...
2025-10-06 02:29:47,145 [INFO] [MainThread] [root/watcher.py:54]: Created file watcher for path C:\Users\Fahim Rifat\.config\yasb
2025-10-06 02:29:47,207 [DEBUG] [MainThread] [qasync._windows._EventPoller/_windows.py:215]: Starting (proactor: <_IocpProactor overlapped#=0 result#=0>)...
2025-10-06 02:29:47,208 [DEBUG] [Dummy-6] [qasync._windows._EventWorker/_windows.py:195]: Thread started
2025-10-06 02:47:50,267 [INFO] [MainThread] [root/controller.py:15]: Reloading Application because of config change.
2025-10-06 02:47:50,372 [INFO] [MainThread] [cli_server/cli_server.py:112]: Log pipe server stopped
2025-10-06 02:47:50,372 [DEBUG] [MainThread] [cli_server/cli_server.py:206]: CLI server stopped
2025-10-06 02:47:50,407 [INFO] [MainThread] [root/bar_manager.py:83]: Stopping SystemEventListener...
2025-10-06 02:47:50,408 [INFO] [MainThread] [core.utils.widgets.taskbar.window_manager/window_manager.py:218]: TaskbarWindowManager stopped
2025-10-06 02:47:50,410 [INFO] [MainThread] [root/bar_manager.py:67]: Successfully loaded updated config and re-initialised all bars.
2025-10-06 02:47:50,411 [DEBUG] [MainThread] [qasync._windows._EventPoller/_windows.py:220]: Stopping worker thread...
2025-10-06 02:47:50,418 [DEBUG] [Dummy-6] [qasync._windows._EventWorker/_windows.py:204]: Exiting thread
2025-10-06 02:47:50,420 [DEBUG] [MainThread] [qasync._windows._IocpProactor/_windows.py:78]: Closing
2025-10-06 02:47:51,397 [INFO] [MainThread] [root/log.py:59]: YASB v1.8.2
2025-10-06 02:47:51,398 [INFO] [Thread-1 (_run_server)] [cli_server/cli_server.py:212]: CLI server started v1.1.2
2025-10-06 02:47:51,399 [INFO] [MainThread] [cli_server/cli_server.py:104]: Log pipe server started
2025-10-06 02:47:51,838 [DEBUG] [MainThread] [comtypes/__init__.py:149]: CoInitializeEx(None, 2)
2025-10-06 02:47:54,332 [INFO] [MainThread] [core.utils.widgets.taskbar.window_manager/window_manager.py:191]: TaskbarWindowManager is starting...
2025-10-06 02:47:54,343 [INFO] [MainThread] [root/bar_manager.py:76]: Starting SystemEventListener...
2025-10-06 02:47:54,343 [INFO] [MainThread] [root/watcher.py:54]: Created file watcher for path C:\Users\Fahim Rifat\.config\yasb
2025-10-06 02:47:54,421 [DEBUG] [MainThread] [qasync._windows._EventPoller/_windows.py:215]: Starting (proactor: <_IocpProactor overlapped#=0 result#=0>)...
2025-10-06 02:47:54,423 [DEBUG] [Dummy-6] [qasync._windows._EventWorker/_windows.py:195]: Thread started
2025-10-06 02:48:00,230 [INFO] [MainThread] [root/controller.py:15]: Reloading Application because of config change.
2025-10-06 02:48:00,336 [INFO] [MainThread] [cli_server/cli_server.py:112]: Log pipe server stopped
2025-10-06 02:48:00,337 [DEBUG] [MainThread] [cli_server/cli_server.py:206]: CLI server stopped
2025-10-06 02:48:00,371 [INFO] [MainThread] [root/bar_manager.py:83]: Stopping SystemEventListener...
2025-10-06 02:48:00,372 [INFO] [MainThread] [core.utils.widgets.taskbar.window_manager/window_manager.py:218]: TaskbarWindowManager stopped
2025-10-06 02:48:00,376 [INFO] [MainThread] [root/bar_manager.py:67]: Successfully loaded updated config and re-initialised all bars.
2025-10-06 02:48:00,377 [DEBUG] [MainThread] [qasync._windows._EventPoller/_windows.py:220]: Stopping worker thread...
2025-10-06 02:48:00,382 [DEBUG] [Dummy-6] [qasync._windows._EventWorker/_windows.py:204]: Exiting thread
2025-10-06 02:48:00,388 [DEBUG] [MainThread] [qasync._windows._IocpProactor/_windows.py:78]: Closing
2025-10-06 02:48:01,255 [INFO] [MainThread] [root/log.py:59]: YASB v1.8.2
2025-10-06 02:48:01,255 [INFO] [Thread-1 (_run_server)] [cli_server/cli_server.py:212]: CLI server started v1.1.2
2025-10-06 02:48:01,256 [INFO] [MainThread] [cli_server/cli_server.py:104]: Log pipe server started
2025-10-06 02:48:01,732 [DEBUG] [MainThread] [comtypes/__init__.py:149]: CoInitializeEx(None, 2)
2025-10-06 02:48:03,778 [INFO] [MainThread] [core.utils.widgets.taskbar.window_manager/window_manager.py:191]: TaskbarWindowManager is starting...
2025-10-06 02:48:03,789 [INFO] [MainThread] [root/bar_manager.py:76]: Starting SystemEventListener...
2025-10-06 02:48:03,789 [INFO] [MainThread] [root/watcher.py:54]: Created file watcher for path C:\Users\Fahim Rifat\.config\yasb
2025-10-06 02:48:03,855 [DEBUG] [MainThread] [qasync._windows._EventPoller/_windows.py:215]: Starting (proactor: <_IocpProactor overlapped#=0 result#=0>)...
2025-10-06 02:48:03,856 [DEBUG] [Dummy-6] [qasync._windows._EventWorker/_windows.py:195]: Thread started
2025-10-06 02:48:08,527 [INFO] [MainThread] [root/controller.py:15]: Reloading Application because of config change.
2025-10-06 02:48:08,635 [INFO] [MainThread] [cli_server/cli_server.py:112]: Log pipe server stopped
2025-10-06 02:48:08,636 [DEBUG] [MainThread] [cli_server/cli_server.py:206]: CLI server stopped
2025-10-06 02:48:08,663 [INFO] [MainThread] [root/bar_manager.py:83]: Stopping SystemEventListener...
2025-10-06 02:48:08,664 [INFO] [MainThread] [core.utils.widgets.taskbar.window_manager/window_manager.py:218]: TaskbarWindowManager stopped
2025-10-06 02:48:08,668 [INFO] [MainThread] [root/bar_manager.py:67]: Successfully loaded updated config and re-initialised all bars.
2025-10-06 02:48:08,669 [DEBUG] [MainThread] [qasync._windows._EventPoller/_windows.py:220]: Stopping worker thread...
2025-10-06 02:48:08,682 [DEBUG] [Dummy-6] [qasync._windows._EventWorker/_windows.py:204]: Exiting thread
2025-10-06 02:48:08,688 [DEBUG] [MainThread] [qasync._windows._IocpProactor/_windows.py:78]: Closing
2025-10-06 02:48:09,626 [INFO] [MainThread] [root/log.py:59]: YASB v1.8.2
2025-10-06 02:48:09,627 [INFO] [Thread-1 (_run_server)] [cli_server/cli_server.py:212]: CLI server started v1.1.2
2025-10-06 02:48:09,629 [INFO] [MainThread] [cli_server/cli_server.py:104]: Log pipe server started
2025-10-06 02:48:10,002 [DEBUG] [MainThread] [comtypes/__init__.py:149]: CoInitializeEx(None, 2)
2025-10-06 02:48:11,920 [INFO] [MainThread] [core.utils.widgets.taskbar.window_manager/window_manager.py:191]: TaskbarWindowManager is starting...
2025-10-06 02:48:11,930 [INFO] [MainThread] [root/bar_manager.py:76]: Starting SystemEventListener...
2025-10-06 02:48:11,931 [INFO] [MainThread] [root/watcher.py:54]: Created file watcher for path C:\Users\Fahim Rifat\.config\yasb
2025-10-06 02:48:11,996 [DEBUG] [MainThread] [qasync._windows._EventPoller/_windows.py:215]: Starting (proactor: <_IocpProactor overlapped#=0 result#=0>)...
2025-10-06 02:48:11,997 [DEBUG] [Dummy-6] [qasync._windows._EventWorker/_windows.py:195]: Thread started
2025-10-06 02:48:16,993 [INFO] [MainThread] [root/controller.py:15]: Reloading Application because of config change.
2025-10-06 02:48:17,093 [INFO] [MainThread] [cli_server/cli_server.py:112]: Log pipe server stopped
2025-10-06 02:48:17,094 [DEBUG] [MainThread] [cli_server/cli_server.py:206]: CLI server stopped
2025-10-06 02:48:17,135 [INFO] [MainThread] [root/bar_manager.py:83]: Stopping SystemEventListener...
2025-10-06 02:48:17,136 [INFO] [MainThread] [core.utils.widgets.taskbar.window_manager/window_manager.py:218]: TaskbarWindowManager stopped
2025-10-06 02:48:17,137 [INFO] [MainThread] [root/bar_manager.py:67]: Successfully loaded updated config and re-initialised all bars.
2025-10-06 02:48:17,138 [DEBUG] [MainThread] [qasync._windows._EventPoller/_windows.py:220]: Stopping worker thread...
2025-10-06 02:48:17,142 [DEBUG] [Dummy-6] [qasync._windows._EventWorker/_windows.py:204]: Exiting thread
2025-10-06 02:48:17,144 [DEBUG] [MainThread] [qasync._windows._IocpProactor/_windows.py:78]: Closing
2025-10-06 02:48:17,951 [INFO] [MainThread] [root/log.py:59]: YASB v1.8.2
2025-10-06 02:48:17,952 [INFO] [Thread-1 (_run_server)] [cli_server/cli_server.py:212]: CLI server started v1.1.2
2025-10-06 02:48:17,952 [INFO] [MainThread] [cli_server/cli_server.py:104]: Log pipe server started
2025-10-06 02:48:18,334 [DEBUG] [MainThread] [comtypes/__init__.py:149]: CoInitializeEx(None, 2)
2025-10-06 02:48:20,178 [INFO] [MainThread] [core.utils.widgets.taskbar.window_manager/window_manager.py:191]: TaskbarWindowManager is starting...
2025-10-06 02:48:20,188 [INFO] [MainThread] [root/bar_manager.py:76]: Starting SystemEventListener...
2025-10-06 02:48:20,188 [INFO] [MainThread] [root/watcher.py:54]: Created file watcher for path C:\Users\Fahim Rifat\.config\yasb
2025-10-06 02:48:20,251 [DEBUG] [MainThread] [qasync._windows._EventPoller/_windows.py:215]: Starting (proactor: <_IocpProactor overlapped#=0 result#=0>)...
2025-10-06 02:48:20,253 [DEBUG] [Dummy-6] [qasync._windows._EventWorker/_windows.py:195]: Thread started
2025-10-06 02:49:30,062 [INFO] [MainThread] [root/controller.py:15]: Reloading Application because of config change.
2025-10-06 02:49:30,171 [INFO] [MainThread] [cli_server/cli_server.py:112]: Log pipe server stopped
2025-10-06 02:49:30,172 [DEBUG] [MainThread] [cli_server/cli_server.py:206]: CLI server stopped
2025-10-06 02:49:30,200 [INFO] [MainThread] [root/bar_manager.py:83]: Stopping SystemEventListener...
2025-10-06 02:49:30,201 [INFO] [MainThread] [core.utils.widgets.taskbar.window_manager/window_manager.py:218]: TaskbarWindowManager stopped
2025-10-06 02:49:30,204 [INFO] [MainThread] [root/bar_manager.py:67]: Successfully loaded updated config and re-initialised all bars.
2025-10-06 02:49:30,205 [DEBUG] [MainThread] [qasync._windows._EventPoller/_windows.py:220]: Stopping worker thread...
2025-10-06 02:49:30,221 [DEBUG] [Dummy-6] [qasync._windows._EventWorker/_windows.py:204]: Exiting thread
2025-10-06 02:49:30,231 [DEBUG] [MainThread] [qasync._windows._IocpProactor/_windows.py:78]: Closing
2025-10-06 02:49:30,941 [INFO] [MainThread] [root/log.py:59]: YASB v1.8.2
2025-10-06 02:49:30,942 [INFO] [Thread-1 (_run_server)] [cli_server/cli_server.py:212]: CLI server started v1.1.2
2025-10-06 02:49:30,943 [INFO] [MainThread] [cli_server/cli_server.py:104]: Log pipe server started
2025-10-06 02:49:31,313 [DEBUG] [MainThread] [comtypes/__init__.py:149]: CoInitializeEx(None, 2)
2025-10-06 02:49:33,018 [INFO] [MainThread] [core.utils.widgets.taskbar.window_manager/window_manager.py:191]: TaskbarWindowManager is starting...
2025-10-06 02:49:33,027 [INFO] [MainThread] [root/bar_manager.py:76]: Starting SystemEventListener...
2025-10-06 02:49:33,028 [INFO] [MainThread] [root/watcher.py:54]: Created file watcher for path C:\Users\Fahim Rifat\.config\yasb
2025-10-06 02:49:33,093 [DEBUG] [MainThread] [qasync._windows._EventPoller/_windows.py:215]: Starting (proactor: <_IocpProactor overlapped#=0 result#=0>)...
2025-10-06 02:49:33,095 [DEBUG] [Dummy-6] [qasync._windows._EventWorker/_windows.py:195]: Thread started
2025-10-06 02:49:53,456 [INFO] [MainThread] [root/controller.py:15]: Reloading Application because of config change.
2025-10-06 02:49:53,560 [INFO] [MainThread] [cli_server/cli_server.py:112]: Log pipe server stopped
2025-10-06 02:49:53,561 [DEBUG] [MainThread] [cli_server/cli_server.py:206]: CLI server stopped
2025-10-06 02:49:53,587 [INFO] [MainThread] [root/bar_manager.py:83]: Stopping SystemEventListener...
2025-10-06 02:49:53,589 [INFO] [MainThread] [core.utils.widgets.taskbar.window_manager/window_manager.py:218]: TaskbarWindowManager stopped
2025-10-06 02:49:53,595 [INFO] [MainThread] [root/bar_manager.py:67]: Successfully loaded updated config and re-initialised all bars.
2025-10-06 02:49:53,596 [DEBUG] [MainThread] [qasync._windows._EventPoller/_windows.py:220]: Stopping worker thread...
2025-10-06 02:49:53,606 [DEBUG] [Dummy-6] [qasync._windows._EventWorker/_windows.py:204]: Exiting thread
2025-10-06 02:49:53,612 [DEBUG] [MainThread] [qasync._windows._IocpProactor/_windows.py:78]: Closing
2025-10-06 02:49:54,326 [INFO] [MainThread] [root/log.py:59]: YASB v1.8.2
2025-10-06 02:49:54,327 [INFO] [Thread-1 (_run_server)] [cli_server/cli_server.py:212]: CLI server started v1.1.2
2025-10-06 02:49:54,328 [INFO] [MainThread] [cli_server/cli_server.py:104]: Log pipe server started
2025-10-06 02:49:54,748 [DEBUG] [MainThread] [comtypes/__init__.py:149]: CoInitializeEx(None, 2)
2025-10-06 02:49:56,430 [INFO] [MainThread] [core.utils.widgets.taskbar.window_manager/window_manager.py:191]: TaskbarWindowManager is starting...
2025-10-06 02:49:56,441 [INFO] [MainThread] [root/bar_manager.py:76]: Starting SystemEventListener...
2025-10-06 02:49:56,442 [INFO] [MainThread] [root/watcher.py:54]: Created file watcher for path C:\Users\Fahim Rifat\.config\yasb
2025-10-06 02:49:56,528 [DEBUG] [MainThread] [qasync._windows._EventPoller/_windows.py:215]: Starting (proactor: <_IocpProactor overlapped#=0 result#=0>)...
2025-10-06 02:49:56,531 [DEBUG] [Dummy-6] [qasync._windows._EventWorker/_windows.py:195]: Thread started
2025-10-06 02:53:05,706 [INFO] [MainThread] [root/controller.py:15]: Reloading Application because of config change.
2025-10-06 02:53:05,806 [INFO] [MainThread] [cli_server/cli_server.py:112]: Log pipe server stopped
2025-10-06 02:53:05,807 [DEBUG] [MainThread] [cli_server/cli_server.py:206]: CLI server stopped
2025-10-06 02:53:05,893 [INFO] [MainThread] [root/bar_manager.py:83]: Stopping SystemEventListener...
2025-10-06 02:53:05,895 [INFO] [MainThread] [core.utils.widgets.taskbar.window_manager/window_manager.py:218]: TaskbarWindowManager stopped
2025-10-06 02:53:05,899 [INFO] [MainThread] [root/bar_manager.py:67]: Successfully loaded updated config and re-initialised all bars.
2025-10-06 02:53:05,901 [DEBUG] [MainThread] [qasync._windows._EventPoller/_windows.py:220]: Stopping worker thread...
2025-10-06 02:53:05,915 [DEBUG] [Dummy-6] [qasync._windows._EventWorker/_windows.py:204]: Exiting thread
2025-10-06 02:53:05,919 [DEBUG] [MainThread] [qasync._windows._IocpProactor/_windows.py:78]: Closing
2025-10-06 02:53:07,602 [INFO] [MainThread] [root/log.py:59]: YASB v1.8.2
2025-10-06 02:53:07,603 [INFO] [Thread-1 (_run_server)] [cli_server/cli_server.py:212]: CLI server started v1.1.2
2025-10-06 02:53:07,605 [INFO] [MainThread] [cli_server/cli_server.py:104]: Log pipe server started
2025-10-06 02:53:08,503 [DEBUG] [MainThread] [comtypes/__init__.py:149]: CoInitializeEx(None, 2)
2025-10-06 02:53:11,373 [INFO] [MainThread] [core.utils.widgets.taskbar.window_manager/window_manager.py:191]: TaskbarWindowManager is starting...
2025-10-06 02:53:11,383 [INFO] [MainThread] [root/bar_manager.py:76]: Starting SystemEventListener...
2025-10-06 02:53:11,383 [INFO] [MainThread] [root/watcher.py:54]: Created file watcher for path C:\Users\Fahim Rifat\.config\yasb
2025-10-06 02:53:11,458 [DEBUG] [MainThread] [qasync._windows._EventPoller/_windows.py:215]: Starting (proactor: <_IocpProactor overlapped#=0 result#=0>)...
2025-10-06 02:53:11,460 [DEBUG] [Dummy-6] [qasync._windows._EventWorker/_windows.py:195]: Thread started
2025-10-06 02:54:02,209 [INFO] [MainThread] [root/controller.py:15]: Reloading Application because of config change.
2025-10-06 02:54:02,312 [INFO] [MainThread] [cli_server/cli_server.py:112]: Log pipe server stopped
2025-10-06 02:54:02,313 [DEBUG] [MainThread] [cli_server/cli_server.py:206]: CLI server stopped
2025-10-06 02:54:02,323 [INFO] [MainThread] [root/bar_manager.py:83]: Stopping SystemEventListener...
2025-10-06 02:54:02,323 [INFO] [MainThread] [core.utils.widgets.taskbar.window_manager/window_manager.py:218]: TaskbarWindowManager stopped
2025-10-06 02:54:02,325 [INFO] [MainThread] [root/bar_manager.py:67]: Successfully loaded updated config and re-initialised all bars.
2025-10-06 02:54:02,325 [DEBUG] [MainThread] [qasync._windows._EventPoller/_windows.py:220]: Stopping worker thread...
2025-10-06 02:54:02,327 [DEBUG] [Dummy-6] [qasync._windows._EventWorker/_windows.py:204]: Exiting thread
2025-10-06 02:54:02,329 [DEBUG] [MainThread] [qasync._windows._IocpProactor/_windows.py:78]: Closing
2025-10-06 02:54:03,849 [INFO] [MainThread] [root/log.py:59]: YASB v1.8.2
2025-10-06 02:54:03,851 [INFO] [Thread-1 (_run_server)] [cli_server/cli_server.py:212]: CLI server started v1.1.2
2025-10-06 02:54:03,852 [INFO] [MainThread] [cli_server/cli_server.py:104]: Log pipe server started
2025-10-06 02:54:04,302 [DEBUG] [MainThread] [comtypes/__init__.py:149]: CoInitializeEx(None, 2)
2025-10-06 02:54:06,212 [INFO] [MainThread] [core.utils.widgets.taskbar.window_manager/window_manager.py:191]: TaskbarWindowManager is starting...
2025-10-06 02:54:06,224 [INFO] [MainThread] [root/bar_manager.py:76]: Starting SystemEventListener...
2025-10-06 02:54:06,225 [INFO] [MainThread] [root/watcher.py:54]: Created file watcher for path C:\Users\Fahim Rifat\.config\yasb
2025-10-06 02:54:06,300 [DEBUG] [MainThread] [qasync._windows._EventPoller/_windows.py:215]: Starting (proactor: <_IocpProactor overlapped#=0 result#=0>)...
2025-10-06 02:54:06,301 [DEBUG] [Dummy-6] [qasync._windows._EventWorker/_windows.py:195]: Thread started
2025-10-06 03:03:25,859 [ERROR] [MainThread] [root/bar_manager.py:56]: Error loading config: document is missing
2025-10-06 03:03:25,935 [INFO] [MainThread] [root/controller.py:15]: Reloading Application because of config change.
2025-10-06 03:03:26,045 [INFO] [MainThread] [cli_server/cli_server.py:112]: Log pipe server stopped
2025-10-06 03:03:26,045 [DEBUG] [MainThread] [cli_server/cli_server.py:206]: CLI server stopped
2025-10-06 03:03:26,057 [INFO] [MainThread] [root/bar_manager.py:83]: Stopping SystemEventListener...
2025-10-06 03:03:26,058 [INFO] [MainThread] [core.utils.widgets.taskbar.window_manager/window_manager.py:218]: TaskbarWindowManager stopped
2025-10-06 03:03:26,060 [INFO] [MainThread] [root/bar_manager.py:67]: Successfully loaded updated config and re-initialised all bars.
2025-10-06 03:03:26,061 [DEBUG] [MainThread] [qasync._windows._EventPoller/_windows.py:220]: Stopping worker thread...
2025-10-06 03:03:26,076 [DEBUG] [Dummy-6] [qasync._windows._EventWorker/_windows.py:204]: Exiting thread
2025-10-06 03:03:26,080 [DEBUG] [MainThread] [qasync._windows._IocpProactor/_windows.py:78]: Closing
2025-10-06 03:03:27,768 [INFO] [MainThread] [root/log.py:59]: YASB v1.8.2
2025-10-06 03:03:27,769 [INFO] [Thread-1 (_run_server)] [cli_server/cli_server.py:212]: CLI server started v1.1.2
2025-10-06 03:03:27,770 [INFO] [MainThread] [cli_server/cli_server.py:104]: Log pipe server started
2025-10-06 03:03:28,380 [DEBUG] [MainThread] [comtypes/__init__.py:149]: CoInitializeEx(None, 2)
2025-10-06 03:03:31,240 [INFO] [MainThread] [core.utils.widgets.taskbar.window_manager/window_manager.py:191]: TaskbarWindowManager is starting...
2025-10-06 03:03:31,250 [INFO] [MainThread] [root/bar_manager.py:76]: Starting SystemEventListener...
2025-10-06 03:03:31,250 [ERROR] [MainThread] [root/widget_builder.py:100]: Failed to validate widget(s) due to invalid options  - pomodoro
      menu:
      - class_name:
        - unknown field
      
2025-10-06 03:03:31,305 [INFO] [MainThread] [root/watcher.py:54]: Created file watcher for path C:\Users\Fahim Rifat\.config\yasb
2025-10-06 03:03:31,374 [DEBUG] [MainThread] [qasync._windows._EventPoller/_windows.py:215]: Starting (proactor: <_IocpProactor overlapped#=0 result#=0>)...
2025-10-06 03:03:31,376 [DEBUG] [Dummy-6] [qasync._windows._EventWorker/_windows.py:195]: Thread started
2025-10-06 03:04:25,017 [INFO] [MainThread] [root/controller.py:15]: Reloading Application because of config change.
2025-10-06 03:04:25,132 [INFO] [MainThread] [cli_server/cli_server.py:112]: Log pipe server stopped
2025-10-06 03:04:25,133 [DEBUG] [MainThread] [cli_server/cli_server.py:206]: CLI server stopped
2025-10-06 03:04:25,156 [INFO] [MainThread] [root/bar_manager.py:83]: Stopping SystemEventListener...
2025-10-06 03:04:25,157 [INFO] [MainThread] [core.utils.widgets.taskbar.window_manager/window_manager.py:218]: TaskbarWindowManager stopped
2025-10-06 03:04:25,159 [INFO] [MainThread] [root/bar_manager.py:67]: Successfully loaded updated config and re-initialised all bars.
2025-10-06 03:04:25,159 [DEBUG] [MainThread] [qasync._windows._EventPoller/_windows.py:220]: Stopping worker thread...
2025-10-06 03:04:25,178 [DEBUG] [Dummy-6] [qasync._windows._EventWorker/_windows.py:204]: Exiting thread
2025-10-06 03:04:25,180 [DEBUG] [MainThread] [qasync._windows._IocpProactor/_windows.py:78]: Closing
2025-10-06 03:04:26,585 [INFO] [MainThread] [root/log.py:59]: YASB v1.8.2
2025-10-06 03:04:26,585 [INFO] [Thread-1 (_run_server)] [cli_server/cli_server.py:212]: CLI server started v1.1.2
2025-10-06 03:04:26,586 [INFO] [MainThread] [cli_server/cli_server.py:104]: Log pipe server started
2025-10-06 03:04:27,068 [DEBUG] [MainThread] [comtypes/__init__.py:149]: CoInitializeEx(None, 2)
2025-10-06 03:04:29,338 [INFO] [MainThread] [core.utils.widgets.taskbar.window_manager/window_manager.py:191]: TaskbarWindowManager is starting...
2025-10-06 03:04:29,349 [INFO] [MainThread] [root/bar_manager.py:76]: Starting SystemEventListener...
2025-10-06 03:04:29,350 [INFO] [MainThread] [root/watcher.py:54]: Created file watcher for path C:\Users\Fahim Rifat\.config\yasb
2025-10-06 03:04:29,459 [DEBUG] [MainThread] [qasync._windows._EventPoller/_windows.py:215]: Starting (proactor: <_IocpProactor overlapped#=0 result#=0>)...
2025-10-06 03:04:29,462 [DEBUG] [Dummy-6] [qasync._windows._EventWorker/_windows.py:195]: Thread started
2025-10-06 03:04:53,263 [INFO] [MainThread] [root/bar_manager.py:83]: Stopping SystemEventListener...
2025-10-06 03:04:53,267 [INFO] [MainThread] [core.utils.widgets.taskbar.window_manager/window_manager.py:218]: TaskbarWindowManager stopped
2025-10-06 12:14:07,234 [INFO] [MainThread] [root/log.py:59]: YASB v1.8.2
2025-10-06 12:14:07,237 [INFO] [Thread-1 (_run_server)] [cli_server/cli_server.py:212]: CLI server started v1.1.2
2025-10-06 12:14:07,237 [INFO] [MainThread] [cli_server/cli_server.py:104]: Log pipe server started
2025-10-06 12:14:07,708 [DEBUG] [MainThread] [comtypes/__init__.py:149]: CoInitializeEx(None, 2)
2025-10-06 12:14:10,607 [INFO] [MainThread] [core.utils.widgets.taskbar.window_manager/window_manager.py:191]: TaskbarWindowManager is starting...
2025-10-06 12:14:10,620 [INFO] [MainThread] [root/bar_manager.py:76]: Starting SystemEventListener...
2025-10-06 12:14:10,621 [INFO] [MainThread] [root/watcher.py:54]: Created file watcher for path C:\Users\Fahim Rifat\.config\yasb
2025-10-06 12:14:10,703 [DEBUG] [MainThread] [qasync._windows._EventPoller/_windows.py:215]: Starting (proactor: <_IocpProactor overlapped#=0 result#=0>)...
2025-10-06 12:14:10,707 [DEBUG] [Dummy-6] [qasync._windows._EventWorker/_windows.py:195]: Thread started
2025-10-06 12:14:38,600 [INFO] [MainThread] [root/log.py:59]: YASB v1.8.2
2025-10-06 12:14:38,601 [INFO] [Thread-1 (_run_server)] [cli_server/cli_server.py:212]: CLI server started v1.1.2
2025-10-06 12:14:38,601 [INFO] [MainThread] [cli_server/cli_server.py:104]: Log pipe server started
2025-10-06 12:14:38,602 [ERROR] [MainThread] [root/main.py:77]: Another instance of the YASB is already running.
2025-10-06 12:28:45,447 [INFO] [MainThread] [root/controller.py:15]: Reloading Application from tray...
2025-10-06 12:28:45,550 [INFO] [MainThread] [cli_server/cli_server.py:112]: Log pipe server stopped
2025-10-06 12:28:45,550 [DEBUG] [MainThread] [cli_server/cli_server.py:206]: CLI server stopped
2025-10-06 12:28:45,586 [INFO] [MainThread] [root/bar_manager.py:83]: Stopping SystemEventListener...
2025-10-06 12:28:45,588 [INFO] [MainThread] [core.utils.widgets.taskbar.window_manager/window_manager.py:218]: TaskbarWindowManager stopped
2025-10-06 12:28:45,592 [DEBUG] [MainThread] [qasync._windows._EventPoller/_windows.py:220]: Stopping worker thread...
2025-10-06 12:28:45,597 [DEBUG] [Dummy-6] [qasync._windows._EventWorker/_windows.py:204]: Exiting thread
2025-10-06 12:28:45,603 [DEBUG] [MainThread] [qasync._windows._IocpProactor/_windows.py:78]: Closing
2025-10-06 12:28:46,349 [INFO] [MainThread] [root/log.py:59]: YASB v1.8.2
2025-10-06 12:28:46,350 [INFO] [Thread-1 (_run_server)] [cli_server/cli_server.py:212]: CLI server started v1.1.2
2025-10-06 12:28:46,351 [INFO] [MainThread] [cli_server/cli_server.py:104]: Log pipe server started
2025-10-06 12:28:46,675 [DEBUG] [MainThread] [comtypes/__init__.py:149]: CoInitializeEx(None, 2)
2025-10-06 12:28:48,341 [INFO] [MainThread] [core.utils.widgets.taskbar.window_manager/window_manager.py:191]: TaskbarWindowManager is starting...
2025-10-06 12:28:48,350 [INFO] [MainThread] [root/bar_manager.py:76]: Starting SystemEventListener...
2025-10-06 12:28:48,350 [INFO] [MainThread] [root/watcher.py:54]: Created file watcher for path C:\Users\Fahim Rifat\.config\yasb
2025-10-06 12:28:48,411 [DEBUG] [MainThread] [qasync._windows._EventPoller/_windows.py:215]: Starting (proactor: <_IocpProactor overlapped#=0 result#=0>)...
2025-10-06 12:28:48,413 [DEBUG] [Dummy-6] [qasync._windows._EventWorker/_windows.py:195]: Thread started
2025-10-06 12:36:57,591 [INFO] [MainThread] [root/controller.py:15]: Reloading Application because of config change.
2025-10-06 12:36:57,700 [INFO] [MainThread] [cli_server/cli_server.py:112]: Log pipe server stopped
2025-10-06 12:36:57,701 [DEBUG] [MainThread] [cli_server/cli_server.py:206]: CLI server stopped
2025-10-06 12:36:57,758 [INFO] [MainThread] [root/bar_manager.py:83]: Stopping SystemEventListener...
2025-10-06 12:36:57,759 [INFO] [MainThread] [core.utils.widgets.taskbar.window_manager/window_manager.py:218]: TaskbarWindowManager stopped
2025-10-06 12:36:57,764 [INFO] [MainThread] [root/bar_manager.py:67]: Successfully loaded updated config and re-initialised all bars.
2025-10-06 12:36:57,765 [DEBUG] [MainThread] [qasync._windows._EventPoller/_windows.py:220]: Stopping worker thread...
2025-10-06 12:36:57,781 [DEBUG] [Dummy-6] [qasync._windows._EventWorker/_windows.py:204]: Exiting thread
2025-10-06 12:36:57,783 [DEBUG] [MainThread] [qasync._windows._IocpProactor/_windows.py:78]: Closing
2025-10-06 12:36:59,758 [INFO] [MainThread] [root/log.py:59]: YASB v1.8.2
2025-10-06 12:36:59,759 [INFO] [Thread-1 (_run_server)] [cli_server/cli_server.py:212]: CLI server started v1.1.2
2025-10-06 12:36:59,760 [INFO] [MainThread] [cli_server/cli_server.py:104]: Log pipe server started
2025-10-06 12:37:00,167 [DEBUG] [MainThread] [comtypes/__init__.py:149]: CoInitializeEx(None, 2)
2025-10-06 12:37:02,670 [INFO] [MainThread] [core.utils.widgets.taskbar.window_manager/window_manager.py:191]: TaskbarWindowManager is starting...
2025-10-06 12:37:02,681 [INFO] [MainThread] [root/bar_manager.py:76]: Starting SystemEventListener...
2025-10-06 12:37:02,682 [INFO] [MainThread] [root/watcher.py:54]: Created file watcher for path C:\Users\Fahim Rifat\.config\yasb
2025-10-06 12:37:02,845 [DEBUG] [MainThread] [qasync._windows._EventPoller/_windows.py:215]: Starting (proactor: <_IocpProactor overlapped#=0 result#=0>)...
2025-10-06 12:37:02,856 [DEBUG] [Dummy-6] [qasync._windows._EventWorker/_windows.py:195]: Thread started
2025-10-06 12:38:23,498 [INFO] [MainThread] [root/controller.py:15]: Reloading Application because of config change.
2025-10-06 12:38:23,610 [INFO] [MainThread] [cli_server/cli_server.py:112]: Log pipe server stopped
2025-10-06 12:38:23,611 [DEBUG] [MainThread] [cli_server/cli_server.py:206]: CLI server stopped
2025-10-06 12:38:23,621 [INFO] [MainThread] [root/bar_manager.py:83]: Stopping SystemEventListener...
2025-10-06 12:38:23,621 [INFO] [MainThread] [core.utils.widgets.taskbar.window_manager/window_manager.py:218]: TaskbarWindowManager stopped
2025-10-06 12:38:23,623 [INFO] [MainThread] [root/bar_manager.py:67]: Successfully loaded updated config and re-initialised all bars.
2025-10-06 12:38:23,623 [DEBUG] [MainThread] [qasync._windows._EventPoller/_windows.py:220]: Stopping worker thread...
2025-10-06 12:38:23,626 [DEBUG] [Dummy-6] [qasync._windows._EventWorker/_windows.py:204]: Exiting thread
2025-10-06 12:38:23,628 [DEBUG] [MainThread] [qasync._windows._IocpProactor/_windows.py:78]: Closing
2025-10-06 12:38:24,349 [INFO] [MainThread] [root/log.py:59]: YASB v1.8.2
2025-10-06 12:38:24,350 [INFO] [Thread-1 (_run_server)] [cli_server/cli_server.py:212]: CLI server started v1.1.2
2025-10-06 12:38:24,350 [INFO] [MainThread] [cli_server/cli_server.py:104]: Log pipe server started
2025-10-06 12:38:24,763 [DEBUG] [MainThread] [comtypes/__init__.py:149]: CoInitializeEx(None, 2)
2025-10-06 12:38:27,003 [INFO] [MainThread] [core.utils.widgets.taskbar.window_manager/window_manager.py:191]: TaskbarWindowManager is starting...
2025-10-06 12:38:27,017 [INFO] [MainThread] [root/bar_manager.py:76]: Starting SystemEventListener...
2025-10-06 12:38:27,018 [INFO] [MainThread] [root/watcher.py:54]: Created file watcher for path C:\Users\Fahim Rifat\.config\yasb
2025-10-06 12:38:27,101 [DEBUG] [MainThread] [qasync._windows._EventPoller/_windows.py:215]: Starting (proactor: <_IocpProactor overlapped#=0 result#=0>)...
2025-10-06 12:38:27,103 [DEBUG] [Dummy-6] [qasync._windows._EventWorker/_windows.py:195]: Thread started
2025-10-06 12:38:45,994 [INFO] [MainThread] [root/controller.py:15]: Reloading Application because of config change.
2025-10-06 12:38:46,095 [INFO] [MainThread] [cli_server/cli_server.py:112]: Log pipe server stopped
2025-10-06 12:38:46,095 [DEBUG] [MainThread] [cli_server/cli_server.py:206]: CLI server stopped
2025-10-06 12:38:46,113 [INFO] [MainThread] [root/bar_manager.py:83]: Stopping SystemEventListener...
2025-10-06 12:38:46,115 [INFO] [MainThread] [core.utils.widgets.taskbar.window_manager/window_manager.py:218]: TaskbarWindowManager stopped
2025-10-06 12:38:46,118 [INFO] [MainThread] [root/bar_manager.py:67]: Successfully loaded updated config and re-initialised all bars.
2025-10-06 12:38:46,118 [DEBUG] [MainThread] [qasync._windows._EventPoller/_windows.py:220]: Stopping worker thread...
2025-10-06 12:38:46,126 [DEBUG] [Dummy-6] [qasync._windows._EventWorker/_windows.py:204]: Exiting thread
2025-10-06 12:38:46,130 [DEBUG] [MainThread] [qasync._windows._IocpProactor/_windows.py:78]: Closing
2025-10-06 12:38:46,835 [INFO] [MainThread] [root/log.py:59]: YASB v1.8.2
2025-10-06 12:38:46,836 [INFO] [Thread-1 (_run_server)] [cli_server/cli_server.py:212]: CLI server started v1.1.2
2025-10-06 12:38:46,837 [INFO] [MainThread] [cli_server/cli_server.py:104]: Log pipe server started
2025-10-06 12:38:47,201 [DEBUG] [MainThread] [comtypes/__init__.py:149]: CoInitializeEx(None, 2)
2025-10-06 12:38:48,910 [INFO] [MainThread] [core.utils.widgets.taskbar.window_manager/window_manager.py:191]: TaskbarWindowManager is starting...
2025-10-06 12:38:48,921 [INFO] [MainThread] [root/bar_manager.py:76]: Starting SystemEventListener...
2025-10-06 12:38:48,922 [INFO] [MainThread] [root/watcher.py:54]: Created file watcher for path C:\Users\Fahim Rifat\.config\yasb
2025-10-06 12:38:48,994 [DEBUG] [MainThread] [qasync._windows._EventPoller/_windows.py:215]: Starting (proactor: <_IocpProactor overlapped#=0 result#=0>)...
2025-10-06 12:38:48,996 [DEBUG] [Dummy-6] [qasync._windows._EventWorker/_windows.py:195]: Thread started
2025-10-06 12:38:57,281 [INFO] [MainThread] [root/controller.py:15]: Reloading Application because of config change.
2025-10-06 12:38:57,384 [INFO] [MainThread] [cli_server/cli_server.py:112]: Log pipe server stopped
2025-10-06 12:38:57,384 [DEBUG] [MainThread] [cli_server/cli_server.py:206]: CLI server stopped
2025-10-06 12:38:57,426 [INFO] [MainThread] [root/bar_manager.py:83]: Stopping SystemEventListener...
2025-10-06 12:38:57,429 [INFO] [MainThread] [core.utils.widgets.taskbar.window_manager/window_manager.py:218]: TaskbarWindowManager stopped
2025-10-06 12:38:57,435 [INFO] [MainThread] [root/bar_manager.py:67]: Successfully loaded updated config and re-initialised all bars.
2025-10-06 12:38:57,436 [DEBUG] [MainThread] [qasync._windows._EventPoller/_windows.py:220]: Stopping worker thread...
2025-10-06 12:38:57,446 [DEBUG] [Dummy-6] [qasync._windows._EventWorker/_windows.py:204]: Exiting thread
2025-10-06 12:38:57,459 [DEBUG] [MainThread] [qasync._windows._IocpProactor/_windows.py:78]: Closing
2025-10-06 12:38:58,267 [INFO] [MainThread] [root/log.py:59]: YASB v1.8.2
2025-10-06 12:38:58,268 [INFO] [Thread-1 (_run_server)] [cli_server/cli_server.py:212]: CLI server started v1.1.2
2025-10-06 12:38:58,269 [INFO] [MainThread] [cli_server/cli_server.py:104]: Log pipe server started
2025-10-06 12:38:58,746 [DEBUG] [MainThread] [comtypes/__init__.py:149]: CoInitializeEx(None, 2)
2025-10-06 12:39:01,075 [INFO] [MainThread] [core.utils.widgets.taskbar.window_manager/window_manager.py:191]: TaskbarWindowManager is starting...
2025-10-06 12:39:01,099 [INFO] [MainThread] [root/bar_manager.py:76]: Starting SystemEventListener...
2025-10-06 12:39:01,100 [INFO] [MainThread] [root/watcher.py:54]: Created file watcher for path C:\Users\Fahim Rifat\.config\yasb
2025-10-06 12:39:01,199 [DEBUG] [MainThread] [qasync._windows._EventPoller/_windows.py:215]: Starting (proactor: <_IocpProactor overlapped#=0 result#=0>)...
2025-10-06 12:39:01,200 [DEBUG] [Dummy-6] [qasync._windows._EventWorker/_windows.py:195]: Thread started
2025-10-06 12:44:51,778 [INFO] [MainThread] [root/controller.py:15]: Reloading Application because of config change.
2025-10-06 12:44:51,886 [INFO] [MainThread] [cli_server/cli_server.py:112]: Log pipe server stopped
2025-10-06 12:44:51,886 [DEBUG] [MainThread] [cli_server/cli_server.py:206]: CLI server stopped
2025-10-06 12:44:51,920 [INFO] [MainThread] [root/bar_manager.py:83]: Stopping SystemEventListener...
2025-10-06 12:44:51,922 [INFO] [MainThread] [core.utils.widgets.taskbar.window_manager/window_manager.py:218]: TaskbarWindowManager stopped
2025-10-06 12:44:51,924 [INFO] [MainThread] [root/bar_manager.py:67]: Successfully loaded updated config and re-initialised all bars.
2025-10-06 12:44:51,925 [DEBUG] [MainThread] [qasync._windows._EventPoller/_windows.py:220]: Stopping worker thread...
2025-10-06 12:44:51,932 [DEBUG] [Dummy-6] [qasync._windows._EventWorker/_windows.py:204]: Exiting thread
2025-10-06 12:44:51,940 [DEBUG] [MainThread] [qasync._windows._IocpProactor/_windows.py:78]: Closing
2025-10-06 12:44:52,956 [INFO] [MainThread] [root/log.py:59]: YASB v1.8.2
2025-10-06 12:44:52,956 [INFO] [Thread-1 (_run_server)] [cli_server/cli_server.py:212]: CLI server started v1.1.2
2025-10-06 12:44:52,958 [INFO] [MainThread] [cli_server/cli_server.py:104]: Log pipe server started
2025-10-06 12:44:53,478 [DEBUG] [MainThread] [comtypes/__init__.py:149]: CoInitializeEx(None, 2)
2025-10-06 12:44:55,435 [INFO] [MainThread] [core.utils.widgets.taskbar.window_manager/window_manager.py:191]: TaskbarWindowManager is starting...
2025-10-06 12:44:55,446 [INFO] [MainThread] [root/bar_manager.py:76]: Starting SystemEventListener...
2025-10-06 12:44:55,446 [INFO] [MainThread] [root/watcher.py:54]: Created file watcher for path C:\Users\Fahim Rifat\.config\yasb
2025-10-06 12:44:55,557 [DEBUG] [MainThread] [qasync._windows._EventPoller/_windows.py:215]: Starting (proactor: <_IocpProactor overlapped#=0 result#=0>)...
2025-10-06 12:44:55,561 [DEBUG] [Dummy-6] [qasync._windows._EventWorker/_windows.py:195]: Thread started
2025-10-06 13:30:27,518 [INFO] [MainThread] [root/controller.py:35]: Exiting Application...
2025-10-06 13:30:27,619 [INFO] [MainThread] [cli_server/cli_server.py:112]: Log pipe server stopped
2025-10-06 13:30:27,620 [DEBUG] [MainThread] [cli_server/cli_server.py:206]: CLI server stopped
2025-10-06 13:30:27,620 [INFO] [MainThread] [root/bar_manager.py:83]: Stopping SystemEventListener...
2025-10-06 13:30:27,621 [INFO] [MainThread] [core.utils.widgets.taskbar.window_manager/window_manager.py:218]: TaskbarWindowManager stopped
2025-10-06 13:30:27,653 [DEBUG] [MainThread] [qasync._windows._EventPoller/_windows.py:220]: Stopping worker thread...
2025-10-06 13:30:27,666 [DEBUG] [Dummy-6] [qasync._windows._EventWorker/_windows.py:204]: Exiting thread
2025-10-06 13:30:27,668 [DEBUG] [MainThread] [qasync._windows._IocpProactor/_windows.py:78]: Closing
2025-10-06 13:32:00,231 [INFO] [MainThread] [root/log.py:59]: YASB v1.8.2
2025-10-06 13:32:00,231 [INFO] [Thread-1 (_run_server)] [cli_server/cli_server.py:212]: CLI server started v1.1.2
2025-10-06 13:32:00,231 [INFO] [MainThread] [cli_server/cli_server.py:104]: Log pipe server started
2025-10-06 13:32:01,103 [DEBUG] [MainThread] [comtypes/__init__.py:149]: CoInitializeEx(None, 2)
2025-10-06 13:32:08,866 [INFO] [MainThread] [core.utils.widgets.taskbar.window_manager/window_manager.py:191]: TaskbarWindowManager is starting...
2025-10-06 13:32:08,876 [INFO] [MainThread] [root/bar_manager.py:76]: Starting SystemEventListener...
2025-10-06 13:32:08,877 [INFO] [MainThread] [root/watcher.py:54]: Created file watcher for path C:\Users\Fahim Rifat\.config\yasb
2025-10-06 13:32:08,965 [DEBUG] [MainThread] [qasync._windows._EventPoller/_windows.py:215]: Starting (proactor: <_IocpProactor overlapped#=0 result#=0>)...
2025-10-06 13:32:08,967 [DEBUG] [Dummy-6] [qasync._windows._EventWorker/_windows.py:195]: Thread started
2025-10-06 13:32:29,153 [INFO] [MainThread] [root/log.py:59]: YASB v1.8.2
2025-10-06 13:32:29,154 [INFO] [Thread-1 (_run_server)] [cli_server/cli_server.py:212]: CLI server started v1.1.2
2025-10-06 13:32:29,154 [INFO] [MainThread] [cli_server/cli_server.py:104]: Log pipe server started
2025-10-06 13:32:29,155 [ERROR] [MainThread] [root/main.py:77]: Another instance of the YASB is already running.
2025-10-06 13:40:30,765 [INFO] [MainThread] [root/log.py:59]: YASB v1.8.2
2025-10-06 13:40:30,765 [INFO] [Thread-1 (_run_server)] [cli_server/cli_server.py:212]: CLI server started v1.1.2
2025-10-06 13:40:30,765 [INFO] [MainThread] [cli_server/cli_server.py:104]: Log pipe server started
2025-10-06 13:40:31,629 [DEBUG] [MainThread] [comtypes/__init__.py:149]: CoInitializeEx(None, 2)
2025-10-06 13:40:39,244 [INFO] [MainThread] [core.utils.widgets.taskbar.window_manager/window_manager.py:191]: TaskbarWindowManager is starting...
2025-10-06 13:40:39,254 [INFO] [MainThread] [root/bar_manager.py:76]: Starting SystemEventListener...
2025-10-06 13:40:39,255 [INFO] [MainThread] [root/watcher.py:54]: Created file watcher for path C:\Users\Fahim Rifat\.config\yasb
2025-10-06 13:40:39,338 [DEBUG] [MainThread] [qasync._windows._EventPoller/_windows.py:215]: Starting (proactor: <_IocpProactor overlapped#=0 result#=0>)...
2025-10-06 13:40:39,339 [DEBUG] [Dummy-6] [qasync._windows._EventWorker/_windows.py:195]: Thread started
2025-10-06 13:41:01,240 [INFO] [MainThread] [root/log.py:59]: YASB v1.8.2
2025-10-06 13:41:01,241 [INFO] [Thread-1 (_run_server)] [cli_server/cli_server.py:212]: CLI server started v1.1.2
2025-10-06 13:41:01,242 [INFO] [MainThread] [cli_server/cli_server.py:104]: Log pipe server started
2025-10-06 13:41:01,242 [ERROR] [MainThread] [root/main.py:77]: Another instance of the YASB is already running.
2025-10-06 18:25:04,472 [INFO] [MainThread] [root/controller.py:15]: Reloading Application because of config change.
2025-10-06 18:25:04,581 [INFO] [MainThread] [cli_server/cli_server.py:112]: Log pipe server stopped
2025-10-06 18:25:04,581 [DEBUG] [MainThread] [cli_server/cli_server.py:206]: CLI server stopped
2025-10-06 18:25:04,622 [INFO] [MainThread] [root/bar_manager.py:83]: Stopping SystemEventListener...
2025-10-06 18:25:04,623 [INFO] [MainThread] [core.utils.widgets.taskbar.window_manager/window_manager.py:218]: TaskbarWindowManager stopped
2025-10-06 18:25:04,624 [INFO] [MainThread] [root/bar_manager.py:67]: Successfully loaded updated config and re-initialised all bars.
2025-10-06 18:25:04,625 [DEBUG] [MainThread] [qasync._windows._EventPoller/_windows.py:220]: Stopping worker thread...
2025-10-06 18:25:04,645 [DEBUG] [Dummy-6] [qasync._windows._EventWorker/_windows.py:204]: Exiting thread
2025-10-06 18:25:04,649 [DEBUG] [MainThread] [qasync._windows._IocpProactor/_windows.py:78]: Closing
2025-10-06 18:25:07,589 [INFO] [MainThread] [root/log.py:59]: YASB v1.8.2
2025-10-06 18:25:07,591 [INFO] [Thread-1 (_run_server)] [cli_server/cli_server.py:212]: CLI server started v1.1.2
2025-10-06 18:25:07,591 [INFO] [MainThread] [cli_server/cli_server.py:104]: Log pipe server started
2025-10-06 18:25:08,417 [DEBUG] [MainThread] [comtypes/__init__.py:149]: CoInitializeEx(None, 2)
2025-10-06 18:25:16,421 [INFO] [MainThread] [core.utils.widgets.taskbar.window_manager/window_manager.py:191]: TaskbarWindowManager is starting...
2025-10-06 18:25:16,431 [INFO] [MainThread] [root/bar_manager.py:76]: Starting SystemEventListener...
2025-10-06 18:25:16,431 [INFO] [MainThread] [root/watcher.py:54]: Created file watcher for path C:\Users\Fahim Rifat\.config\yasb
2025-10-06 18:25:16,506 [DEBUG] [MainThread] [qasync._windows._EventPoller/_windows.py:215]: Starting (proactor: <_IocpProactor overlapped#=0 result#=0>)...
2025-10-06 18:25:16,507 [DEBUG] [Dummy-6] [qasync._windows._EventWorker/_windows.py:195]: Thread started
2025-10-06 18:26:01,896 [INFO] [MainThread] [root/controller.py:15]: Reloading Application because of config change.
2025-10-06 18:26:02,000 [INFO] [MainThread] [cli_server/cli_server.py:112]: Log pipe server stopped
2025-10-06 18:26:02,001 [DEBUG] [MainThread] [cli_server/cli_server.py:206]: CLI server stopped
2025-10-06 18:26:02,027 [INFO] [MainThread] [root/bar_manager.py:83]: Stopping SystemEventListener...
2025-10-06 18:26:02,028 [INFO] [MainThread] [core.utils.widgets.taskbar.window_manager/window_manager.py:218]: TaskbarWindowManager stopped
2025-10-06 18:26:02,032 [INFO] [MainThread] [root/bar_manager.py:67]: Successfully loaded updated config and re-initialised all bars.
2025-10-06 18:26:02,033 [DEBUG] [MainThread] [qasync._windows._EventPoller/_windows.py:220]: Stopping worker thread...
2025-10-06 18:26:02,046 [DEBUG] [Dummy-6] [qasync._windows._EventWorker/_windows.py:204]: Exiting thread
2025-10-06 18:26:02,062 [DEBUG] [MainThread] [qasync._windows._IocpProactor/_windows.py:78]: Closing
2025-10-06 18:26:02,835 [INFO] [MainThread] [root/log.py:59]: YASB v1.8.2
2025-10-06 18:26:02,836 [INFO] [Thread-1 (_run_server)] [cli_server/cli_server.py:212]: CLI server started v1.1.2
2025-10-06 18:26:02,837 [INFO] [MainThread] [cli_server/cli_server.py:104]: Log pipe server started
2025-10-06 18:26:03,217 [DEBUG] [MainThread] [comtypes/__init__.py:149]: CoInitializeEx(None, 2)
2025-10-06 18:26:04,798 [INFO] [MainThread] [core.utils.widgets.taskbar.window_manager/window_manager.py:191]: TaskbarWindowManager is starting...
2025-10-06 18:26:04,810 [INFO] [MainThread] [root/bar_manager.py:76]: Starting SystemEventListener...
2025-10-06 18:26:04,811 [INFO] [MainThread] [root/watcher.py:54]: Created file watcher for path C:\Users\Fahim Rifat\.config\yasb
2025-10-06 18:26:04,875 [DEBUG] [MainThread] [qasync._windows._EventPoller/_windows.py:215]: Starting (proactor: <_IocpProactor overlapped#=0 result#=0>)...
2025-10-06 18:26:04,876 [DEBUG] [Dummy-6] [qasync._windows._EventWorker/_windows.py:195]: Thread started
2025-10-06 19:40:53,595 [INFO] [MainThread] [root/controller.py:35]: Exiting Application...
2025-10-06 19:40:53,701 [INFO] [MainThread] [cli_server/cli_server.py:112]: Log pipe server stopped
2025-10-06 19:40:53,701 [DEBUG] [MainThread] [cli_server/cli_server.py:206]: CLI server stopped
2025-10-06 19:40:53,703 [INFO] [MainThread] [root/bar_manager.py:83]: Stopping SystemEventListener...
2025-10-06 19:40:53,704 [INFO] [MainThread] [core.utils.widgets.taskbar.window_manager/window_manager.py:218]: TaskbarWindowManager stopped
2025-10-06 19:40:53,734 [DEBUG] [MainThread] [qasync._windows._EventPoller/_windows.py:220]: Stopping worker thread...
2025-10-06 19:40:53,748 [DEBUG] [Dummy-6] [qasync._windows._EventWorker/_windows.py:204]: Exiting thread
2025-10-06 19:40:53,751 [DEBUG] [MainThread] [qasync._windows._IocpProactor/_windows.py:78]: Closing
2025-10-07 09:02:03,051 [INFO] [MainThread] [root/log.py:59]: YASB v1.8.2
2025-10-07 09:02:03,066 [INFO] [Thread-1 (_run_server)] [cli_server/cli_server.py:212]: CLI server started v1.1.2
2025-10-07 09:02:03,066 [INFO] [MainThread] [cli_server/cli_server.py:104]: Log pipe server started
2025-10-07 09:02:03,270 [DEBUG] [MainThread] [comtypes/__init__.py:149]: CoInitializeEx(None, 2)
2025-10-07 09:02:06,321 [INFO] [MainThread] [core.utils.widgets.taskbar.window_manager/window_manager.py:191]: TaskbarWindowManager is starting...
2025-10-07 09:02:06,328 [INFO] [MainThread] [root/bar_manager.py:76]: Starting SystemEventListener...
2025-10-07 09:02:06,329 [INFO] [MainThread] [root/watcher.py:54]: Created file watcher for path C:\Users\Fahim Rifat\.config\yasb
2025-10-07 09:02:06,376 [DEBUG] [MainThread] [qasync._windows._EventPoller/_windows.py:215]: Starting (proactor: <_IocpProactor overlapped#=0 result#=0>)...
2025-10-07 09:02:06,378 [DEBUG] [Dummy-6] [qasync._windows._EventWorker/_windows.py:195]: Thread started
2025-10-07 09:02:18,177 [INFO] [MainThread] [root/log.py:59]: YASB v1.8.2
2025-10-07 09:02:18,177 [INFO] [Thread-1 (_run_server)] [cli_server/cli_server.py:212]: CLI server started v1.1.2
2025-10-07 09:02:18,178 [INFO] [MainThread] [cli_server/cli_server.py:104]: Log pipe server started
2025-10-07 09:02:18,178 [ERROR] [MainThread] [root/main.py:77]: Another instance of the YASB is already running.
2025-10-07 10:11:40,888 [INFO] [MainThread] [root/bar_manager.py:83]: Stopping SystemEventListener...
2025-10-07 10:11:40,888 [INFO] [MainThread] [core.utils.widgets.taskbar.window_manager/window_manager.py:218]: TaskbarWindowManager stopped
2025-10-07 10:11:41,861 [DEBUG] [MainThread] [qasync._windows._EventPoller/_windows.py:220]: Stopping worker thread...
2025-10-07 10:11:41,875 [DEBUG] [Dummy-6] [qasync._windows._EventWorker/_windows.py:204]: Exiting thread
2025-10-07 10:11:41,885 [DEBUG] [MainThread] [qasync._windows._IocpProactor/_windows.py:78]: Closing
2025-10-07 10:13:18,842 [INFO] [MainThread] [root/log.py:59]: YASB v1.8.3
2025-10-07 10:13:18,843 [INFO] [Thread-1 (_run_server)] [cli_server/cli_server.py:212]: CLI server started v1.1.2
2025-10-07 10:13:18,844 [INFO] [MainThread] [cli_server/cli_server.py:104]: Log pipe server started
2025-10-07 10:13:20,307 [DEBUG] [MainThread] [comtypes/__init__.py:149]: CoInitializeEx(None, 2)
2025-10-07 10:13:25,460 [INFO] [MainThread] [core.utils.widgets.taskbar.window_manager/window_manager.py:191]: TaskbarWindowManager is starting...
2025-10-07 10:13:25,470 [INFO] [MainThread] [root/bar_manager.py:85]: Starting SystemEventListener...
2025-10-07 10:13:25,471 [INFO] [MainThread] [root/watcher.py:54]: Created file watcher for path C:\Users\Fahim Rifat\.config\yasb
2025-10-07 10:13:25,658 [DEBUG] [MainThread] [qasync._windows._EventPoller/_windows.py:215]: Starting (proactor: <_IocpProactor overlapped#=0 result#=0>)...
2025-10-07 10:13:25,660 [DEBUG] [Dummy-6] [qasync._windows._EventWorker/_windows.py:195]: Thread started
2025-10-07 10:24:18,674 [INFO] [MainThread] [root/bar_manager.py:92]: Stopping SystemEventListener...
2025-10-07 10:24:18,683 [INFO] [MainThread] [core.utils.widgets.taskbar.window_manager/window_manager.py:218]: TaskbarWindowManager stopped
2025-10-07 10:26:02,372 [INFO] [MainThread] [root/log.py:59]: YASB v1.8.3
2025-10-07 10:26:02,372 [INFO] [Thread-1 (_run_server)] [cli_server/cli_server.py:212]: CLI server started v1.1.2
2025-10-07 10:26:02,372 [INFO] [MainThread] [cli_server/cli_server.py:104]: Log pipe server started
2025-10-07 10:26:03,394 [DEBUG] [MainThread] [comtypes/__init__.py:149]: CoInitializeEx(None, 2)
2025-10-07 10:26:11,096 [INFO] [MainThread] [core.utils.widgets.taskbar.window_manager/window_manager.py:191]: TaskbarWindowManager is starting...
2025-10-07 10:26:11,100 [INFO] [MainThread] [root/bar_manager.py:85]: Starting SystemEventListener...
2025-10-07 10:26:11,101 [INFO] [MainThread] [root/watcher.py:54]: Created file watcher for path C:\Users\Fahim Rifat\.config\yasb
2025-10-07 10:26:11,175 [DEBUG] [MainThread] [qasync._windows._EventPoller/_windows.py:215]: Starting (proactor: <_IocpProactor overlapped#=0 result#=0>)...
2025-10-07 10:26:11,177 [DEBUG] [Dummy-6] [qasync._windows._EventWorker/_windows.py:195]: Thread started
2025-10-07 10:26:26,516 [INFO] [MainThread] [root/log.py:59]: YASB v1.8.3
2025-10-07 10:26:26,517 [INFO] [Thread-1 (_run_server)] [cli_server/cli_server.py:212]: CLI server started v1.1.2
2025-10-07 10:26:26,518 [INFO] [MainThread] [cli_server/cli_server.py:104]: Log pipe server started
2025-10-07 10:26:26,518 [ERROR] [MainThread] [root/main.py:76]: Another instance of the YASB is already running.
2025-10-07 11:08:15,739 [INFO] [MainThread] [root/bar_manager.py:92]: Stopping SystemEventListener...
2025-10-07 11:08:15,740 [INFO] [MainThread] [core.utils.widgets.taskbar.window_manager/window_manager.py:218]: TaskbarWindowManager stopped
2025-10-07 16:57:04,808 [INFO] [MainThread] [root/log.py:59]: YASB v1.8.3
2025-10-07 16:57:04,808 [INFO] [Thread-1 (_run_server)] [cli_server/cli_server.py:212]: CLI server started v1.1.2
2025-10-07 16:57:04,821 [INFO] [MainThread] [cli_server/cli_server.py:104]: Log pipe server started
2025-10-07 16:57:05,821 [DEBUG] [MainThread] [comtypes/__init__.py:149]: CoInitializeEx(None, 2)
2025-10-07 16:57:14,678 [INFO] [MainThread] [core.utils.widgets.taskbar.window_manager/window_manager.py:191]: TaskbarWindowManager is starting...
2025-10-07 16:57:14,686 [INFO] [MainThread] [root/bar_manager.py:85]: Starting SystemEventListener...
2025-10-07 16:57:14,687 [INFO] [MainThread] [root/watcher.py:54]: Created file watcher for path C:\Users\Fahim Rifat\.config\yasb
2025-10-07 16:57:14,778 [DEBUG] [MainThread] [qasync._windows._EventPoller/_windows.py:215]: Starting (proactor: <_IocpProactor overlapped#=0 result#=0>)...
2025-10-07 16:57:14,780 [DEBUG] [Dummy-6] [qasync._windows._EventWorker/_windows.py:195]: Thread started
2025-10-07 16:57:35,093 [INFO] [MainThread] [root/log.py:59]: YASB v1.8.3
2025-10-07 16:57:35,094 [INFO] [Thread-1 (_run_server)] [cli_server/cli_server.py:212]: CLI server started v1.1.2
2025-10-07 16:57:35,095 [INFO] [MainThread] [cli_server/cli_server.py:104]: Log pipe server started
2025-10-07 16:57:35,096 [ERROR] [MainThread] [root/main.py:76]: Another instance of the YASB is already running.
2025-10-07 17:26:06,954 [INFO] [MainThread] [root/bar_manager.py:92]: Stopping SystemEventListener...
2025-10-07 17:26:06,956 [INFO] [MainThread] [core.utils.widgets.taskbar.window_manager/window_manager.py:218]: TaskbarWindowManager stopped
2025-10-07 17:27:38,759 [INFO] [MainThread] [root/log.py:59]: YASB v1.8.3
2025-10-07 17:27:38,759 [INFO] [Thread-1 (_run_server)] [cli_server/cli_server.py:212]: CLI server started v1.1.2
2025-10-07 17:27:38,759 [INFO] [MainThread] [cli_server/cli_server.py:104]: Log pipe server started
2025-10-07 17:27:39,887 [DEBUG] [MainThread] [comtypes/__init__.py:149]: CoInitializeEx(None, 2)
2025-10-07 17:27:48,028 [INFO] [MainThread] [core.utils.widgets.taskbar.window_manager/window_manager.py:191]: TaskbarWindowManager is starting...
2025-10-07 17:27:48,037 [INFO] [MainThread] [root/bar_manager.py:85]: Starting SystemEventListener...
2025-10-07 17:27:48,038 [INFO] [MainThread] [root/watcher.py:54]: Created file watcher for path C:\Users\Fahim Rifat\.config\yasb
2025-10-07 17:27:48,121 [DEBUG] [MainThread] [qasync._windows._EventPoller/_windows.py:215]: Starting (proactor: <_IocpProactor overlapped#=0 result#=0>)...
2025-10-07 17:27:48,124 [DEBUG] [Dummy-6] [qasync._windows._EventWorker/_windows.py:195]: Thread started
2025-10-07 17:28:04,486 [INFO] [MainThread] [root/log.py:59]: YASB v1.8.3
2025-10-07 17:28:04,487 [INFO] [Thread-1 (_run_server)] [cli_server/cli_server.py:212]: CLI server started v1.1.2
2025-10-07 17:28:04,488 [INFO] [MainThread] [cli_server/cli_server.py:104]: Log pipe server started
2025-10-07 17:28:04,488 [ERROR] [MainThread] [root/main.py:76]: Another instance of the YASB is already running.
2025-10-07 19:57:43,590 [INFO] [MainThread] [root/controller.py:35]: Exiting Application...
2025-10-07 19:57:43,702 [INFO] [MainThread] [cli_server/cli_server.py:112]: Log pipe server stopped
2025-10-07 19:57:43,702 [DEBUG] [MainThread] [cli_server/cli_server.py:206]: CLI server stopped
2025-10-07 19:57:44,578 [INFO] [MainThread] [root/bar_manager.py:92]: Stopping SystemEventListener...
2025-10-07 19:57:44,578 [INFO] [MainThread] [core.utils.widgets.taskbar.window_manager/window_manager.py:218]: TaskbarWindowManager stopped
2025-10-07 19:57:44,599 [DEBUG] [MainThread] [qasync._windows._EventPoller/_windows.py:220]: Stopping worker thread...
2025-10-07 19:57:44,612 [DEBUG] [Dummy-6] [qasync._windows._EventWorker/_windows.py:204]: Exiting thread
2025-10-07 19:57:44,622 [DEBUG] [MainThread] [qasync._windows._IocpProactor/_windows.py:78]: Closing
2025-10-07 19:59:20,168 [INFO] [MainThread] [root/log.py:59]: YASB v1.8.3
2025-10-07 19:59:20,168 [INFO] [Thread-1 (_run_server)] [cli_server/cli_server.py:212]: CLI server started v1.1.2
2025-10-07 19:59:20,168 [INFO] [MainThread] [cli_server/cli_server.py:104]: Log pipe server started
2025-10-07 19:59:21,274 [DEBUG] [MainThread] [comtypes/__init__.py:149]: CoInitializeEx(None, 2)
2025-10-07 19:59:29,258 [INFO] [MainThread] [core.utils.widgets.taskbar.window_manager/window_manager.py:191]: TaskbarWindowManager is starting...
2025-10-07 19:59:29,266 [INFO] [MainThread] [root/bar_manager.py:85]: Starting SystemEventListener...
2025-10-07 19:59:29,267 [INFO] [MainThread] [root/watcher.py:54]: Created file watcher for path C:\Users\Fahim Rifat\.config\yasb
2025-10-07 19:59:29,346 [DEBUG] [MainThread] [qasync._windows._EventPoller/_windows.py:215]: Starting (proactor: <_IocpProactor overlapped#=0 result#=0>)...
2025-10-07 19:59:29,348 [DEBUG] [Dummy-6] [qasync._windows._EventWorker/_windows.py:195]: Thread started
2025-10-07 19:59:42,486 [INFO] [MainThread] [root/log.py:59]: YASB v1.8.3
2025-10-07 19:59:42,487 [INFO] [Thread-1 (_run_server)] [cli_server/cli_server.py:212]: CLI server started v1.1.2
2025-10-07 19:59:42,488 [INFO] [MainThread] [cli_server/cli_server.py:104]: Log pipe server started
2025-10-07 19:59:42,488 [ERROR] [MainThread] [root/main.py:76]: Another instance of the YASB is already running.
2025-10-07 20:46:06,440 [INFO] [MainThread] [root/controller.py:35]: Exiting Application...
2025-10-07 20:46:06,543 [INFO] [MainThread] [cli_server/cli_server.py:112]: Log pipe server stopped
2025-10-07 20:46:06,543 [DEBUG] [MainThread] [cli_server/cli_server.py:206]: CLI server stopped
2025-10-07 20:46:07,496 [INFO] [MainThread] [root/bar_manager.py:92]: Stopping SystemEventListener...
2025-10-07 20:46:07,498 [INFO] [MainThread] [core.utils.widgets.taskbar.window_manager/window_manager.py:218]: TaskbarWindowManager stopped
2025-10-07 20:46:07,530 [DEBUG] [MainThread] [qasync._windows._EventPoller/_windows.py:220]: Stopping worker thread...
2025-10-07 20:46:07,541 [DEBUG] [Dummy-6] [qasync._windows._EventWorker/_windows.py:204]: Exiting thread
2025-10-07 20:46:07,549 [DEBUG] [MainThread] [qasync._windows._IocpProactor/_windows.py:78]: Closing
2025-10-07 20:49:52,190 [INFO] [MainThread] [root/log.py:59]: YASB v1.8.3
2025-10-07 20:49:52,204 [INFO] [Thread-1 (_run_server)] [cli_server/cli_server.py:212]: CLI server started v1.1.2
2025-10-07 20:49:52,204 [INFO] [MainThread] [cli_server/cli_server.py:104]: Log pipe server started
2025-10-07 20:49:53,289 [DEBUG] [MainThread] [comtypes/__init__.py:149]: CoInitializeEx(None, 2)
2025-10-07 20:50:00,695 [INFO] [MainThread] [core.utils.widgets.taskbar.window_manager/window_manager.py:191]: TaskbarWindowManager is starting...
2025-10-07 20:50:00,704 [INFO] [MainThread] [root/bar_manager.py:85]: Starting SystemEventListener...
2025-10-07 20:50:00,705 [INFO] [MainThread] [root/watcher.py:54]: Created file watcher for path C:\Users\Fahim Rifat\.config\yasb
2025-10-07 20:50:00,806 [DEBUG] [MainThread] [qasync._windows._EventPoller/_windows.py:215]: Starting (proactor: <_IocpProactor overlapped#=0 result#=0>)...
2025-10-07 20:50:00,808 [DEBUG] [Dummy-6] [qasync._windows._EventWorker/_windows.py:195]: Thread started
2025-10-07 20:50:12,038 [INFO] [MainThread] [root/log.py:59]: YASB v1.8.3
2025-10-07 20:50:12,039 [INFO] [Thread-1 (_run_server)] [cli_server/cli_server.py:212]: CLI server started v1.1.2
2025-10-07 20:50:12,040 [INFO] [MainThread] [cli_server/cli_server.py:104]: Log pipe server started
2025-10-07 20:50:12,040 [ERROR] [MainThread] [root/main.py:76]: Another instance of the YASB is already running.
2025-10-07 20:51:15,583 [INFO] [MainThread] [root/controller.py:35]: Exiting Application...
2025-10-07 20:51:15,691 [INFO] [MainThread] [cli_server/cli_server.py:112]: Log pipe server stopped
2025-10-07 20:51:15,691 [DEBUG] [MainThread] [cli_server/cli_server.py:206]: CLI server stopped
2025-10-07 20:51:15,765 [INFO] [MainThread] [root/bar_manager.py:92]: Stopping SystemEventListener...
2025-10-07 20:51:15,766 [INFO] [MainThread] [core.utils.widgets.taskbar.window_manager/window_manager.py:218]: TaskbarWindowManager stopped
2025-10-07 20:51:15,787 [DEBUG] [MainThread] [qasync._windows._EventPoller/_windows.py:220]: Stopping worker thread...
2025-10-07 20:51:15,803 [DEBUG] [Dummy-6] [qasync._windows._EventWorker/_windows.py:204]: Exiting thread
2025-10-07 20:51:15,807 [DEBUG] [MainThread] [qasync._windows._IocpProactor/_windows.py:78]: Closing
2025-10-08 09:37:30,681 [INFO] [MainThread] [root/log.py:59]: YASB v1.8.3
2025-10-08 09:37:30,681 [INFO] [Thread-1 (_run_server)] [cli_server/cli_server.py:212]: CLI server started v1.1.2
2025-10-08 09:37:30,681 [INFO] [MainThread] [cli_server/cli_server.py:104]: Log pipe server started
2025-10-08 09:37:31,271 [DEBUG] [MainThread] [comtypes/__init__.py:149]: CoInitializeEx(None, 2)
2025-10-08 09:37:33,619 [INFO] [MainThread] [core.utils.widgets.taskbar.window_manager/window_manager.py:191]: TaskbarWindowManager is starting...
2025-10-08 09:37:33,626 [INFO] [MainThread] [root/bar_manager.py:85]: Starting SystemEventListener...
2025-10-08 09:37:33,627 [INFO] [MainThread] [root/watcher.py:54]: Created file watcher for path C:\Users\Fahim Rifat\.config\yasb
2025-10-08 09:37:33,693 [DEBUG] [MainThread] [qasync._windows._EventPoller/_windows.py:215]: Starting (proactor: <_IocpProactor overlapped#=0 result#=0>)...
2025-10-08 09:37:33,696 [DEBUG] [Dummy-6] [qasync._windows._EventWorker/_windows.py:195]: Thread started
2025-10-08 09:37:52,954 [INFO] [MainThread] [root/log.py:59]: YASB v1.8.3
2025-10-08 09:37:52,955 [INFO] [Thread-1 (_run_server)] [cli_server/cli_server.py:212]: CLI server started v1.1.2
2025-10-08 09:37:52,956 [INFO] [MainThread] [cli_server/cli_server.py:104]: Log pipe server started
2025-10-08 09:37:52,956 [ERROR] [MainThread] [root/main.py:76]: Another instance of the YASB is already running.
2025-10-08 10:57:38,976 [INFO] [MainThread] [root/bar_manager.py:92]: Stopping SystemEventListener...
2025-10-08 10:57:38,979 [INFO] [MainThread] [core.utils.widgets.taskbar.window_manager/window_manager.py:218]: TaskbarWindowManager stopped
2025-10-08 11:06:40,545 [INFO] [MainThread] [root/log.py:59]: YASB v1.8.3
2025-10-08 11:06:40,545 [INFO] [Thread-1 (_run_server)] [cli_server/cli_server.py:212]: CLI server started v1.1.2
2025-10-08 11:06:40,545 [INFO] [MainThread] [cli_server/cli_server.py:104]: Log pipe server started
2025-10-08 11:06:41,697 [DEBUG] [MainThread] [comtypes/__init__.py:149]: CoInitializeEx(None, 2)
2025-10-08 11:06:49,016 [INFO] [MainThread] [core.utils.widgets.taskbar.window_manager/window_manager.py:191]: TaskbarWindowManager is starting...
2025-10-08 11:06:49,024 [INFO] [MainThread] [root/bar_manager.py:85]: Starting SystemEventListener...
2025-10-08 11:06:49,025 [INFO] [MainThread] [root/watcher.py:54]: Created file watcher for path C:\Users\Fahim Rifat\.config\yasb
2025-10-08 11:06:49,102 [DEBUG] [MainThread] [qasync._windows._EventPoller/_windows.py:215]: Starting (proactor: <_IocpProactor overlapped#=0 result#=0>)...
2025-10-08 11:06:49,104 [DEBUG] [Dummy-6] [qasync._windows._EventWorker/_windows.py:195]: Thread started
2025-10-08 11:07:21,205 [INFO] [MainThread] [root/log.py:59]: YASB v1.8.3
2025-10-08 11:07:21,206 [INFO] [Thread-1 (_run_server)] [cli_server/cli_server.py:212]: CLI server started v1.1.2
2025-10-08 11:07:21,207 [INFO] [MainThread] [cli_server/cli_server.py:104]: Log pipe server started
2025-10-08 11:07:21,208 [ERROR] [MainThread] [root/main.py:76]: Another instance of the YASB is already running.
2025-10-08 12:48:48,163 [INFO] [MainThread] [root/controller.py:35]: Exiting Application...
2025-10-08 12:48:48,277 [INFO] [MainThread] [cli_server/cli_server.py:112]: Log pipe server stopped
2025-10-08 12:48:48,277 [DEBUG] [MainThread] [cli_server/cli_server.py:206]: CLI server stopped
2025-10-08 12:48:49,163 [INFO] [MainThread] [root/bar_manager.py:92]: Stopping SystemEventListener...
2025-10-08 12:48:49,164 [INFO] [MainThread] [core.utils.widgets.taskbar.window_manager/window_manager.py:218]: TaskbarWindowManager stopped
2025-10-08 12:48:49,185 [DEBUG] [MainThread] [qasync._windows._EventPoller/_windows.py:220]: Stopping worker thread...
2025-10-08 12:48:49,195 [DEBUG] [Dummy-6] [qasync._windows._EventWorker/_windows.py:204]: Exiting thread
2025-10-08 12:48:49,204 [DEBUG] [MainThread] [qasync._windows._IocpProactor/_windows.py:78]: Closing
2025-10-08 12:50:24,888 [INFO] [MainThread] [root/log.py:59]: YASB v1.8.3
2025-10-08 12:50:24,888 [INFO] [Thread-1 (_run_server)] [cli_server/cli_server.py:212]: CLI server started v1.1.2
2025-10-08 12:50:24,888 [INFO] [MainThread] [cli_server/cli_server.py:104]: Log pipe server started
2025-10-08 12:50:25,930 [DEBUG] [MainThread] [comtypes/__init__.py:149]: CoInitializeEx(None, 2)
2025-10-08 12:50:33,353 [INFO] [MainThread] [core.utils.widgets.taskbar.window_manager/window_manager.py:191]: TaskbarWindowManager is starting...
2025-10-08 12:50:33,362 [INFO] [MainThread] [root/bar_manager.py:85]: Starting SystemEventListener...
2025-10-08 12:50:33,363 [INFO] [MainThread] [root/watcher.py:54]: Created file watcher for path C:\Users\Fahim Rifat\.config\yasb
2025-10-08 12:50:33,474 [DEBUG] [MainThread] [qasync._windows._EventPoller/_windows.py:215]: Starting (proactor: <_IocpProactor overlapped#=0 result#=0>)...
2025-10-08 12:50:33,476 [DEBUG] [Dummy-6] [qasync._windows._EventWorker/_windows.py:195]: Thread started
2025-10-08 12:50:45,375 [INFO] [MainThread] [root/log.py:59]: YASB v1.8.3
2025-10-08 12:50:45,376 [INFO] [Thread-1 (_run_server)] [cli_server/cli_server.py:212]: CLI server started v1.1.2
2025-10-08 12:50:45,377 [INFO] [MainThread] [cli_server/cli_server.py:104]: Log pipe server started
2025-10-08 12:50:45,377 [ERROR] [MainThread] [root/main.py:76]: Another instance of the YASB is already running.
2025-10-08 12:55:18,139 [INFO] [MainThread] [root/controller.py:15]: Reloading Application from tray...
2025-10-08 12:55:18,253 [INFO] [MainThread] [cli_server/cli_server.py:112]: Log pipe server stopped
2025-10-08 12:55:18,253 [DEBUG] [MainThread] [cli_server/cli_server.py:206]: CLI server stopped
2025-10-08 12:55:19,128 [INFO] [MainThread] [root/bar_manager.py:92]: Stopping SystemEventListener...
2025-10-08 12:55:19,130 [INFO] [MainThread] [core.utils.widgets.taskbar.window_manager/window_manager.py:218]: TaskbarWindowManager stopped
2025-10-08 12:55:19,137 [DEBUG] [MainThread] [qasync._windows._EventPoller/_windows.py:220]: Stopping worker thread...
2025-10-08 12:55:19,144 [DEBUG] [Dummy-6] [qasync._windows._EventWorker/_windows.py:204]: Exiting thread
2025-10-08 12:55:19,149 [DEBUG] [MainThread] [qasync._windows._IocpProactor/_windows.py:78]: Closing
2025-10-08 12:55:21,445 [INFO] [MainThread] [root/log.py:59]: YASB v1.8.3
2025-10-08 12:55:21,447 [INFO] [Thread-1 (_run_server)] [cli_server/cli_server.py:212]: CLI server started v1.1.2
2025-10-08 12:55:21,447 [INFO] [MainThread] [cli_server/cli_server.py:104]: Log pipe server started
2025-10-08 12:56:04,735 [DEBUG] [MainThread] [comtypes/__init__.py:149]: CoInitializeEx(None, 2)
2025-10-08 12:56:09,682 [INFO] [MainThread] [core.utils.widgets.taskbar.window_manager/window_manager.py:191]: TaskbarWindowManager is starting...
2025-10-08 12:56:09,693 [INFO] [MainThread] [root/bar_manager.py:85]: Starting SystemEventListener...
2025-10-08 12:56:09,694 [INFO] [MainThread] [root/watcher.py:54]: Created file watcher for path C:\Users\Fahim Rifat\.config\yasb
2025-10-08 12:56:09,752 [DEBUG] [MainThread] [qasync._windows._EventPoller/_windows.py:215]: Starting (proactor: <_IocpProactor overlapped#=0 result#=0>)...
2025-10-08 12:56:09,754 [DEBUG] [Dummy-6] [qasync._windows._EventWorker/_windows.py:195]: Thread started
2025-10-08 13:01:42,671 [INFO] [MainThread] [root/controller.py:15]: Reloading Application from tray...
2025-10-08 13:01:42,786 [INFO] [MainThread] [cli_server/cli_server.py:112]: Log pipe server stopped
2025-10-08 13:01:42,786 [DEBUG] [MainThread] [cli_server/cli_server.py:206]: CLI server stopped
2025-10-08 13:01:42,848 [INFO] [MainThread] [root/bar_manager.py:92]: Stopping SystemEventListener...
2025-10-08 13:01:42,849 [INFO] [MainThread] [core.utils.widgets.taskbar.window_manager/window_manager.py:218]: TaskbarWindowManager stopped
2025-10-08 13:01:42,858 [DEBUG] [MainThread] [qasync._windows._EventPoller/_windows.py:220]: Stopping worker thread...
2025-10-08 13:01:42,866 [DEBUG] [Dummy-6] [qasync._windows._EventWorker/_windows.py:204]: Exiting thread
2025-10-08 13:01:42,870 [DEBUG] [MainThread] [qasync._windows._IocpProactor/_windows.py:78]: Closing
2025-10-08 13:01:43,403 [INFO] [MainThread] [root/log.py:59]: YASB v1.8.3
2025-10-08 13:01:43,405 [INFO] [Thread-1 (_run_server)] [cli_server/cli_server.py:212]: CLI server started v1.1.2
2025-10-08 13:01:43,405 [INFO] [MainThread] [cli_server/cli_server.py:104]: Log pipe server started
2025-10-08 13:01:43,727 [DEBUG] [MainThread] [comtypes/__init__.py:149]: CoInitializeEx(None, 2)
2025-10-08 13:01:45,046 [INFO] [MainThread] [core.utils.widgets.taskbar.window_manager/window_manager.py:191]: TaskbarWindowManager is starting...
2025-10-08 13:01:45,074 [INFO] [MainThread] [root/bar_manager.py:85]: Starting SystemEventListener...
2025-10-08 13:01:45,074 [INFO] [MainThread] [root/watcher.py:54]: Created file watcher for path C:\Users\Fahim Rifat\.config\yasb
2025-10-08 13:01:45,139 [DEBUG] [MainThread] [qasync._windows._EventPoller/_windows.py:215]: Starting (proactor: <_IocpProactor overlapped#=0 result#=0>)...
2025-10-08 13:01:45,141 [DEBUG] [Dummy-6] [qasync._windows._EventWorker/_windows.py:195]: Thread started
2025-10-08 13:06:36,806 [INFO] [MainThread] [root/controller.py:15]: Reloading Application from tray...
2025-10-08 13:06:36,918 [INFO] [MainThread] [cli_server/cli_server.py:112]: Log pipe server stopped
2025-10-08 13:06:36,918 [DEBUG] [MainThread] [cli_server/cli_server.py:206]: CLI server stopped
2025-10-08 13:06:36,934 [INFO] [MainThread] [root/bar_manager.py:92]: Stopping SystemEventListener...
2025-10-08 13:06:36,936 [INFO] [MainThread] [core.utils.widgets.taskbar.window_manager/window_manager.py:218]: TaskbarWindowManager stopped
2025-10-08 13:06:36,942 [DEBUG] [MainThread] [qasync._windows._EventPoller/_windows.py:220]: Stopping worker thread...
2025-10-08 13:06:36,949 [DEBUG] [Dummy-6] [qasync._windows._EventWorker/_windows.py:204]: Exiting thread
2025-10-08 13:06:36,951 [DEBUG] [MainThread] [qasync._windows._IocpProactor/_windows.py:78]: Closing
2025-10-08 13:06:37,704 [INFO] [MainThread] [root/log.py:59]: YASB v1.8.3
2025-10-08 13:06:37,705 [INFO] [Thread-1 (_run_server)] [cli_server/cli_server.py:212]: CLI server started v1.1.2
2025-10-08 13:06:37,706 [INFO] [MainThread] [cli_server/cli_server.py:104]: Log pipe server started
2025-10-08 13:06:38,105 [DEBUG] [MainThread] [comtypes/__init__.py:149]: CoInitializeEx(None, 2)
2025-10-08 13:06:40,611 [INFO] [MainThread] [core.utils.widgets.taskbar.window_manager/window_manager.py:191]: TaskbarWindowManager is starting...
2025-10-08 13:06:40,619 [INFO] [MainThread] [root/bar_manager.py:85]: Starting SystemEventListener...
2025-10-08 13:06:40,620 [INFO] [MainThread] [root/watcher.py:54]: Created file watcher for path C:\Users\Fahim Rifat\.config\yasb
2025-10-08 13:06:40,693 [DEBUG] [MainThread] [qasync._windows._EventPoller/_windows.py:215]: Starting (proactor: <_IocpProactor overlapped#=0 result#=0>)...
2025-10-08 13:06:40,694 [DEBUG] [Dummy-6] [qasync._windows._EventWorker/_windows.py:195]: Thread started
2025-10-08 13:09:08,344 [INFO] [MainThread] [root/controller.py:15]: Reloading Application because of config change.
2025-10-08 13:09:08,447 [INFO] [MainThread] [cli_server/cli_server.py:112]: Log pipe server stopped
2025-10-08 13:09:08,447 [DEBUG] [MainThread] [cli_server/cli_server.py:206]: CLI server stopped
2025-10-08 13:09:08,457 [INFO] [MainThread] [root/bar_manager.py:76]: Successfully loaded updated config and re-initialised all bars.
2025-10-08 13:09:09,336 [INFO] [MainThread] [root/bar_manager.py:92]: Stopping SystemEventListener...
2025-10-08 13:09:09,339 [INFO] [MainThread] [core.utils.widgets.taskbar.window_manager/window_manager.py:218]: TaskbarWindowManager stopped
2025-10-08 13:09:09,349 [DEBUG] [MainThread] [qasync._windows._EventPoller/_windows.py:220]: Stopping worker thread...
2025-10-08 13:09:09,352 [DEBUG] [Dummy-6] [qasync._windows._EventWorker/_windows.py:204]: Exiting thread
2025-10-08 13:09:09,361 [DEBUG] [MainThread] [qasync._windows._IocpProactor/_windows.py:78]: Closing
2025-10-08 13:09:09,951 [INFO] [MainThread] [root/log.py:59]: YASB v1.8.3
2025-10-08 13:09:09,953 [INFO] [Thread-1 (_run_server)] [cli_server/cli_server.py:212]: CLI server started v1.1.2
2025-10-08 13:09:09,954 [INFO] [MainThread] [cli_server/cli_server.py:104]: Log pipe server started
2025-10-08 13:09:10,307 [DEBUG] [MainThread] [comtypes/__init__.py:149]: CoInitializeEx(None, 2)
2025-10-08 13:09:11,706 [INFO] [MainThread] [core.utils.widgets.taskbar.window_manager/window_manager.py:191]: TaskbarWindowManager is starting...
2025-10-08 13:09:11,715 [INFO] [MainThread] [root/bar_manager.py:85]: Starting SystemEventListener...
2025-10-08 13:09:11,716 [INFO] [MainThread] [root/watcher.py:54]: Created file watcher for path C:\Users\Fahim Rifat\.config\yasb
2025-10-08 13:09:11,792 [DEBUG] [MainThread] [qasync._windows._EventPoller/_windows.py:215]: Starting (proactor: <_IocpProactor overlapped#=0 result#=0>)...
2025-10-08 13:09:11,794 [DEBUG] [Dummy-6] [qasync._windows._EventWorker/_windows.py:195]: Thread started
2025-10-08 13:09:34,910 [INFO] [MainThread] [root/controller.py:15]: Reloading Application because of config change.
2025-10-08 13:09:35,020 [INFO] [MainThread] [cli_server/cli_server.py:112]: Log pipe server stopped
2025-10-08 13:09:35,020 [DEBUG] [MainThread] [cli_server/cli_server.py:206]: CLI server stopped
2025-10-08 13:09:35,028 [INFO] [MainThread] [root/bar_manager.py:76]: Successfully loaded updated config and re-initialised all bars.
2025-10-08 13:09:35,882 [INFO] [MainThread] [root/bar_manager.py:92]: Stopping SystemEventListener...
2025-10-08 13:09:35,885 [INFO] [MainThread] [core.utils.widgets.taskbar.window_manager/window_manager.py:218]: TaskbarWindowManager stopped
2025-10-08 13:09:35,895 [DEBUG] [MainThread] [qasync._windows._EventPoller/_windows.py:220]: Stopping worker thread...
2025-10-08 13:09:35,898 [DEBUG] [Dummy-6] [qasync._windows._EventWorker/_windows.py:204]: Exiting thread
2025-10-08 13:09:35,910 [DEBUG] [MainThread] [qasync._windows._IocpProactor/_windows.py:78]: Closing
2025-10-08 13:09:36,554 [INFO] [MainThread] [root/log.py:59]: YASB v1.8.3
2025-10-08 13:09:36,555 [INFO] [Thread-1 (_run_server)] [cli_server/cli_server.py:212]: CLI server started v1.1.2
2025-10-08 13:09:36,555 [INFO] [MainThread] [cli_server/cli_server.py:104]: Log pipe server started
2025-10-08 13:09:36,920 [DEBUG] [MainThread] [comtypes/__init__.py:149]: CoInitializeEx(None, 2)
2025-10-08 13:09:38,317 [INFO] [MainThread] [core.utils.widgets.taskbar.window_manager/window_manager.py:191]: TaskbarWindowManager is starting...
2025-10-08 13:09:38,327 [INFO] [MainThread] [root/bar_manager.py:85]: Starting SystemEventListener...
2025-10-08 13:09:38,328 [INFO] [MainThread] [root/watcher.py:54]: Created file watcher for path C:\Users\Fahim Rifat\.config\yasb
2025-10-08 13:09:38,395 [DEBUG] [MainThread] [qasync._windows._EventPoller/_windows.py:215]: Starting (proactor: <_IocpProactor overlapped#=0 result#=0>)...
2025-10-08 13:09:38,396 [DEBUG] [Dummy-6] [qasync._windows._EventWorker/_windows.py:195]: Thread started
2025-10-08 13:09:56,438 [INFO] [MainThread] [root/controller.py:15]: Reloading Application because of config change.
2025-10-08 13:09:56,539 [INFO] [MainThread] [cli_server/cli_server.py:112]: Log pipe server stopped
2025-10-08 13:09:56,539 [DEBUG] [MainThread] [cli_server/cli_server.py:206]: CLI server stopped
2025-10-08 13:09:56,550 [INFO] [MainThread] [root/bar_manager.py:76]: Successfully loaded updated config and re-initialised all bars.
2025-10-08 13:09:57,396 [INFO] [MainThread] [root/bar_manager.py:92]: Stopping SystemEventListener...
2025-10-08 13:09:57,399 [INFO] [MainThread] [core.utils.widgets.taskbar.window_manager/window_manager.py:218]: TaskbarWindowManager stopped
2025-10-08 13:09:57,411 [DEBUG] [MainThread] [qasync._windows._EventPoller/_windows.py:220]: Stopping worker thread...
2025-10-08 13:09:57,416 [DEBUG] [Dummy-6] [qasync._windows._EventWorker/_windows.py:204]: Exiting thread
2025-10-08 13:09:57,423 [DEBUG] [MainThread] [qasync._windows._IocpProactor/_windows.py:78]: Closing
2025-10-08 13:09:58,037 [INFO] [MainThread] [root/log.py:59]: YASB v1.8.3
2025-10-08 13:09:58,038 [INFO] [Thread-1 (_run_server)] [cli_server/cli_server.py:212]: CLI server started v1.1.2
2025-10-08 13:09:58,039 [INFO] [MainThread] [cli_server/cli_server.py:104]: Log pipe server started
2025-10-08 13:09:58,393 [DEBUG] [MainThread] [comtypes/__init__.py:149]: CoInitializeEx(None, 2)
2025-10-08 13:09:59,819 [INFO] [MainThread] [core.utils.widgets.taskbar.window_manager/window_manager.py:191]: TaskbarWindowManager is starting...
2025-10-08 13:09:59,827 [INFO] [MainThread] [root/bar_manager.py:85]: Starting SystemEventListener...
2025-10-08 13:09:59,829 [INFO] [MainThread] [root/watcher.py:54]: Created file watcher for path C:\Users\Fahim Rifat\.config\yasb
2025-10-08 13:09:59,898 [DEBUG] [MainThread] [qasync._windows._EventPoller/_windows.py:215]: Starting (proactor: <_IocpProactor overlapped#=0 result#=0>)...
2025-10-08 13:09:59,900 [DEBUG] [Dummy-6] [qasync._windows._EventWorker/_windows.py:195]: Thread started
2025-10-08 13:14:19,033 [INFO] [MainThread] [root/controller.py:15]: Reloading Application because of config change.
2025-10-08 13:14:19,136 [INFO] [MainThread] [cli_server/cli_server.py:112]: Log pipe server stopped
2025-10-08 13:14:19,136 [DEBUG] [MainThread] [cli_server/cli_server.py:206]: CLI server stopped
2025-10-08 13:14:19,146 [INFO] [MainThread] [root/bar_manager.py:76]: Successfully loaded updated config and re-initialised all bars.
2025-10-08 13:14:20,001 [INFO] [MainThread] [root/bar_manager.py:92]: Stopping SystemEventListener...
2025-10-08 13:14:20,003 [INFO] [MainThread] [core.utils.widgets.taskbar.window_manager/window_manager.py:218]: TaskbarWindowManager stopped
2025-10-08 13:14:20,017 [DEBUG] [MainThread] [qasync._windows._EventPoller/_windows.py:220]: Stopping worker thread...
2025-10-08 13:14:20,027 [DEBUG] [Dummy-6] [qasync._windows._EventWorker/_windows.py:204]: Exiting thread
2025-10-08 13:14:20,043 [DEBUG] [MainThread] [qasync._windows._IocpProactor/_windows.py:78]: Closing
2025-10-08 13:14:20,761 [INFO] [MainThread] [root/log.py:59]: YASB v1.8.3
2025-10-08 13:14:20,763 [INFO] [Thread-1 (_run_server)] [cli_server/cli_server.py:212]: CLI server started v1.1.2
2025-10-08 13:14:20,764 [INFO] [MainThread] [cli_server/cli_server.py:104]: Log pipe server started
2025-10-08 13:14:20,765 [INFO] [MainThread] [root/main.py:47]: Waiting for previous YASB instance to exit...
2025-10-08 13:14:21,517 [INFO] [MainThread] [root/main.py:73]: Previous instance exited, continuing startup.
2025-10-08 13:14:21,850 [DEBUG] [MainThread] [comtypes/__init__.py:149]: CoInitializeEx(None, 2)
2025-10-08 13:14:23,442 [INFO] [MainThread] [core.utils.widgets.taskbar.window_manager/window_manager.py:191]: TaskbarWindowManager is starting...
2025-10-08 13:14:23,455 [INFO] [MainThread] [root/bar_manager.py:85]: Starting SystemEventListener...
2025-10-08 13:14:23,455 [INFO] [MainThread] [root/watcher.py:54]: Created file watcher for path C:\Users\Fahim Rifat\.config\yasb
2025-10-08 13:14:23,531 [DEBUG] [MainThread] [qasync._windows._EventPoller/_windows.py:215]: Starting (proactor: <_IocpProactor overlapped#=0 result#=0>)...
2025-10-08 13:14:23,533 [DEBUG] [Dummy-6] [qasync._windows._EventWorker/_windows.py:195]: Thread started
2025-10-08 13:14:46,820 [INFO] [MainThread] [root/controller.py:15]: Reloading Application because of config change.
2025-10-08 13:14:46,933 [INFO] [MainThread] [cli_server/cli_server.py:112]: Log pipe server stopped
2025-10-08 13:14:46,933 [DEBUG] [MainThread] [cli_server/cli_server.py:206]: CLI server stopped
2025-10-08 13:14:46,997 [INFO] [MainThread] [root/bar_manager.py:76]: Successfully loaded updated config and re-initialised all bars.
2025-10-08 13:14:47,059 [INFO] [MainThread] [root/bar_manager.py:92]: Stopping SystemEventListener...
2025-10-08 13:14:47,064 [INFO] [MainThread] [core.utils.widgets.taskbar.window_manager/window_manager.py:218]: TaskbarWindowManager stopped
2025-10-08 13:14:47,093 [DEBUG] [MainThread] [qasync._windows._EventPoller/_windows.py:220]: Stopping worker thread...
2025-10-08 13:14:47,104 [DEBUG] [Dummy-6] [qasync._windows._EventWorker/_windows.py:204]: Exiting thread
2025-10-08 13:14:47,115 [DEBUG] [MainThread] [qasync._windows._IocpProactor/_windows.py:78]: Closing
2025-10-08 13:14:47,749 [INFO] [MainThread] [root/log.py:59]: YASB v1.8.3
2025-10-08 13:14:47,750 [INFO] [Thread-1 (_run_server)] [cli_server/cli_server.py:212]: CLI server started v1.1.2
2025-10-08 13:14:47,751 [INFO] [MainThread] [cli_server/cli_server.py:104]: Log pipe server started
2025-10-08 13:14:48,107 [DEBUG] [MainThread] [comtypes/__init__.py:149]: CoInitializeEx(None, 2)
2025-10-08 13:14:49,639 [INFO] [MainThread] [core.utils.widgets.taskbar.window_manager/window_manager.py:191]: TaskbarWindowManager is starting...
2025-10-08 13:14:49,649 [INFO] [MainThread] [root/bar_manager.py:85]: Starting SystemEventListener...
2025-10-08 13:14:49,651 [INFO] [MainThread] [root/watcher.py:54]: Created file watcher for path C:\Users\Fahim Rifat\.config\yasb
2025-10-08 13:14:49,723 [DEBUG] [MainThread] [qasync._windows._EventPoller/_windows.py:215]: Starting (proactor: <_IocpProactor overlapped#=0 result#=0>)...
2025-10-08 13:14:49,725 [DEBUG] [Dummy-6] [qasync._windows._EventWorker/_windows.py:195]: Thread started
2025-10-08 13:15:09,758 [INFO] [MainThread] [root/controller.py:15]: Reloading Application because of config change.
2025-10-08 13:15:09,865 [INFO] [MainThread] [cli_server/cli_server.py:112]: Log pipe server stopped
2025-10-08 13:15:09,865 [DEBUG] [MainThread] [cli_server/cli_server.py:206]: CLI server stopped
2025-10-08 13:15:09,875 [INFO] [MainThread] [root/bar_manager.py:76]: Successfully loaded updated config and re-initialised all bars.
2025-10-08 13:15:10,757 [INFO] [MainThread] [root/bar_manager.py:92]: Stopping SystemEventListener...
2025-10-08 13:15:10,760 [INFO] [MainThread] [core.utils.widgets.taskbar.window_manager/window_manager.py:218]: TaskbarWindowManager stopped
2025-10-08 13:15:10,779 [DEBUG] [MainThread] [qasync._windows._EventPoller/_windows.py:220]: Stopping worker thread...
2025-10-08 13:15:10,788 [DEBUG] [Dummy-6] [qasync._windows._EventWorker/_windows.py:204]: Exiting thread
2025-10-08 13:15:10,799 [DEBUG] [MainThread] [qasync._windows._IocpProactor/_windows.py:78]: Closing
2025-10-08 13:15:11,479 [INFO] [MainThread] [root/log.py:59]: YASB v1.8.3
2025-10-08 13:15:11,481 [INFO] [Thread-1 (_run_server)] [cli_server/cli_server.py:212]: CLI server started v1.1.2
2025-10-08 13:15:11,482 [INFO] [MainThread] [cli_server/cli_server.py:104]: Log pipe server started
2025-10-08 13:15:11,841 [DEBUG] [MainThread] [comtypes/__init__.py:149]: CoInitializeEx(None, 2)
2025-10-08 13:15:13,391 [INFO] [MainThread] [core.utils.widgets.taskbar.window_manager/window_manager.py:191]: TaskbarWindowManager is starting...
2025-10-08 13:15:13,401 [INFO] [MainThread] [root/bar_manager.py:85]: Starting SystemEventListener...
2025-10-08 13:15:13,402 [INFO] [MainThread] [root/watcher.py:54]: Created file watcher for path C:\Users\Fahim Rifat\.config\yasb
2025-10-08 13:15:13,476 [DEBUG] [MainThread] [qasync._windows._EventPoller/_windows.py:215]: Starting (proactor: <_IocpProactor overlapped#=0 result#=0>)...
2025-10-08 13:15:13,479 [DEBUG] [Dummy-6] [qasync._windows._EventWorker/_windows.py:195]: Thread started
2025-10-08 13:15:17,944 [INFO] [MainThread] [root/controller.py:15]: Reloading Application because of config change.
2025-10-08 13:15:18,047 [INFO] [MainThread] [cli_server/cli_server.py:112]: Log pipe server stopped
2025-10-08 13:15:18,047 [DEBUG] [MainThread] [cli_server/cli_server.py:206]: CLI server stopped
2025-10-08 13:15:18,056 [INFO] [MainThread] [root/bar_manager.py:76]: Successfully loaded updated config and re-initialised all bars.
2025-10-08 13:15:18,119 [INFO] [MainThread] [root/bar_manager.py:92]: Stopping SystemEventListener...
2025-10-08 13:15:18,123 [INFO] [MainThread] [core.utils.widgets.taskbar.window_manager/window_manager.py:218]: TaskbarWindowManager stopped
2025-10-08 13:15:18,140 [DEBUG] [MainThread] [qasync._windows._EventPoller/_windows.py:220]: Stopping worker thread...
2025-10-08 13:15:18,155 [DEBUG] [Dummy-6] [qasync._windows._EventWorker/_windows.py:204]: Exiting thread
2025-10-08 13:15:18,163 [DEBUG] [MainThread] [qasync._windows._IocpProactor/_windows.py:78]: Closing
2025-10-08 13:15:18,818 [INFO] [MainThread] [root/log.py:59]: YASB v1.8.3
2025-10-08 13:15:18,819 [INFO] [Thread-1 (_run_server)] [cli_server/cli_server.py:212]: CLI server started v1.1.2
2025-10-08 13:15:18,820 [INFO] [MainThread] [cli_server/cli_server.py:104]: Log pipe server started
2025-10-08 13:15:19,168 [DEBUG] [MainThread] [comtypes/__init__.py:149]: CoInitializeEx(None, 2)
2025-10-08 13:15:20,684 [INFO] [MainThread] [core.utils.widgets.taskbar.window_manager/window_manager.py:191]: TaskbarWindowManager is starting...
2025-10-08 13:15:20,694 [INFO] [MainThread] [root/bar_manager.py:85]: Starting SystemEventListener...
2025-10-08 13:15:20,695 [INFO] [MainThread] [root/watcher.py:54]: Created file watcher for path C:\Users\Fahim Rifat\.config\yasb
2025-10-08 13:15:20,773 [DEBUG] [MainThread] [qasync._windows._EventPoller/_windows.py:215]: Starting (proactor: <_IocpProactor overlapped#=0 result#=0>)...
2025-10-08 13:15:20,775 [DEBUG] [Dummy-6] [qasync._windows._EventWorker/_windows.py:195]: Thread started
2025-10-08 13:20:05,486 [INFO] [MainThread] [root/controller.py:15]: Reloading Application because of config change.
2025-10-08 13:20:05,600 [INFO] [MainThread] [cli_server/cli_server.py:112]: Log pipe server stopped
2025-10-08 13:20:05,600 [DEBUG] [MainThread] [cli_server/cli_server.py:206]: CLI server stopped
2025-10-08 13:20:05,663 [INFO] [MainThread] [root/bar_manager.py:76]: Successfully loaded updated config and re-initialised all bars.
2025-10-08 13:20:06,566 [INFO] [MainThread] [root/bar_manager.py:92]: Stopping SystemEventListener...
2025-10-08 13:20:06,570 [INFO] [MainThread] [core.utils.widgets.taskbar.window_manager/window_manager.py:218]: TaskbarWindowManager stopped
2025-10-08 13:20:06,578 [DEBUG] [MainThread] [qasync._windows._EventPoller/_windows.py:220]: Stopping worker thread...
2025-10-08 13:20:06,586 [DEBUG] [Dummy-6] [qasync._windows._EventWorker/_windows.py:204]: Exiting thread
2025-10-08 13:20:06,594 [DEBUG] [MainThread] [qasync._windows._IocpProactor/_windows.py:78]: Closing
2025-10-08 13:20:07,322 [INFO] [MainThread] [root/log.py:59]: YASB v1.8.3
2025-10-08 13:20:07,323 [INFO] [Thread-1 (_run_server)] [cli_server/cli_server.py:212]: CLI server started v1.1.2
2025-10-08 13:20:07,324 [INFO] [MainThread] [cli_server/cli_server.py:104]: Log pipe server started
2025-10-08 13:20:07,672 [DEBUG] [MainThread] [comtypes/__init__.py:149]: CoInitializeEx(None, 2)
2025-10-08 13:20:09,148 [INFO] [MainThread] [core.utils.widgets.taskbar.window_manager/window_manager.py:191]: TaskbarWindowManager is starting...
2025-10-08 13:20:09,157 [INFO] [MainThread] [root/bar_manager.py:85]: Starting SystemEventListener...
2025-10-08 13:20:09,158 [INFO] [MainThread] [root/watcher.py:54]: Created file watcher for path C:\Users\Fahim Rifat\.config\yasb
2025-10-08 13:20:09,223 [DEBUG] [MainThread] [qasync._windows._EventPoller/_windows.py:215]: Starting (proactor: <_IocpProactor overlapped#=0 result#=0>)...
2025-10-08 13:20:09,224 [DEBUG] [Dummy-6] [qasync._windows._EventWorker/_windows.py:195]: Thread started
2025-10-08 13:20:12,943 [INFO] [MainThread] [root/controller.py:15]: Reloading Application because of config change.
2025-10-08 13:20:13,050 [INFO] [MainThread] [cli_server/cli_server.py:112]: Log pipe server stopped
2025-10-08 13:20:13,050 [DEBUG] [MainThread] [cli_server/cli_server.py:206]: CLI server stopped
2025-10-08 13:20:13,059 [INFO] [MainThread] [root/bar_manager.py:76]: Successfully loaded updated config and re-initialised all bars.
2025-10-08 13:20:13,121 [INFO] [MainThread] [root/bar_manager.py:92]: Stopping SystemEventListener...
2025-10-08 13:20:13,127 [INFO] [MainThread] [core.utils.widgets.taskbar.window_manager/window_manager.py:218]: TaskbarWindowManager stopped
2025-10-08 13:20:13,145 [DEBUG] [MainThread] [qasync._windows._EventPoller/_windows.py:220]: Stopping worker thread...
2025-10-08 13:20:13,159 [DEBUG] [Dummy-6] [qasync._windows._EventWorker/_windows.py:204]: Exiting thread
2025-10-08 13:20:13,169 [DEBUG] [MainThread] [qasync._windows._IocpProactor/_windows.py:78]: Closing
2025-10-08 13:20:13,826 [INFO] [MainThread] [root/log.py:59]: YASB v1.8.3
2025-10-08 13:20:13,828 [INFO] [Thread-1 (_run_server)] [cli_server/cli_server.py:212]: CLI server started v1.1.2
2025-10-08 13:20:13,829 [INFO] [MainThread] [cli_server/cli_server.py:104]: Log pipe server started
2025-10-08 13:20:14,190 [DEBUG] [MainThread] [comtypes/__init__.py:149]: CoInitializeEx(None, 2)
2025-10-08 13:20:15,651 [INFO] [MainThread] [core.utils.widgets.taskbar.window_manager/window_manager.py:191]: TaskbarWindowManager is starting...
2025-10-08 13:20:15,663 [INFO] [MainThread] [root/bar_manager.py:85]: Starting SystemEventListener...
2025-10-08 13:20:15,664 [INFO] [MainThread] [root/watcher.py:54]: Created file watcher for path C:\Users\Fahim Rifat\.config\yasb
2025-10-08 13:20:15,729 [DEBUG] [MainThread] [qasync._windows._EventPoller/_windows.py:215]: Starting (proactor: <_IocpProactor overlapped#=0 result#=0>)...
2025-10-08 13:20:15,730 [DEBUG] [Dummy-6] [qasync._windows._EventWorker/_windows.py:195]: Thread started
2025-10-08 13:21:54,954 [INFO] [MainThread] [root/controller.py:15]: Reloading Application because of config change.
2025-10-08 13:21:55,061 [INFO] [MainThread] [cli_server/cli_server.py:112]: Log pipe server stopped
2025-10-08 13:21:55,061 [DEBUG] [MainThread] [cli_server/cli_server.py:206]: CLI server stopped
2025-10-08 13:21:55,071 [INFO] [MainThread] [root/bar_manager.py:76]: Successfully loaded updated config and re-initialised all bars.
2025-10-08 13:21:55,260 [INFO] [MainThread] [root/bar_manager.py:92]: Stopping SystemEventListener...
2025-10-08 13:21:55,263 [INFO] [MainThread] [core.utils.widgets.taskbar.window_manager/window_manager.py:218]: TaskbarWindowManager stopped
2025-10-08 13:21:55,282 [DEBUG] [MainThread] [qasync._windows._EventPoller/_windows.py:220]: Stopping worker thread...
2025-10-08 13:21:55,296 [DEBUG] [Dummy-6] [qasync._windows._EventWorker/_windows.py:204]: Exiting thread
2025-10-08 13:21:55,305 [DEBUG] [MainThread] [qasync._windows._IocpProactor/_windows.py:78]: Closing
2025-10-08 13:21:55,963 [INFO] [MainThread] [root/log.py:59]: YASB v1.8.3
2025-10-08 13:21:55,964 [INFO] [Thread-1 (_run_server)] [cli_server/cli_server.py:212]: CLI server started v1.1.2
2025-10-08 13:21:55,965 [INFO] [MainThread] [cli_server/cli_server.py:104]: Log pipe server started
2025-10-08 13:21:56,310 [DEBUG] [MainThread] [comtypes/__init__.py:149]: CoInitializeEx(None, 2)
2025-10-08 13:21:57,808 [INFO] [MainThread] [core.utils.widgets.taskbar.window_manager/window_manager.py:191]: TaskbarWindowManager is starting...
2025-10-08 13:21:57,818 [INFO] [MainThread] [root/bar_manager.py:85]: Starting SystemEventListener...
2025-10-08 13:21:57,819 [INFO] [MainThread] [root/watcher.py:54]: Created file watcher for path C:\Users\Fahim Rifat\.config\yasb
2025-10-08 13:21:57,885 [DEBUG] [MainThread] [qasync._windows._EventPoller/_windows.py:215]: Starting (proactor: <_IocpProactor overlapped#=0 result#=0>)...
2025-10-08 13:21:57,887 [DEBUG] [Dummy-6] [qasync._windows._EventWorker/_windows.py:195]: Thread started
2025-10-08 13:22:39,587 [INFO] [MainThread] [root/controller.py:15]: Reloading Application because of config change.
2025-10-08 13:22:39,700 [INFO] [MainThread] [cli_server/cli_server.py:112]: Log pipe server stopped
2025-10-08 13:22:39,700 [DEBUG] [MainThread] [cli_server/cli_server.py:206]: CLI server stopped
2025-10-08 13:22:39,711 [INFO] [MainThread] [root/bar_manager.py:76]: Successfully loaded updated config and re-initialised all bars.
2025-10-08 13:22:40,617 [INFO] [MainThread] [root/bar_manager.py:92]: Stopping SystemEventListener...
2025-10-08 13:22:40,622 [INFO] [MainThread] [core.utils.widgets.taskbar.window_manager/window_manager.py:218]: TaskbarWindowManager stopped
2025-10-08 13:22:40,645 [DEBUG] [MainThread] [qasync._windows._EventPoller/_windows.py:220]: Stopping worker thread...
2025-10-08 13:22:40,649 [DEBUG] [Dummy-6] [qasync._windows._EventWorker/_windows.py:204]: Exiting thread
2025-10-08 13:22:40,659 [DEBUG] [MainThread] [qasync._windows._IocpProactor/_windows.py:78]: Closing
2025-10-08 13:22:41,365 [INFO] [MainThread] [root/log.py:59]: YASB v1.8.3
2025-10-08 13:22:41,367 [INFO] [Thread-1 (_run_server)] [cli_server/cli_server.py:212]: CLI server started v1.1.2
2025-10-08 13:22:41,368 [INFO] [MainThread] [cli_server/cli_server.py:104]: Log pipe server started
2025-10-08 13:22:41,702 [DEBUG] [MainThread] [comtypes/__init__.py:149]: CoInitializeEx(None, 2)
2025-10-08 13:22:43,211 [INFO] [MainThread] [core.utils.widgets.taskbar.window_manager/window_manager.py:191]: TaskbarWindowManager is starting...
2025-10-08 13:22:43,223 [INFO] [MainThread] [root/bar_manager.py:85]: Starting SystemEventListener...
2025-10-08 13:22:43,224 [INFO] [MainThread] [root/watcher.py:54]: Created file watcher for path C:\Users\Fahim Rifat\.config\yasb
2025-10-08 13:22:43,291 [DEBUG] [MainThread] [qasync._windows._EventPoller/_windows.py:215]: Starting (proactor: <_IocpProactor overlapped#=0 result#=0>)...
2025-10-08 13:22:43,293 [DEBUG] [Dummy-6] [qasync._windows._EventWorker/_windows.py:195]: Thread started
2025-10-08 13:23:04,539 [INFO] [MainThread] [root/controller.py:15]: Reloading Application because of config change.
2025-10-08 13:23:04,642 [INFO] [MainThread] [cli_server/cli_server.py:112]: Log pipe server stopped
2025-10-08 13:23:04,642 [DEBUG] [MainThread] [cli_server/cli_server.py:206]: CLI server stopped
2025-10-08 13:23:04,652 [INFO] [MainThread] [root/bar_manager.py:76]: Successfully loaded updated config and re-initialised all bars.
2025-10-08 13:23:05,536 [INFO] [MainThread] [root/bar_manager.py:92]: Stopping SystemEventListener...
2025-10-08 13:23:05,538 [INFO] [MainThread] [core.utils.widgets.taskbar.window_manager/window_manager.py:218]: TaskbarWindowManager stopped
2025-10-08 13:23:05,555 [DEBUG] [MainThread] [qasync._windows._EventPoller/_windows.py:220]: Stopping worker thread...
2025-10-08 13:23:05,568 [DEBUG] [Dummy-6] [qasync._windows._EventWorker/_windows.py:204]: Exiting thread
2025-10-08 13:23:05,576 [DEBUG] [MainThread] [qasync._windows._IocpProactor/_windows.py:78]: Closing
2025-10-08 13:23:06,234 [INFO] [MainThread] [root/log.py:59]: YASB v1.8.3
2025-10-08 13:23:06,235 [INFO] [Thread-1 (_run_server)] [cli_server/cli_server.py:212]: CLI server started v1.1.2
2025-10-08 13:23:06,236 [INFO] [MainThread] [cli_server/cli_server.py:104]: Log pipe server started
2025-10-08 13:23:06,570 [DEBUG] [MainThread] [comtypes/__init__.py:149]: CoInitializeEx(None, 2)
2025-10-08 13:23:08,186 [INFO] [MainThread] [core.utils.widgets.taskbar.window_manager/window_manager.py:191]: TaskbarWindowManager is starting...
2025-10-08 13:23:08,195 [INFO] [MainThread] [root/bar_manager.py:85]: Starting SystemEventListener...
2025-10-08 13:23:08,195 [INFO] [MainThread] [root/watcher.py:54]: Created file watcher for path C:\Users\Fahim Rifat\.config\yasb
2025-10-08 13:23:08,262 [DEBUG] [MainThread] [qasync._windows._EventPoller/_windows.py:215]: Starting (proactor: <_IocpProactor overlapped#=0 result#=0>)...
2025-10-08 13:23:08,264 [DEBUG] [Dummy-6] [qasync._windows._EventWorker/_windows.py:195]: Thread started
2025-10-08 13:24:16,280 [INFO] [MainThread] [root/controller.py:15]: Reloading Application because of config change.
2025-10-08 13:24:16,388 [INFO] [MainThread] [cli_server/cli_server.py:112]: Log pipe server stopped
2025-10-08 13:24:16,388 [DEBUG] [MainThread] [cli_server/cli_server.py:206]: CLI server stopped
2025-10-08 13:24:16,401 [INFO] [MainThread] [root/bar_manager.py:76]: Successfully loaded updated config and re-initialised all bars.
2025-10-08 13:24:17,270 [INFO] [MainThread] [root/bar_manager.py:92]: Stopping SystemEventListener...
2025-10-08 13:24:17,274 [INFO] [MainThread] [core.utils.widgets.taskbar.window_manager/window_manager.py:218]: TaskbarWindowManager stopped
2025-10-08 13:24:17,292 [DEBUG] [MainThread] [qasync._windows._EventPoller/_windows.py:220]: Stopping worker thread...
2025-10-08 13:24:17,294 [DEBUG] [Dummy-6] [qasync._windows._EventWorker/_windows.py:204]: Exiting thread
2025-10-08 13:24:17,311 [DEBUG] [MainThread] [qasync._windows._IocpProactor/_windows.py:78]: Closing
2025-10-08 13:24:17,988 [INFO] [MainThread] [root/log.py:59]: YASB v1.8.3
2025-10-08 13:24:17,989 [INFO] [Thread-1 (_run_server)] [cli_server/cli_server.py:212]: CLI server started v1.1.2
2025-10-08 13:24:17,990 [INFO] [MainThread] [cli_server/cli_server.py:104]: Log pipe server started
2025-10-08 13:24:18,328 [DEBUG] [MainThread] [comtypes/__init__.py:149]: CoInitializeEx(None, 2)
2025-10-08 13:24:19,884 [INFO] [MainThread] [core.utils.widgets.taskbar.window_manager/window_manager.py:191]: TaskbarWindowManager is starting...
2025-10-08 13:24:19,894 [INFO] [MainThread] [root/bar_manager.py:85]: Starting SystemEventListener...
2025-10-08 13:24:19,894 [INFO] [MainThread] [root/watcher.py:54]: Created file watcher for path C:\Users\Fahim Rifat\.config\yasb
2025-10-08 13:24:19,959 [DEBUG] [MainThread] [qasync._windows._EventPoller/_windows.py:215]: Starting (proactor: <_IocpProactor overlapped#=0 result#=0>)...
2025-10-08 13:24:19,961 [DEBUG] [Dummy-6] [qasync._windows._EventWorker/_windows.py:195]: Thread started
2025-10-08 13:37:29,101 [INFO] [MainThread] [root/controller.py:15]: Reloading Application because of config change.
2025-10-08 13:37:29,204 [INFO] [MainThread] [cli_server/cli_server.py:112]: Log pipe server stopped
2025-10-08 13:37:29,204 [DEBUG] [MainThread] [cli_server/cli_server.py:206]: CLI server stopped
2025-10-08 13:37:29,251 [INFO] [MainThread] [root/bar_manager.py:76]: Successfully loaded updated config and re-initialised all bars.
2025-10-08 13:37:30,122 [INFO] [MainThread] [root/bar_manager.py:92]: Stopping SystemEventListener...
2025-10-08 13:37:30,128 [INFO] [MainThread] [core.utils.widgets.taskbar.window_manager/window_manager.py:218]: TaskbarWindowManager stopped
2025-10-08 13:37:30,141 [DEBUG] [MainThread] [qasync._windows._EventPoller/_windows.py:220]: Stopping worker thread...
2025-10-08 13:37:30,144 [DEBUG] [Dummy-6] [qasync._windows._EventWorker/_windows.py:204]: Exiting thread
2025-10-08 13:37:30,158 [DEBUG] [MainThread] [qasync._windows._IocpProactor/_windows.py:78]: Closing
2025-10-08 13:37:30,782 [INFO] [MainThread] [root/log.py:59]: YASB v1.8.3
2025-10-08 13:37:30,784 [INFO] [Thread-1 (_run_server)] [cli_server/cli_server.py:212]: CLI server started v1.1.2
2025-10-08 13:37:30,784 [INFO] [MainThread] [cli_server/cli_server.py:104]: Log pipe server started
2025-10-08 13:37:31,124 [DEBUG] [MainThread] [comtypes/__init__.py:149]: CoInitializeEx(None, 2)
2025-10-08 13:37:32,468 [INFO] [MainThread] [core.utils.widgets.taskbar.window_manager/window_manager.py:191]: TaskbarWindowManager is starting...
2025-10-08 13:37:32,478 [INFO] [MainThread] [root/bar_manager.py:85]: Starting SystemEventListener...
2025-10-08 13:37:32,480 [INFO] [MainThread] [root/watcher.py:54]: Created file watcher for path C:\Users\Fahim Rifat\.config\yasb
2025-10-08 13:37:32,549 [DEBUG] [MainThread] [qasync._windows._EventPoller/_windows.py:215]: Starting (proactor: <_IocpProactor overlapped#=0 result#=0>)...
2025-10-08 13:37:32,551 [DEBUG] [Dummy-6] [qasync._windows._EventWorker/_windows.py:195]: Thread started
2025-10-08 13:38:14,412 [INFO] [MainThread] [root/controller.py:35]: Exiting Application...
2025-10-08 13:38:14,518 [INFO] [MainThread] [cli_server/cli_server.py:112]: Log pipe server stopped
2025-10-08 13:38:14,518 [DEBUG] [MainThread] [cli_server/cli_server.py:206]: CLI server stopped
2025-10-08 13:38:15,423 [INFO] [MainThread] [root/bar_manager.py:92]: Stopping SystemEventListener...
2025-10-08 13:38:15,423 [INFO] [MainThread] [core.utils.widgets.taskbar.window_manager/window_manager.py:218]: TaskbarWindowManager stopped
2025-10-08 13:38:15,444 [DEBUG] [MainThread] [qasync._windows._EventPoller/_windows.py:220]: Stopping worker thread...
2025-10-08 13:38:15,455 [DEBUG] [Dummy-6] [qasync._windows._EventWorker/_windows.py:204]: Exiting thread
2025-10-08 13:38:15,464 [DEBUG] [MainThread] [qasync._windows._IocpProactor/_windows.py:78]: Closing
2025-10-08 13:40:14,718 [INFO] [MainThread] [root/log.py:59]: YASB v1.8.3
2025-10-08 13:40:14,718 [INFO] [Thread-1 (_run_server)] [cli_server/cli_server.py:212]: CLI server started v1.1.2
2025-10-08 13:40:14,718 [INFO] [MainThread] [cli_server/cli_server.py:104]: Log pipe server started
2025-10-08 13:40:15,551 [DEBUG] [MainThread] [comtypes/__init__.py:149]: CoInitializeEx(None, 2)
2025-10-08 13:40:23,221 [INFO] [MainThread] [core.utils.widgets.taskbar.window_manager/window_manager.py:191]: TaskbarWindowManager is starting...
2025-10-08 13:40:23,231 [INFO] [MainThread] [root/bar_manager.py:85]: Starting SystemEventListener...
2025-10-08 13:40:23,234 [INFO] [MainThread] [root/watcher.py:54]: Created file watcher for path C:\Users\Fahim Rifat\.config\yasb
2025-10-08 13:40:23,320 [DEBUG] [MainThread] [qasync._windows._EventPoller/_windows.py:215]: Starting (proactor: <_IocpProactor overlapped#=0 result#=0>)...
2025-10-08 13:40:23,321 [DEBUG] [Dummy-6] [qasync._windows._EventWorker/_windows.py:195]: Thread started
2025-10-08 13:40:31,909 [INFO] [MainThread] [root/log.py:59]: YASB v1.8.3
2025-10-08 13:40:31,911 [INFO] [Thread-1 (_run_server)] [cli_server/cli_server.py:212]: CLI server started v1.1.2
2025-10-08 13:40:31,912 [INFO] [MainThread] [cli_server/cli_server.py:104]: Log pipe server started
2025-10-08 13:40:31,912 [ERROR] [MainThread] [root/main.py:76]: Another instance of the YASB is already running.
2025-10-08 15:36:59,908 [INFO] [MainThread] [root/controller.py:35]: Exiting Application...
2025-10-08 15:37:00,008 [INFO] [MainThread] [cli_server/cli_server.py:112]: Log pipe server stopped
2025-10-08 15:37:00,008 [DEBUG] [MainThread] [cli_server/cli_server.py:206]: CLI server stopped
2025-10-08 15:37:00,881 [INFO] [MainThread] [root/bar_manager.py:92]: Stopping SystemEventListener...
2025-10-08 15:37:00,882 [INFO] [MainThread] [core.utils.widgets.taskbar.window_manager/window_manager.py:218]: TaskbarWindowManager stopped
2025-10-08 15:37:00,900 [DEBUG] [MainThread] [qasync._windows._EventPoller/_windows.py:220]: Stopping worker thread...
2025-10-08 15:37:00,905 [DEBUG] [Dummy-6] [qasync._windows._EventWorker/_windows.py:204]: Exiting thread
2025-10-08 15:37:00,911 [DEBUG] [MainThread] [qasync._windows._IocpProactor/_windows.py:78]: Closing
2025-10-08 18:29:19,496 [INFO] [MainThread] [root/log.py:59]: YASB v1.8.3
2025-10-08 18:29:19,496 [INFO] [Thread-1 (_run_server)] [cli_server/cli_server.py:212]: CLI server started v1.1.2
2025-10-08 18:29:19,496 [INFO] [MainThread] [cli_server/cli_server.py:104]: Log pipe server started
2025-10-08 18:29:20,315 [DEBUG] [MainThread] [comtypes/__init__.py:149]: CoInitializeEx(None, 2)
2025-10-08 18:29:28,060 [INFO] [MainThread] [core.utils.widgets.taskbar.window_manager/window_manager.py:191]: TaskbarWindowManager is starting...
2025-10-08 18:29:28,068 [INFO] [MainThread] [root/bar_manager.py:85]: Starting SystemEventListener...
2025-10-08 18:29:28,070 [INFO] [MainThread] [root/watcher.py:54]: Created file watcher for path C:\Users\Fahim Rifat\.config\yasb
2025-10-08 18:29:28,177 [DEBUG] [MainThread] [qasync._windows._EventPoller/_windows.py:215]: Starting (proactor: <_IocpProactor overlapped#=0 result#=0>)...
2025-10-08 18:29:28,180 [DEBUG] [Dummy-6] [qasync._windows._EventWorker/_windows.py:195]: Thread started
2025-10-08 18:29:37,983 [INFO] [MainThread] [root/log.py:59]: YASB v1.8.3
2025-10-08 18:29:37,984 [INFO] [Thread-1 (_run_server)] [cli_server/cli_server.py:212]: CLI server started v1.1.2
2025-10-08 18:29:37,985 [INFO] [MainThread] [cli_server/cli_server.py:104]: Log pipe server started
2025-10-08 18:29:37,985 [ERROR] [MainThread] [root/main.py:76]: Another instance of the YASB is already running.
2025-10-08 19:34:18,069 [INFO] [MainThread] [root/controller.py:15]: Reloading Application because of config change.
2025-10-08 19:34:18,172 [INFO] [MainThread] [cli_server/cli_server.py:112]: Log pipe server stopped
2025-10-08 19:34:18,172 [DEBUG] [MainThread] [cli_server/cli_server.py:206]: CLI server stopped
2025-10-08 19:34:18,197 [INFO] [MainThread] [root/bar_manager.py:76]: Successfully loaded updated config and re-initialised all bars.
2025-10-08 19:34:19,093 [INFO] [MainThread] [root/bar_manager.py:92]: Stopping SystemEventListener...
2025-10-08 19:34:19,095 [INFO] [MainThread] [core.utils.widgets.taskbar.window_manager/window_manager.py:218]: TaskbarWindowManager stopped
2025-10-08 19:34:19,112 [DEBUG] [MainThread] [qasync._windows._EventPoller/_windows.py:220]: Stopping worker thread...
2025-10-08 19:34:19,122 [DEBUG] [Dummy-6] [qasync._windows._EventWorker/_windows.py:204]: Exiting thread
2025-10-08 19:34:19,132 [DEBUG] [MainThread] [qasync._windows._IocpProactor/_windows.py:78]: Closing
2025-10-08 19:34:19,833 [INFO] [MainThread] [root/log.py:59]: YASB v1.8.3
2025-10-08 19:34:19,835 [INFO] [Thread-1 (_run_server)] [cli_server/cli_server.py:212]: CLI server started v1.1.2
2025-10-08 19:34:19,836 [INFO] [MainThread] [cli_server/cli_server.py:104]: Log pipe server started
2025-10-08 19:34:20,182 [DEBUG] [MainThread] [comtypes/__init__.py:149]: CoInitializeEx(None, 2)
2025-10-08 19:34:21,921 [INFO] [MainThread] [core.utils.widgets.taskbar.window_manager/window_manager.py:191]: TaskbarWindowManager is starting...
2025-10-08 19:34:21,931 [INFO] [MainThread] [root/bar_manager.py:85]: Starting SystemEventListener...
2025-10-08 19:34:21,931 [INFO] [MainThread] [root/watcher.py:54]: Created file watcher for path C:\Users\Fahim Rifat\.config\yasb
2025-10-08 19:34:22,001 [DEBUG] [MainThread] [qasync._windows._EventPoller/_windows.py:215]: Starting (proactor: <_IocpProactor overlapped#=0 result#=0>)...
2025-10-08 19:34:22,002 [DEBUG] [Dummy-6] [qasync._windows._EventWorker/_windows.py:195]: Thread started
2025-10-08 19:35:22,332 [INFO] [MainThread] [root/controller.py:15]: Reloading Application because of config change.
2025-10-08 19:35:22,439 [INFO] [MainThread] [cli_server/cli_server.py:112]: Log pipe server stopped
2025-10-08 19:35:22,439 [DEBUG] [MainThread] [cli_server/cli_server.py:206]: CLI server stopped
2025-10-08 19:35:22,448 [INFO] [MainThread] [root/bar_manager.py:76]: Successfully loaded updated config and re-initialised all bars.
2025-10-08 19:35:23,318 [INFO] [MainThread] [root/bar_manager.py:92]: Stopping SystemEventListener...
2025-10-08 19:35:23,322 [INFO] [MainThread] [core.utils.widgets.taskbar.window_manager/window_manager.py:218]: TaskbarWindowManager stopped
2025-10-08 19:35:23,337 [DEBUG] [MainThread] [qasync._windows._EventPoller/_windows.py:220]: Stopping worker thread...
2025-10-08 19:35:23,342 [DEBUG] [Dummy-6] [qasync._windows._EventWorker/_windows.py:204]: Exiting thread
2025-10-08 19:35:23,353 [DEBUG] [MainThread] [qasync._windows._IocpProactor/_windows.py:78]: Closing
2025-10-08 19:35:23,988 [INFO] [MainThread] [root/log.py:59]: YASB v1.8.3
2025-10-08 19:35:23,990 [INFO] [Thread-1 (_run_server)] [cli_server/cli_server.py:212]: CLI server started v1.1.2
2025-10-08 19:35:23,990 [INFO] [MainThread] [cli_server/cli_server.py:104]: Log pipe server started
2025-10-08 19:35:24,336 [DEBUG] [MainThread] [comtypes/__init__.py:149]: CoInitializeEx(None, 2)
2025-10-08 19:35:25,746 [INFO] [MainThread] [core.utils.widgets.taskbar.window_manager/window_manager.py:191]: TaskbarWindowManager is starting...
2025-10-08 19:35:25,758 [INFO] [MainThread] [root/bar_manager.py:85]: Starting SystemEventListener...
2025-10-08 19:35:25,758 [INFO] [MainThread] [root/watcher.py:54]: Created file watcher for path C:\Users\Fahim Rifat\.config\yasb
2025-10-08 19:35:25,842 [DEBUG] [MainThread] [qasync._windows._EventPoller/_windows.py:215]: Starting (proactor: <_IocpProactor overlapped#=0 result#=0>)...
2025-10-08 19:35:25,844 [DEBUG] [Dummy-6] [qasync._windows._EventWorker/_windows.py:195]: Thread started
2025-10-08 23:40:44,025 [INFO] [MainThread] [root/controller.py:35]: Exiting Application...
2025-10-08 23:40:44,141 [INFO] [MainThread] [cli_server/cli_server.py:112]: Log pipe server stopped
2025-10-08 23:40:44,142 [DEBUG] [MainThread] [cli_server/cli_server.py:206]: CLI server stopped
2025-10-08 23:40:44,324 [INFO] [MainThread] [root/bar_manager.py:92]: Stopping SystemEventListener...
2025-10-08 23:40:44,324 [INFO] [MainThread] [core.utils.widgets.taskbar.window_manager/window_manager.py:218]: TaskbarWindowManager stopped
2025-10-08 23:40:44,351 [DEBUG] [MainThread] [qasync._windows._EventPoller/_windows.py:220]: Stopping worker thread...
2025-10-08 23:40:44,357 [DEBUG] [Dummy-6] [qasync._windows._EventWorker/_windows.py:204]: Exiting thread
2025-10-08 23:40:44,364 [DEBUG] [MainThread] [qasync._windows._IocpProactor/_windows.py:78]: Closing
2025-10-09 10:47:19,231 [INFO] [MainThread] [root/log.py:59]: YASB v1.8.3
2025-10-09 10:47:19,232 [INFO] [Thread-1 (_run_server)] [cli_server/cli_server.py:212]: CLI server started v1.1.2
2025-10-09 10:47:19,232 [INFO] [MainThread] [cli_server/cli_server.py:104]: Log pipe server started
2025-10-09 10:47:19,629 [DEBUG] [MainThread] [comtypes/__init__.py:149]: CoInitializeEx(None, 2)
2025-10-09 10:47:27,208 [INFO] [MainThread] [core.utils.widgets.taskbar.window_manager/window_manager.py:191]: TaskbarWindowManager is starting...
2025-10-09 10:47:27,219 [INFO] [MainThread] [root/bar_manager.py:85]: Starting SystemEventListener...
2025-10-09 10:47:27,220 [INFO] [MainThread] [root/watcher.py:54]: Created file watcher for path C:\Users\Fahim Rifat\.config\yasb
2025-10-09 10:47:27,338 [DEBUG] [MainThread] [qasync._windows._EventPoller/_windows.py:215]: Starting (proactor: <_IocpProactor overlapped#=0 result#=0>)...
2025-10-09 10:47:27,340 [DEBUG] [Dummy-6] [qasync._windows._EventWorker/_windows.py:195]: Thread started
2025-10-09 10:47:41,121 [INFO] [MainThread] [root/log.py:59]: YASB v1.8.3
2025-10-09 10:47:41,122 [INFO] [Thread-1 (_run_server)] [cli_server/cli_server.py:212]: CLI server started v1.1.2
2025-10-09 10:47:41,123 [INFO] [MainThread] [cli_server/cli_server.py:104]: Log pipe server started
2025-10-09 10:47:41,123 [ERROR] [MainThread] [root/main.py:76]: Another instance of the YASB is already running.
2025-10-09 16:53:43,505 [INFO] [MainThread] [root/controller.py:15]: Reloading Application from tray...
2025-10-09 16:53:43,610 [INFO] [MainThread] [cli_server/cli_server.py:112]: Log pipe server stopped
2025-10-09 16:53:43,621 [DEBUG] [MainThread] [cli_server/cli_server.py:206]: CLI server stopped
2025-10-09 16:53:43,683 [INFO] [MainThread] [root/bar_manager.py:92]: Stopping SystemEventListener...
2025-10-09 16:53:43,684 [INFO] [MainThread] [core.utils.widgets.taskbar.window_manager/window_manager.py:218]: TaskbarWindowManager stopped
2025-10-09 16:53:43,690 [DEBUG] [MainThread] [qasync._windows._EventPoller/_windows.py:220]: Stopping worker thread...
2025-10-09 16:53:43,705 [DEBUG] [Dummy-6] [qasync._windows._EventWorker/_windows.py:204]: Exiting thread
2025-10-09 16:53:43,707 [DEBUG] [MainThread] [qasync._windows._IocpProactor/_windows.py:78]: Closing
2025-10-09 16:53:44,296 [INFO] [MainThread] [root/log.py:59]: YASB v1.8.3
2025-10-09 16:53:44,297 [INFO] [Thread-1 (_run_server)] [cli_server/cli_server.py:212]: CLI server started v1.1.2
2025-10-09 16:53:44,299 [INFO] [MainThread] [cli_server/cli_server.py:104]: Log pipe server started
2025-10-09 16:53:44,633 [DEBUG] [MainThread] [comtypes/__init__.py:149]: CoInitializeEx(None, 2)
2025-10-09 16:53:46,766 [INFO] [MainThread] [core.utils.widgets.taskbar.window_manager/window_manager.py:191]: TaskbarWindowManager is starting...
2025-10-09 16:53:46,774 [INFO] [MainThread] [root/bar_manager.py:85]: Starting SystemEventListener...
2025-10-09 16:53:46,774 [INFO] [MainThread] [root/watcher.py:54]: Created file watcher for path C:\Users\Fahim Rifat\.config\yasb
2025-10-09 16:53:46,841 [DEBUG] [MainThread] [qasync._windows._EventPoller/_windows.py:215]: Starting (proactor: <_IocpProactor overlapped#=0 result#=0>)...
2025-10-09 16:53:46,842 [DEBUG] [Dummy-6] [qasync._windows._EventWorker/_windows.py:195]: Thread started
2025-10-09 22:37:39,618 [INFO] [MainThread] [root/bar_manager.py:92]: Stopping SystemEventListener...
2025-10-09 22:37:39,620 [INFO] [MainThread] [core.utils.widgets.taskbar.window_manager/window_manager.py:218]: TaskbarWindowManager stopped
2025-10-10 17:29:44,403 [INFO] [MainThread] [root/log.py:59]: YASB v1.8.3
2025-10-10 17:29:44,406 [INFO] [Thread-1 (_run_server)] [cli_server/cli_server.py:212]: CLI server started v1.1.2
2025-10-10 17:29:44,406 [INFO] [MainThread] [cli_server/cli_server.py:104]: Log pipe server started
2025-10-10 17:29:45,255 [DEBUG] [MainThread] [comtypes/__init__.py:149]: CoInitializeEx(None, 2)
2025-10-10 17:29:54,640 [INFO] [MainThread] [core.utils.widgets.taskbar.window_manager/window_manager.py:191]: TaskbarWindowManager is starting...
2025-10-10 17:29:54,652 [INFO] [MainThread] [root/bar_manager.py:85]: Starting SystemEventListener...
2025-10-10 17:29:54,654 [INFO] [MainThread] [root/watcher.py:54]: Created file watcher for path C:\Users\Fahim Rifat\.config\yasb
2025-10-10 17:29:54,786 [DEBUG] [MainThread] [qasync._windows._EventPoller/_windows.py:215]: Starting (proactor: <_IocpProactor overlapped#=0 result#=0>)...
2025-10-10 17:29:54,789 [DEBUG] [Dummy-6] [qasync._windows._EventWorker/_windows.py:195]: Thread started
2025-10-10 17:30:16,853 [INFO] [MainThread] [root/log.py:59]: YASB v1.8.3
2025-10-10 17:30:16,854 [INFO] [Thread-1 (_run_server)] [cli_server/cli_server.py:212]: CLI server started v1.1.2
2025-10-10 17:30:16,856 [INFO] [MainThread] [cli_server/cli_server.py:104]: Log pipe server started
2025-10-10 17:30:16,856 [ERROR] [MainThread] [root/main.py:76]: Another instance of the YASB is already running.
2025-10-10 17:31:10,096 [INFO] [MainThread] [root/controller.py:15]: Reloading Application from tray...
2025-10-10 17:31:10,208 [INFO] [MainThread] [cli_server/cli_server.py:112]: Log pipe server stopped
2025-10-10 17:31:10,208 [DEBUG] [MainThread] [cli_server/cli_server.py:206]: CLI server stopped
2025-10-10 17:31:11,071 [INFO] [MainThread] [root/bar_manager.py:92]: Stopping SystemEventListener...
2025-10-10 17:31:11,072 [INFO] [MainThread] [core.utils.widgets.taskbar.window_manager/window_manager.py:218]: TaskbarWindowManager stopped
2025-10-10 17:31:11,081 [DEBUG] [MainThread] [qasync._windows._EventPoller/_windows.py:220]: Stopping worker thread...
2025-10-10 17:31:11,096 [DEBUG] [Dummy-6] [qasync._windows._EventWorker/_windows.py:204]: Exiting thread
2025-10-10 17:31:11,102 [DEBUG] [MainThread] [qasync._windows._IocpProactor/_windows.py:78]: Closing
2025-10-10 17:31:11,684 [INFO] [MainThread] [root/log.py:59]: YASB v1.8.3
2025-10-10 17:31:11,687 [INFO] [Thread-1 (_run_server)] [cli_server/cli_server.py:212]: CLI server started v1.1.2
2025-10-10 17:31:11,687 [INFO] [MainThread] [cli_server/cli_server.py:104]: Log pipe server started
2025-10-10 17:31:12,032 [DEBUG] [MainThread] [comtypes/__init__.py:149]: CoInitializeEx(None, 2)
2025-10-10 17:31:13,690 [INFO] [MainThread] [core.utils.widgets.taskbar.window_manager/window_manager.py:191]: TaskbarWindowManager is starting...
2025-10-10 17:31:13,695 [INFO] [MainThread] [root/bar_manager.py:85]: Starting SystemEventListener...
2025-10-10 17:31:13,696 [INFO] [MainThread] [root/watcher.py:54]: Created file watcher for path C:\Users\Fahim Rifat\.config\yasb
2025-10-10 17:31:13,775 [DEBUG] [MainThread] [qasync._windows._EventPoller/_windows.py:215]: Starting (proactor: <_IocpProactor overlapped#=0 result#=0>)...
2025-10-10 17:31:13,777 [DEBUG] [Dummy-6] [qasync._windows._EventWorker/_windows.py:195]: Thread started
2025-10-10 20:17:02,007 [INFO] [MainThread] [root/controller.py:35]: Exiting Application...
2025-10-10 20:17:02,117 [INFO] [MainThread] [cli_server/cli_server.py:112]: Log pipe server stopped
2025-10-10 20:17:02,118 [DEBUG] [MainThread] [cli_server/cli_server.py:206]: CLI server stopped
2025-10-10 20:17:03,328 [INFO] [MainThread] [root/bar_manager.py:92]: Stopping SystemEventListener...
2025-10-10 20:17:03,332 [INFO] [MainThread] [core.utils.widgets.taskbar.window_manager/window_manager.py:218]: TaskbarWindowManager stopped
2025-10-10 20:17:03,386 [DEBUG] [MainThread] [qasync._windows._EventPoller/_windows.py:220]: Stopping worker thread...
2025-10-10 20:17:03,393 [DEBUG] [Dummy-6] [qasync._windows._EventWorker/_windows.py:204]: Exiting thread
2025-10-10 20:17:03,408 [DEBUG] [MainThread] [qasync._windows._IocpProactor/_windows.py:78]: Closing
2025-10-11 17:47:46,236 [INFO] [MainThread] [root/log.py:59]: YASB v1.8.3
2025-10-11 17:47:46,236 [INFO] [Thread-1 (_run_server)] [cli_server/cli_server.py:212]: CLI server started v1.1.2
2025-10-11 17:47:46,236 [INFO] [MainThread] [cli_server/cli_server.py:104]: Log pipe server started
2025-10-11 17:47:47,078 [DEBUG] [MainThread] [comtypes/__init__.py:149]: CoInitializeEx(None, 2)
2025-10-11 17:47:56,725 [INFO] [MainThread] [core.utils.widgets.taskbar.window_manager/window_manager.py:191]: TaskbarWindowManager is starting...
2025-10-11 17:47:56,736 [INFO] [MainThread] [root/bar_manager.py:85]: Starting SystemEventListener...
2025-10-11 17:47:56,737 [INFO] [MainThread] [root/watcher.py:54]: Created file watcher for path C:\Users\Fahim Rifat\.config\yasb
2025-10-11 17:47:56,892 [DEBUG] [MainThread] [qasync._windows._EventPoller/_windows.py:215]: Starting (proactor: <_IocpProactor overlapped#=0 result#=0>)...
2025-10-11 17:47:56,895 [DEBUG] [Dummy-6] [qasync._windows._EventWorker/_windows.py:195]: Thread started
2025-10-11 17:49:45,532 [INFO] [MainThread] [root/log.py:59]: YASB v1.8.3
2025-10-11 17:49:45,534 [INFO] [Thread-1 (_run_server)] [cli_server/cli_server.py:212]: CLI server started v1.1.2
2025-10-11 17:49:45,534 [INFO] [MainThread] [cli_server/cli_server.py:104]: Log pipe server started
2025-10-11 17:49:45,535 [ERROR] [MainThread] [root/main.py:76]: Another instance of the YASB is already running.
2025-10-11 17:49:59,424 [INFO] [MainThread] [root/controller.py:15]: Reloading Application from tray...
2025-10-11 17:49:59,533 [INFO] [MainThread] [cli_server/cli_server.py:112]: Log pipe server stopped
2025-10-11 17:49:59,533 [DEBUG] [MainThread] [cli_server/cli_server.py:206]: CLI server stopped
2025-10-11 17:50:00,418 [INFO] [MainThread] [root/bar_manager.py:92]: Stopping SystemEventListener...
2025-10-11 17:50:00,420 [INFO] [MainThread] [core.utils.widgets.taskbar.window_manager/window_manager.py:218]: TaskbarWindowManager stopped
2025-10-11 17:50:00,429 [DEBUG] [MainThread] [qasync._windows._EventPoller/_windows.py:220]: Stopping worker thread...
2025-10-11 17:50:00,439 [DEBUG] [Dummy-6] [qasync._windows._EventWorker/_windows.py:204]: Exiting thread
2025-10-11 17:50:00,448 [DEBUG] [MainThread] [qasync._windows._IocpProactor/_windows.py:78]: Closing
2025-10-11 17:50:01,071 [INFO] [MainThread] [root/log.py:59]: YASB v1.8.3
2025-10-11 17:50:01,073 [INFO] [Thread-1 (_run_server)] [cli_server/cli_server.py:212]: CLI server started v1.1.2
2025-10-11 17:50:01,074 [INFO] [MainThread] [cli_server/cli_server.py:104]: Log pipe server started
2025-10-11 17:50:01,422 [DEBUG] [MainThread] [comtypes/__init__.py:149]: CoInitializeEx(None, 2)
2025-10-11 17:50:03,247 [INFO] [MainThread] [core.utils.widgets.taskbar.window_manager/window_manager.py:191]: TaskbarWindowManager is starting...
2025-10-11 17:50:03,256 [INFO] [MainThread] [root/bar_manager.py:85]: Starting SystemEventListener...
2025-10-11 17:50:03,256 [INFO] [MainThread] [root/watcher.py:54]: Created file watcher for path C:\Users\Fahim Rifat\.config\yasb
2025-10-11 17:50:03,369 [DEBUG] [MainThread] [qasync._windows._EventPoller/_windows.py:215]: Starting (proactor: <_IocpProactor overlapped#=0 result#=0>)...
2025-10-11 17:50:03,375 [DEBUG] [Dummy-6] [qasync._windows._EventWorker/_windows.py:195]: Thread started
2025-10-11 22:05:29,224 [INFO] [MainThread] [root/controller.py:15]: Reloading Application from tray...
2025-10-11 22:05:29,336 [INFO] [MainThread] [cli_server/cli_server.py:112]: Log pipe server stopped
2025-10-11 22:05:29,336 [DEBUG] [MainThread] [cli_server/cli_server.py:206]: CLI server stopped
2025-10-11 22:05:29,348 [INFO] [MainThread] [root/bar_manager.py:92]: Stopping SystemEventListener...
2025-10-11 22:05:29,349 [INFO] [MainThread] [core.utils.widgets.taskbar.window_manager/window_manager.py:218]: TaskbarWindowManager stopped
2025-10-11 22:05:29,354 [DEBUG] [MainThread] [qasync._windows._EventPoller/_windows.py:220]: Stopping worker thread...
2025-10-11 22:05:29,368 [DEBUG] [Dummy-6] [qasync._windows._EventWorker/_windows.py:204]: Exiting thread
2025-10-11 22:05:29,369 [DEBUG] [MainThread] [qasync._windows._IocpProactor/_windows.py:78]: Closing
2025-10-11 22:05:32,329 [INFO] [MainThread] [root/log.py:59]: YASB v1.8.3
2025-10-11 22:05:32,331 [INFO] [Thread-1 (_run_server)] [cli_server/cli_server.py:212]: CLI server started v1.1.2
2025-10-11 22:05:32,332 [INFO] [MainThread] [cli_server/cli_server.py:104]: Log pipe server started
2025-10-11 22:05:33,169 [DEBUG] [MainThread] [comtypes/__init__.py:149]: CoInitializeEx(None, 2)
2025-10-11 22:05:40,029 [INFO] [MainThread] [core.utils.widgets.taskbar.window_manager/window_manager.py:191]: TaskbarWindowManager is starting...
2025-10-11 22:05:40,040 [INFO] [MainThread] [root/bar_manager.py:85]: Starting SystemEventListener...
2025-10-11 22:05:40,041 [INFO] [MainThread] [root/watcher.py:54]: Created file watcher for path C:\Users\Fahim Rifat\.config\yasb
2025-10-11 22:05:40,107 [DEBUG] [MainThread] [qasync._windows._EventPoller/_windows.py:215]: Starting (proactor: <_IocpProactor overlapped#=0 result#=0>)...
2025-10-11 22:05:40,108 [DEBUG] [Dummy-6] [qasync._windows._EventWorker/_windows.py:195]: Thread started
2025-10-11 22:16:11,372 [INFO] [MainThread] [root/controller.py:35]: Exiting Application...
2025-10-11 22:16:11,480 [INFO] [MainThread] [cli_server/cli_server.py:112]: Log pipe server stopped
2025-10-11 22:16:11,480 [DEBUG] [MainThread] [cli_server/cli_server.py:206]: CLI server stopped
2025-10-11 22:16:12,348 [INFO] [MainThread] [root/bar_manager.py:92]: Stopping SystemEventListener...
2025-10-11 22:16:12,349 [INFO] [MainThread] [core.utils.widgets.taskbar.window_manager/window_manager.py:218]: TaskbarWindowManager stopped
2025-10-11 22:16:12,373 [DEBUG] [MainThread] [qasync._windows._EventPoller/_windows.py:220]: Stopping worker thread...
2025-10-11 22:16:12,381 [DEBUG] [Dummy-6] [qasync._windows._EventWorker/_windows.py:204]: Exiting thread
2025-10-11 22:16:12,388 [DEBUG] [MainThread] [qasync._windows._IocpProactor/_windows.py:78]: Closing
2025-10-12 17:15:39,748 [INFO] [MainThread] [root/log.py:59]: YASB v1.8.3
2025-10-12 17:15:39,748 [INFO] [Thread-1 (_run_server)] [cli_server/cli_server.py:212]: CLI server started v1.1.2
2025-10-12 17:15:39,748 [INFO] [MainThread] [cli_server/cli_server.py:104]: Log pipe server started
2025-10-12 17:15:40,109 [DEBUG] [MainThread] [comtypes/__init__.py:149]: CoInitializeEx(None, 2)
2025-10-12 17:15:44,440 [INFO] [MainThread] [core.utils.widgets.taskbar.window_manager/window_manager.py:191]: TaskbarWindowManager is starting...
2025-10-12 17:15:44,450 [INFO] [MainThread] [root/bar_manager.py:85]: Starting SystemEventListener...
2025-10-12 17:15:44,451 [INFO] [MainThread] [root/watcher.py:54]: Created file watcher for path C:\Users\Fahim Rifat\.config\yasb
2025-10-12 17:15:44,539 [DEBUG] [MainThread] [qasync._windows._EventPoller/_windows.py:215]: Starting (proactor: <_IocpProactor overlapped#=0 result#=0>)...
2025-10-12 17:15:44,541 [DEBUG] [Dummy-6] [qasync._windows._EventWorker/_windows.py:195]: Thread started
2025-10-12 17:16:58,980 [INFO] [MainThread] [root/log.py:59]: YASB v1.8.3
2025-10-12 17:16:58,981 [INFO] [Thread-1 (_run_server)] [cli_server/cli_server.py:212]: CLI server started v1.1.2
2025-10-12 17:16:58,982 [INFO] [MainThread] [cli_server/cli_server.py:104]: Log pipe server started
2025-10-12 17:16:58,983 [ERROR] [MainThread] [root/main.py:76]: Another instance of the YASB is already running.
2025-10-12 23:27:56,023 [INFO] [MainThread] [root/log.py:59]: YASB v1.8.3
2025-10-12 23:27:56,023 [INFO] [Thread-1 (_run_server)] [cli_server/cli_server.py:212]: CLI server started v1.1.2
2025-10-12 23:27:56,023 [INFO] [MainThread] [cli_server/cli_server.py:104]: Log pipe server started
2025-10-12 23:27:56,831 [ERROR] [MainThread] [root/traffic_manager.py:163]: Error loading traffic data for interface auto: Expecting value: line 1 column 1 (char 0)
2025-10-12 23:27:57,032 [DEBUG] [MainThread] [comtypes/__init__.py:149]: CoInitializeEx(None, 2)
2025-10-12 23:28:05,235 [INFO] [MainThread] [core.utils.widgets.taskbar.window_manager/window_manager.py:191]: TaskbarWindowManager is starting...
2025-10-12 23:28:05,243 [INFO] [MainThread] [root/bar_manager.py:85]: Starting SystemEventListener...
2025-10-12 23:28:05,244 [INFO] [MainThread] [root/watcher.py:54]: Created file watcher for path C:\Users\Fahim Rifat\.config\yasb
2025-10-12 23:28:05,366 [DEBUG] [MainThread] [qasync._windows._EventPoller/_windows.py:215]: Starting (proactor: <_IocpProactor overlapped#=0 result#=0>)...
2025-10-12 23:28:05,368 [DEBUG] [Dummy-6] [qasync._windows._EventWorker/_windows.py:195]: Thread started
2025-10-12 23:28:52,481 [INFO] [MainThread] [root/controller.py:15]: Reloading Application from tray...
2025-10-12 23:28:52,590 [INFO] [MainThread] [cli_server/cli_server.py:112]: Log pipe server stopped
2025-10-12 23:28:52,590 [DEBUG] [MainThread] [cli_server/cli_server.py:206]: CLI server stopped
2025-10-12 23:28:52,641 [INFO] [MainThread] [root/bar_manager.py:92]: Stopping SystemEventListener...
2025-10-12 23:28:52,643 [INFO] [MainThread] [core.utils.widgets.taskbar.window_manager/window_manager.py:218]: TaskbarWindowManager stopped
2025-10-12 23:28:52,651 [DEBUG] [MainThread] [qasync._windows._EventPoller/_windows.py:220]: Stopping worker thread...
2025-10-12 23:28:52,654 [DEBUG] [Dummy-6] [qasync._windows._EventWorker/_windows.py:204]: Exiting thread
2025-10-12 23:28:52,658 [DEBUG] [MainThread] [qasync._windows._IocpProactor/_windows.py:78]: Closing
2025-10-12 23:28:55,300 [INFO] [MainThread] [root/log.py:59]: YASB v1.8.3
2025-10-12 23:28:55,302 [INFO] [Thread-1 (_run_server)] [cli_server/cli_server.py:212]: CLI server started v1.1.2
2025-10-12 23:28:55,302 [INFO] [MainThread] [cli_server/cli_server.py:104]: Log pipe server started
2025-10-12 23:28:56,073 [DEBUG] [MainThread] [comtypes/__init__.py:149]: CoInitializeEx(None, 2)
2025-10-12 23:28:59,634 [INFO] [MainThread] [core.utils.widgets.taskbar.window_manager/window_manager.py:191]: TaskbarWindowManager is starting...
2025-10-12 23:28:59,638 [INFO] [MainThread] [root/bar_manager.py:85]: Starting SystemEventListener...
2025-10-12 23:28:59,639 [INFO] [MainThread] [root/watcher.py:54]: Created file watcher for path C:\Users\Fahim Rifat\.config\yasb
2025-10-12 23:28:59,708 [DEBUG] [MainThread] [qasync._windows._EventPoller/_windows.py:215]: Starting (proactor: <_IocpProactor overlapped#=0 result#=0>)...
2025-10-12 23:28:59,709 [DEBUG] [Dummy-6] [qasync._windows._EventWorker/_windows.py:195]: Thread started
2025-10-12 23:29:43,952 [INFO] [MainThread] [root/log.py:59]: YASB v1.8.3
2025-10-12 23:29:43,954 [INFO] [Thread-1 (_run_server)] [cli_server/cli_server.py:212]: CLI server started v1.1.2
2025-10-12 23:29:43,954 [INFO] [MainThread] [cli_server/cli_server.py:104]: Log pipe server started
2025-10-12 23:29:43,955 [ERROR] [MainThread] [root/main.py:76]: Another instance of the YASB is already running.
2025-10-13 00:34:33,738 [INFO] [MainThread] [root/bar_manager.py:92]: Stopping SystemEventListener...
2025-10-13 00:34:33,742 [INFO] [MainThread] [core.utils.widgets.taskbar.window_manager/window_manager.py:218]: TaskbarWindowManager stopped
2025-10-13 08:36:36,952 [INFO] [MainThread] [root/log.py:59]: YASB v1.8.3
2025-10-13 08:36:36,968 [INFO] [Thread-1 (_run_server)] [cli_server/cli_server.py:212]: CLI server started v1.1.2
2025-10-13 08:36:36,968 [INFO] [MainThread] [cli_server/cli_server.py:104]: Log pipe server started
2025-10-13 08:36:37,979 [DEBUG] [MainThread] [comtypes/__init__.py:149]: CoInitializeEx(None, 2)
2025-10-13 08:36:46,795 [INFO] [MainThread] [core.utils.widgets.taskbar.window_manager/window_manager.py:191]: TaskbarWindowManager is starting...
2025-10-13 08:36:46,801 [INFO] [MainThread] [root/bar_manager.py:85]: Starting SystemEventListener...
2025-10-13 08:36:46,802 [INFO] [MainThread] [root/watcher.py:54]: Created file watcher for path C:\Users\Fahim Rifat\.config\yasb
2025-10-13 08:36:46,885 [DEBUG] [MainThread] [qasync._windows._EventPoller/_windows.py:215]: Starting (proactor: <_IocpProactor overlapped#=0 result#=0>)...
2025-10-13 08:36:46,888 [DEBUG] [Dummy-6] [qasync._windows._EventWorker/_windows.py:195]: Thread started
2025-10-13 08:37:05,253 [INFO] [MainThread] [root/log.py:59]: YASB v1.8.3
2025-10-13 08:37:05,256 [INFO] [Thread-1 (_run_server)] [cli_server/cli_server.py:212]: CLI server started v1.1.2
2025-10-13 08:37:05,256 [INFO] [MainThread] [cli_server/cli_server.py:104]: Log pipe server started
2025-10-13 08:37:05,257 [ERROR] [MainThread] [root/main.py:76]: Another instance of the YASB is already running.
2025-10-13 09:02:57,723 [INFO] [MainThread] [root/bar_manager.py:92]: Stopping SystemEventListener...
2025-10-13 09:02:57,727 [INFO] [MainThread] [core.utils.widgets.taskbar.window_manager/window_manager.py:218]: TaskbarWindowManager stopped
2025-10-13 09:08:13,661 [INFO] [MainThread] [root/log.py:59]: YASB v1.8.3
2025-10-13 09:08:13,661 [INFO] [Thread-1 (_run_server)] [cli_server/cli_server.py:212]: CLI server started v1.1.2
2025-10-13 09:08:13,661 [INFO] [MainThread] [cli_server/cli_server.py:104]: Log pipe server started
2025-10-13 09:08:14,058 [DEBUG] [MainThread] [comtypes/__init__.py:149]: CoInitializeEx(None, 2)
2025-10-13 09:08:16,904 [INFO] [MainThread] [core.utils.widgets.taskbar.window_manager/window_manager.py:191]: TaskbarWindowManager is starting...
2025-10-13 09:08:16,912 [INFO] [MainThread] [root/bar_manager.py:85]: Starting SystemEventListener...
2025-10-13 09:08:16,913 [INFO] [MainThread] [root/watcher.py:54]: Created file watcher for path C:\Users\Fahim Rifat\.config\yasb
2025-10-13 09:08:17,004 [DEBUG] [MainThread] [qasync._windows._EventPoller/_windows.py:215]: Starting (proactor: <_IocpProactor overlapped#=0 result#=0>)...
2025-10-13 09:08:17,006 [DEBUG] [Dummy-6] [qasync._windows._EventWorker/_windows.py:195]: Thread started
2025-10-13 09:08:17,894 [WARNING] [Thread-5 (check_for_update)] [root/update_check.py:54]: UpdateCheckService Failed to check for updates: Network error.
2025-10-13 09:08:31,048 [INFO] [MainThread] [root/log.py:59]: YASB v1.8.3
2025-10-13 09:08:31,049 [INFO] [Thread-1 (_run_server)] [cli_server/cli_server.py:212]: CLI server started v1.1.2
2025-10-13 09:08:31,050 [INFO] [MainThread] [cli_server/cli_server.py:104]: Log pipe server started
2025-10-13 09:08:31,051 [ERROR] [MainThread] [root/main.py:76]: Another instance of the YASB is already running.
2025-10-13 09:59:55,800 [INFO] [MainThread] [root/bar_manager.py:92]: Stopping SystemEventListener...
2025-10-13 09:59:55,801 [INFO] [MainThread] [core.utils.widgets.taskbar.window_manager/window_manager.py:218]: TaskbarWindowManager stopped
2025-10-13 11:27:27,712 [INFO] [MainThread] [root/log.py:59]: YASB v1.8.3
2025-10-13 11:27:27,712 [INFO] [Thread-1 (_run_server)] [cli_server/cli_server.py:212]: CLI server started v1.1.2
2025-10-13 11:27:27,712 [INFO] [MainThread] [cli_server/cli_server.py:104]: Log pipe server started
2025-10-13 11:27:28,105 [DEBUG] [MainThread] [comtypes/__init__.py:149]: CoInitializeEx(None, 2)
2025-10-13 11:27:30,868 [INFO] [MainThread] [core.utils.widgets.taskbar.window_manager/window_manager.py:191]: TaskbarWindowManager is starting...
2025-10-13 11:27:30,875 [INFO] [MainThread] [root/bar_manager.py:85]: Starting SystemEventListener...
2025-10-13 11:27:30,876 [INFO] [MainThread] [root/watcher.py:54]: Created file watcher for path C:\Users\Fahim Rifat\.config\yasb
2025-10-13 11:27:30,976 [DEBUG] [MainThread] [qasync._windows._EventPoller/_windows.py:215]: Starting (proactor: <_IocpProactor overlapped#=0 result#=0>)...
2025-10-13 11:27:30,979 [DEBUG] [Dummy-6] [qasync._windows._EventWorker/_windows.py:195]: Thread started
2025-10-13 11:27:31,663 [WARNING] [Thread-5 (check_for_update)] [root/update_check.py:54]: UpdateCheckService Failed to check for updates: Network error.
2025-10-13 11:28:01,394 [INFO] [MainThread] [root/log.py:59]: YASB v1.8.3
2025-10-13 11:28:01,397 [INFO] [Thread-1 (_run_server)] [cli_server/cli_server.py:212]: CLI server started v1.1.2
2025-10-13 11:28:01,397 [INFO] [MainThread] [cli_server/cli_server.py:104]: Log pipe server started
2025-10-13 11:28:01,398 [ERROR] [MainThread] [root/main.py:76]: Another instance of the YASB is already running.
2025-10-13 13:00:40,632 [INFO] [MainThread] [root/controller.py:15]: Reloading Application from tray...
2025-10-13 13:00:40,736 [INFO] [MainThread] [cli_server/cli_server.py:112]: Log pipe server stopped
2025-10-13 13:00:40,737 [DEBUG] [MainThread] [cli_server/cli_server.py:206]: CLI server stopped
2025-10-13 13:00:40,779 [INFO] [MainThread] [root/bar_manager.py:92]: Stopping SystemEventListener...
2025-10-13 13:00:40,781 [INFO] [MainThread] [core.utils.widgets.taskbar.window_manager/window_manager.py:218]: TaskbarWindowManager stopped
2025-10-13 13:00:40,792 [DEBUG] [MainThread] [qasync._windows._EventPoller/_windows.py:220]: Stopping worker thread...
2025-10-13 13:00:40,799 [DEBUG] [Dummy-6] [qasync._windows._EventWorker/_windows.py:204]: Exiting thread
2025-10-13 13:00:40,801 [DEBUG] [MainThread] [qasync._windows._IocpProactor/_windows.py:78]: Closing
2025-10-13 13:00:41,383 [INFO] [MainThread] [root/log.py:59]: YASB v1.8.3
2025-10-13 13:00:41,385 [INFO] [Thread-1 (_run_server)] [cli_server/cli_server.py:212]: CLI server started v1.1.2
2025-10-13 13:00:41,386 [INFO] [MainThread] [cli_server/cli_server.py:104]: Log pipe server started
2025-10-13 13:00:41,715 [DEBUG] [MainThread] [comtypes/__init__.py:149]: CoInitializeEx(None, 2)
2025-10-13 13:00:44,265 [INFO] [MainThread] [core.utils.widgets.taskbar.window_manager/window_manager.py:191]: TaskbarWindowManager is starting...
2025-10-13 13:00:44,279 [INFO] [MainThread] [root/bar_manager.py:85]: Starting SystemEventListener...
2025-10-13 13:00:44,279 [INFO] [MainThread] [root/watcher.py:54]: Created file watcher for path C:\Users\Fahim Rifat\.config\yasb
2025-10-13 13:00:44,344 [DEBUG] [MainThread] [qasync._windows._EventPoller/_windows.py:215]: Starting (proactor: <_IocpProactor overlapped#=0 result#=0>)...
2025-10-13 13:00:44,346 [DEBUG] [Dummy-6] [qasync._windows._EventWorker/_windows.py:195]: Thread started
2025-10-13 20:44:13,081 [INFO] [MainThread] [root/controller.py:35]: Exiting Application...
2025-10-13 20:44:13,193 [INFO] [MainThread] [cli_server/cli_server.py:112]: Log pipe server stopped
2025-10-13 20:44:13,194 [DEBUG] [MainThread] [cli_server/cli_server.py:206]: CLI server stopped
2025-10-13 20:44:13,258 [INFO] [MainThread] [root/bar_manager.py:92]: Stopping SystemEventListener...
2025-10-13 20:44:13,259 [INFO] [MainThread] [core.utils.widgets.taskbar.window_manager/window_manager.py:218]: TaskbarWindowManager stopped
2025-10-13 20:44:13,290 [DEBUG] [MainThread] [qasync._windows._EventPoller/_windows.py:220]: Stopping worker thread...
2025-10-13 20:44:13,301 [DEBUG] [Dummy-6] [qasync._windows._EventWorker/_windows.py:204]: Exiting thread
2025-10-13 20:44:13,304 [DEBUG] [MainThread] [qasync._windows._IocpProactor/_windows.py:78]: Closing
2025-10-14 01:42:22,175 [INFO] [MainThread] [root/log.py:59]: YASB v1.8.3
2025-10-14 01:42:22,181 [INFO] [Thread-1 (_run_server)] [cli_server/cli_server.py:212]: CLI server started v1.1.2
2025-10-14 01:42:22,182 [INFO] [MainThread] [cli_server/cli_server.py:104]: Log pipe server started
2025-10-14 01:42:22,552 [DEBUG] [MainThread] [comtypes/__init__.py:149]: CoInitializeEx(None, 2)
2025-10-14 01:42:31,008 [INFO] [MainThread] [core.utils.widgets.taskbar.window_manager/window_manager.py:191]: TaskbarWindowManager is starting...
2025-10-14 01:42:31,017 [INFO] [MainThread] [root/bar_manager.py:85]: Starting SystemEventListener...
2025-10-14 01:42:31,018 [INFO] [MainThread] [root/watcher.py:54]: Created file watcher for path C:\Users\Fahim Rifat\.config\yasb
2025-10-14 01:42:31,124 [DEBUG] [MainThread] [qasync._windows._EventPoller/_windows.py:215]: Starting (proactor: <_IocpProactor overlapped#=0 result#=0>)...
2025-10-14 01:42:31,127 [DEBUG] [Dummy-6] [qasync._windows._EventWorker/_windows.py:195]: Thread started
2025-10-14 01:42:32,003 [WARNING] [Thread-5 (check_for_update)] [root/update_check.py:54]: UpdateCheckService Failed to check for updates: Network error.
2025-10-14 01:42:45,683 [INFO] [MainThread] [root/log.py:59]: YASB v1.8.3
2025-10-14 01:42:45,684 [INFO] [Thread-1 (_run_server)] [cli_server/cli_server.py:212]: CLI server started v1.1.2
2025-10-14 01:42:45,685 [INFO] [MainThread] [cli_server/cli_server.py:104]: Log pipe server started
2025-10-14 01:42:45,686 [ERROR] [MainThread] [root/main.py:76]: Another instance of the YASB is already running.
2025-10-14 03:07:43,143 [INFO] [MainThread] [root/bar_manager.py:92]: Stopping SystemEventListener...
2025-10-14 03:07:43,146 [INFO] [MainThread] [core.utils.widgets.taskbar.window_manager/window_manager.py:218]: TaskbarWindowManager stopped
2025-10-14 10:03:56,799 [INFO] [MainThread] [root/log.py:59]: YASB v1.8.3
2025-10-14 10:03:56,799 [INFO] [Thread-1 (_run_server)] [cli_server/cli_server.py:212]: CLI server started v1.1.2
2025-10-14 10:03:56,799 [INFO] [MainThread] [cli_server/cli_server.py:104]: Log pipe server started
2025-10-14 10:03:57,633 [DEBUG] [MainThread] [comtypes/__init__.py:149]: CoInitializeEx(None, 2)
2025-10-14 10:04:06,310 [INFO] [MainThread] [core.utils.widgets.taskbar.window_manager/window_manager.py:191]: TaskbarWindowManager is starting...
2025-10-14 10:04:06,318 [INFO] [MainThread] [root/bar_manager.py:85]: Starting SystemEventListener...
2025-10-14 10:04:06,318 [INFO] [MainThread] [root/watcher.py:54]: Created file watcher for path C:\Users\Fahim Rifat\.config\yasb
2025-10-14 10:04:06,423 [DEBUG] [MainThread] [qasync._windows._EventPoller/_windows.py:215]: Starting (proactor: <_IocpProactor overlapped#=0 result#=0>)...
2025-10-14 10:04:06,425 [DEBUG] [Dummy-6] [qasync._windows._EventWorker/_windows.py:195]: Thread started
2025-10-14 10:04:19,707 [INFO] [MainThread] [root/log.py:59]: YASB v1.8.3
2025-10-14 10:04:19,709 [INFO] [Thread-1 (_run_server)] [cli_server/cli_server.py:212]: CLI server started v1.1.2
2025-10-14 10:04:19,710 [INFO] [MainThread] [cli_server/cli_server.py:104]: Log pipe server started
2025-10-14 10:04:19,710 [ERROR] [MainThread] [root/main.py:76]: Another instance of the YASB is already running.
2025-10-14 12:39:22,323 [INFO] [MainThread] [root/bar_manager.py:92]: Stopping SystemEventListener...
2025-10-14 12:39:22,326 [INFO] [MainThread] [core.utils.widgets.taskbar.window_manager/window_manager.py:218]: TaskbarWindowManager stopped
2025-10-14 16:47:27,558 [INFO] [MainThread] [root/log.py:59]: YASB v1.8.3
2025-10-14 16:47:27,565 [INFO] [Thread-1 (_run_server)] [cli_server/cli_server.py:212]: CLI server started v1.1.2
2025-10-14 16:47:27,565 [INFO] [MainThread] [cli_server/cli_server.py:104]: Log pipe server started
2025-10-14 16:47:27,909 [DEBUG] [MainThread] [comtypes/__init__.py:149]: CoInitializeEx(None, 2)
2025-10-14 16:47:32,997 [INFO] [MainThread] [core.utils.widgets.taskbar.window_manager/window_manager.py:191]: TaskbarWindowManager is starting...
2025-10-14 16:47:33,008 [INFO] [MainThread] [root/bar_manager.py:85]: Starting SystemEventListener...
2025-10-14 16:47:33,009 [INFO] [MainThread] [root/watcher.py:54]: Created file watcher for path C:\Users\Fahim Rifat\.config\yasb
2025-10-14 16:47:33,115 [DEBUG] [MainThread] [qasync._windows._EventPoller/_windows.py:215]: Starting (proactor: <_IocpProactor overlapped#=0 result#=0>)...
2025-10-14 16:47:33,119 [DEBUG] [Dummy-6] [qasync._windows._EventWorker/_windows.py:195]: Thread started
2025-10-14 16:47:45,893 [INFO] [MainThread] [root/log.py:59]: YASB v1.8.3
2025-10-14 16:47:45,894 [INFO] [Thread-1 (_run_server)] [cli_server/cli_server.py:212]: CLI server started v1.1.2
2025-10-14 16:47:45,895 [INFO] [MainThread] [cli_server/cli_server.py:104]: Log pipe server started
2025-10-14 16:47:45,895 [ERROR] [MainThread] [root/main.py:76]: Another instance of the YASB is already running.
2025-10-14 16:53:35,992 [INFO] [MainThread] [root/controller.py:15]: Reloading Application from tray...
2025-10-14 16:53:36,104 [INFO] [MainThread] [cli_server/cli_server.py:112]: Log pipe server stopped
2025-10-14 16:53:36,106 [DEBUG] [MainThread] [cli_server/cli_server.py:206]: CLI server stopped
2025-10-14 16:53:36,222 [INFO] [MainThread] [root/bar_manager.py:92]: Stopping SystemEventListener...
2025-10-14 16:53:36,225 [INFO] [MainThread] [core.utils.widgets.taskbar.window_manager/window_manager.py:218]: TaskbarWindowManager stopped
2025-10-14 16:53:36,235 [DEBUG] [MainThread] [qasync._windows._EventPoller/_windows.py:220]: Stopping worker thread...
2025-10-14 16:53:36,245 [DEBUG] [Dummy-6] [qasync._windows._EventWorker/_windows.py:204]: Exiting thread
2025-10-14 16:53:36,252 [DEBUG] [MainThread] [qasync._windows._IocpProactor/_windows.py:78]: Closing
2025-10-14 16:53:36,822 [INFO] [MainThread] [root/log.py:59]: YASB v1.8.3
2025-10-14 16:53:36,824 [INFO] [Thread-1 (_run_server)] [cli_server/cli_server.py:212]: CLI server started v1.1.2
2025-10-14 16:53:36,825 [INFO] [MainThread] [cli_server/cli_server.py:104]: Log pipe server started
2025-10-14 16:53:37,167 [DEBUG] [MainThread] [comtypes/__init__.py:149]: CoInitializeEx(None, 2)
2025-10-14 16:53:38,672 [INFO] [MainThread] [core.utils.widgets.taskbar.window_manager/window_manager.py:191]: TaskbarWindowManager is starting...
2025-10-14 16:53:38,680 [INFO] [MainThread] [root/bar_manager.py:85]: Starting SystemEventListener...
2025-10-14 16:53:38,681 [INFO] [MainThread] [root/watcher.py:54]: Created file watcher for path C:\Users\Fahim Rifat\.config\yasb
2025-10-14 16:53:38,752 [DEBUG] [MainThread] [qasync._windows._EventPoller/_windows.py:215]: Starting (proactor: <_IocpProactor overlapped#=0 result#=0>)...
2025-10-14 16:53:38,754 [DEBUG] [Dummy-6] [qasync._windows._EventWorker/_windows.py:195]: Thread started
2025-10-14 19:53:51,089 [INFO] [MainThread] [root/bar_manager.py:92]: Stopping SystemEventListener...
2025-10-14 19:53:51,091 [INFO] [MainThread] [core.utils.widgets.taskbar.window_manager/window_manager.py:218]: TaskbarWindowManager stopped
2025-10-15 10:58:50,961 [INFO] [MainThread] [root/log.py:59]: YASB v1.8.3
2025-10-15 10:58:50,961 [INFO] [Thread-1 (_run_server)] [cli_server/cli_server.py:212]: CLI server started v1.1.2
2025-10-15 10:58:50,961 [INFO] [MainThread] [cli_server/cli_server.py:104]: Log pipe server started
2025-10-15 10:58:51,348 [DEBUG] [MainThread] [comtypes/__init__.py:149]: CoInitializeEx(None, 2)
2025-10-15 10:58:56,799 [INFO] [MainThread] [core.utils.widgets.taskbar.window_manager/window_manager.py:191]: TaskbarWindowManager is starting...
2025-10-15 10:58:56,809 [INFO] [MainThread] [root/bar_manager.py:85]: Starting SystemEventListener...
2025-10-15 10:58:56,811 [INFO] [MainThread] [root/watcher.py:54]: Created file watcher for path C:\Users\Fahim Rifat\.config\yasb
2025-10-15 10:58:56,951 [DEBUG] [MainThread] [qasync._windows._EventPoller/_windows.py:215]: Starting (proactor: <_IocpProactor overlapped#=0 result#=0>)...
2025-10-15 10:58:56,955 [DEBUG] [Dummy-6] [qasync._windows._EventWorker/_windows.py:195]: Thread started
2025-10-15 10:59:06,519 [INFO] [MainThread] [root/log.py:59]: YASB v1.8.3
2025-10-15 10:59:06,521 [INFO] [Thread-1 (_run_server)] [cli_server/cli_server.py:212]: CLI server started v1.1.2
2025-10-15 10:59:06,521 [INFO] [MainThread] [cli_server/cli_server.py:104]: Log pipe server started
2025-10-15 10:59:06,522 [ERROR] [MainThread] [root/main.py:76]: Another instance of the YASB is already running.
2025-10-15 14:12:49,190 [INFO] [MainThread] [root/controller.py:15]: Reloading Application from tray...
2025-10-15 14:12:49,305 [INFO] [MainThread] [cli_server/cli_server.py:112]: Log pipe server stopped
2025-10-15 14:12:49,305 [DEBUG] [MainThread] [cli_server/cli_server.py:206]: CLI server stopped
2025-10-15 14:12:49,320 [INFO] [MainThread] [root/bar_manager.py:92]: Stopping SystemEventListener...
2025-10-15 14:12:49,321 [INFO] [MainThread] [core.utils.widgets.taskbar.window_manager/window_manager.py:218]: TaskbarWindowManager stopped
2025-10-15 14:12:49,332 [DEBUG] [MainThread] [qasync._windows._EventPoller/_windows.py:220]: Stopping worker thread...
2025-10-15 14:12:49,336 [DEBUG] [Dummy-6] [qasync._windows._EventWorker/_windows.py:204]: Exiting thread
2025-10-15 14:12:49,338 [DEBUG] [MainThread] [qasync._windows._IocpProactor/_windows.py:78]: Closing
2025-10-15 14:12:51,972 [INFO] [MainThread] [root/log.py:59]: YASB v1.8.3
2025-10-15 14:12:51,973 [INFO] [Thread-1 (_run_server)] [cli_server/cli_server.py:212]: CLI server started v1.1.2
2025-10-15 14:12:51,974 [INFO] [MainThread] [cli_server/cli_server.py:104]: Log pipe server started
2025-10-15 14:12:52,755 [DEBUG] [MainThread] [comtypes/__init__.py:149]: CoInitializeEx(None, 2)
2025-10-15 14:12:59,479 [INFO] [MainThread] [core.utils.widgets.taskbar.window_manager/window_manager.py:191]: TaskbarWindowManager is starting...
2025-10-15 14:12:59,483 [INFO] [MainThread] [root/bar_manager.py:85]: Starting SystemEventListener...
2025-10-15 14:12:59,484 [INFO] [MainThread] [root/watcher.py:54]: Created file watcher for path C:\Users\Fahim Rifat\.config\yasb
2025-10-15 14:12:59,554 [DEBUG] [MainThread] [qasync._windows._EventPoller/_windows.py:215]: Starting (proactor: <_IocpProactor overlapped#=0 result#=0>)...
2025-10-15 14:12:59,556 [DEBUG] [Dummy-6] [qasync._windows._EventWorker/_windows.py:195]: Thread started
2025-10-15 14:21:28,474 [INFO] [MainThread] [root/controller.py:15]: Reloading Application from tray...
2025-10-15 14:21:28,585 [INFO] [MainThread] [cli_server/cli_server.py:112]: Log pipe server stopped
2025-10-15 14:21:28,585 [DEBUG] [MainThread] [cli_server/cli_server.py:206]: CLI server stopped
2025-10-15 14:21:29,472 [INFO] [MainThread] [root/bar_manager.py:92]: Stopping SystemEventListener...
2025-10-15 14:21:29,474 [INFO] [MainThread] [core.utils.widgets.taskbar.window_manager/window_manager.py:218]: TaskbarWindowManager stopped
2025-10-15 14:21:29,484 [DEBUG] [MainThread] [qasync._windows._EventPoller/_windows.py:220]: Stopping worker thread...
2025-10-15 14:21:29,493 [DEBUG] [Dummy-6] [qasync._windows._EventWorker/_windows.py:204]: Exiting thread
2025-10-15 14:21:29,502 [DEBUG] [MainThread] [qasync._windows._IocpProactor/_windows.py:78]: Closing
2025-10-15 14:21:30,010 [INFO] [MainThread] [root/log.py:59]: YASB v1.8.3
2025-10-15 14:21:30,012 [INFO] [Thread-1 (_run_server)] [cli_server/cli_server.py:212]: CLI server started v1.1.2
2025-10-15 14:21:30,012 [INFO] [MainThread] [cli_server/cli_server.py:104]: Log pipe server started
2025-10-15 14:21:30,338 [DEBUG] [MainThread] [comtypes/__init__.py:149]: CoInitializeEx(None, 2)
2025-10-15 14:21:31,711 [INFO] [MainThread] [core.utils.widgets.taskbar.window_manager/window_manager.py:191]: TaskbarWindowManager is starting...
2025-10-15 14:21:31,722 [INFO] [MainThread] [root/bar_manager.py:85]: Starting SystemEventListener...
2025-10-15 14:21:31,722 [INFO] [MainThread] [root/watcher.py:54]: Created file watcher for path C:\Users\Fahim Rifat\.config\yasb
2025-10-15 14:21:31,787 [DEBUG] [MainThread] [qasync._windows._EventPoller/_windows.py:215]: Starting (proactor: <_IocpProactor overlapped#=0 result#=0>)...
2025-10-15 14:21:31,789 [DEBUG] [Dummy-6] [qasync._windows._EventWorker/_windows.py:195]: Thread started
2025-10-15 14:24:03,090 [INFO] [MainThread] [root/bar_manager.py:92]: Stopping SystemEventListener...
2025-10-15 14:24:03,098 [INFO] [MainThread] [core.utils.widgets.taskbar.window_manager/window_manager.py:218]: TaskbarWindowManager stopped
2025-10-15 14:29:36,418 [INFO] [MainThread] [root/log.py:59]: YASB v1.8.3
2025-10-15 14:29:36,420 [INFO] [Thread-1 (_run_server)] [cli_server/cli_server.py:212]: CLI server started v1.1.2
2025-10-15 14:29:36,422 [INFO] [MainThread] [cli_server/cli_server.py:104]: Log pipe server started
2025-10-15 14:29:39,953 [DEBUG] [MainThread] [comtypes/__init__.py:149]: CoInitializeEx(None, 2)
2025-10-15 14:29:49,390 [INFO] [MainThread] [core.utils.widgets.taskbar.window_manager/window_manager.py:191]: TaskbarWindowManager is starting...
2025-10-15 14:29:49,404 [INFO] [MainThread] [root/bar_manager.py:85]: Starting SystemEventListener...
2025-10-15 14:29:49,405 [INFO] [MainThread] [root/watcher.py:54]: Created file watcher for path C:\Users\Fahim Rifat\.config\yasb
2025-10-15 14:29:49,495 [DEBUG] [MainThread] [qasync._windows._EventPoller/_windows.py:215]: Starting (proactor: <_IocpProactor overlapped#=0 result#=0>)...
2025-10-15 14:29:49,497 [DEBUG] [Dummy-6] [qasync._windows._EventWorker/_windows.py:195]: Thread started
2025-10-15 14:30:22,578 [INFO] [MainThread] [root/log.py:59]: YASB v1.8.3
2025-10-15 14:30:22,580 [INFO] [Thread-1 (_run_server)] [cli_server/cli_server.py:212]: CLI server started v1.1.2
2025-10-15 14:30:22,580 [INFO] [MainThread] [cli_server/cli_server.py:104]: Log pipe server started
2025-10-15 14:30:22,581 [ERROR] [MainThread] [root/main.py:76]: Another instance of the YASB is already running.
2025-10-15 15:51:47,220 [INFO] [MainThread] [root/bar_manager.py:92]: Stopping SystemEventListener...
2025-10-15 15:51:47,222 [INFO] [MainThread] [core.utils.widgets.taskbar.window_manager/window_manager.py:218]: TaskbarWindowManager stopped
2025-10-15 16:01:02,871 [INFO] [MainThread] [root/log.py:59]: YASB v1.8.3
2025-10-15 16:01:02,873 [INFO] [Thread-1 (_run_server)] [cli_server/cli_server.py:212]: CLI server started v1.1.2
2025-10-15 16:01:02,873 [INFO] [MainThread] [cli_server/cli_server.py:104]: Log pipe server started
2025-10-15 16:01:03,707 [DEBUG] [MainThread] [comtypes/__init__.py:149]: CoInitializeEx(None, 2)
2025-10-15 16:01:12,084 [INFO] [MainThread] [core.utils.widgets.taskbar.window_manager/window_manager.py:191]: TaskbarWindowManager is starting...
2025-10-15 16:01:12,094 [INFO] [MainThread] [root/bar_manager.py:85]: Starting SystemEventListener...
2025-10-15 16:01:12,095 [INFO] [MainThread] [root/watcher.py:54]: Created file watcher for path C:\Users\Fahim Rifat\.config\yasb
2025-10-15 16:01:12,194 [DEBUG] [MainThread] [qasync._windows._EventPoller/_windows.py:215]: Starting (proactor: <_IocpProactor overlapped#=0 result#=0>)...
2025-10-15 16:01:12,196 [DEBUG] [Dummy-6] [qasync._windows._EventWorker/_windows.py:195]: Thread started
2025-10-15 16:02:08,472 [INFO] [MainThread] [root/log.py:59]: YASB v1.8.3
2025-10-15 16:02:08,475 [INFO] [Thread-1 (_run_server)] [cli_server/cli_server.py:212]: CLI server started v1.1.2
2025-10-15 16:02:08,475 [INFO] [MainThread] [cli_server/cli_server.py:104]: Log pipe server started
2025-10-15 16:02:08,476 [ERROR] [MainThread] [root/main.py:76]: Another instance of the YASB is already running.
2025-10-15 16:25:23,639 [INFO] [MainThread] [root/controller.py:35]: Exiting Application...
2025-10-15 16:25:23,754 [INFO] [MainThread] [cli_server/cli_server.py:112]: Log pipe server stopped
2025-10-15 16:25:23,754 [DEBUG] [MainThread] [cli_server/cli_server.py:206]: CLI server stopped
2025-10-15 16:25:24,466 [INFO] [MainThread] [root/bar_manager.py:92]: Stopping SystemEventListener...
2025-10-15 16:25:24,467 [INFO] [MainThread] [core.utils.widgets.taskbar.window_manager/window_manager.py:218]: TaskbarWindowManager stopped
2025-10-15 16:25:24,486 [DEBUG] [MainThread] [qasync._windows._EventPoller/_windows.py:220]: Stopping worker thread...
2025-10-15 16:25:24,494 [DEBUG] [Dummy-6] [qasync._windows._EventWorker/_windows.py:204]: Exiting thread
2025-10-15 16:25:24,499 [DEBUG] [MainThread] [qasync._windows._IocpProactor/_windows.py:78]: Closing
2025-10-15 16:27:59,718 [INFO] [MainThread] [root/log.py:59]: YASB v1.8.3
2025-10-15 16:27:59,720 [INFO] [Thread-1 (_run_server)] [cli_server/cli_server.py:212]: CLI server started v1.1.2
2025-10-15 16:27:59,720 [INFO] [MainThread] [cli_server/cli_server.py:104]: Log pipe server started
2025-10-15 16:28:00,554 [DEBUG] [MainThread] [comtypes/__init__.py:149]: CoInitializeEx(None, 2)
2025-10-15 16:28:08,696 [INFO] [MainThread] [core.utils.widgets.taskbar.window_manager/window_manager.py:191]: TaskbarWindowManager is starting...
2025-10-15 16:28:08,706 [INFO] [MainThread] [root/bar_manager.py:85]: Starting SystemEventListener...
2025-10-15 16:28:08,707 [INFO] [MainThread] [root/watcher.py:54]: Created file watcher for path C:\Users\Fahim Rifat\.config\yasb
2025-10-15 16:28:08,821 [DEBUG] [MainThread] [qasync._windows._EventPoller/_windows.py:215]: Starting (proactor: <_IocpProactor overlapped#=0 result#=0>)...
2025-10-15 16:28:08,824 [DEBUG] [Dummy-6] [qasync._windows._EventWorker/_windows.py:195]: Thread started
2025-10-15 16:28:26,775 [INFO] [MainThread] [root/log.py:59]: YASB v1.8.3
2025-10-15 16:28:26,776 [INFO] [Thread-1 (_run_server)] [cli_server/cli_server.py:212]: CLI server started v1.1.2
2025-10-15 16:28:26,777 [INFO] [MainThread] [cli_server/cli_server.py:104]: Log pipe server started
2025-10-15 16:28:26,778 [ERROR] [MainThread] [root/main.py:76]: Another instance of the YASB is already running.
2025-10-15 16:50:18,533 [INFO] [MainThread] [root/controller.py:35]: Exiting Application...
2025-10-15 16:50:18,636 [INFO] [MainThread] [cli_server/cli_server.py:112]: Log pipe server stopped
2025-10-15 16:50:18,636 [DEBUG] [MainThread] [cli_server/cli_server.py:206]: CLI server stopped
2025-10-15 16:50:19,506 [INFO] [MainThread] [root/bar_manager.py:92]: Stopping SystemEventListener...
2025-10-15 16:50:19,507 [INFO] [MainThread] [core.utils.widgets.taskbar.window_manager/window_manager.py:218]: TaskbarWindowManager stopped
2025-10-15 16:50:19,529 [DEBUG] [MainThread] [qasync._windows._EventPoller/_windows.py:220]: Stopping worker thread...
2025-10-15 16:50:19,538 [DEBUG] [Dummy-6] [qasync._windows._EventWorker/_windows.py:204]: Exiting thread
2025-10-15 16:50:19,545 [DEBUG] [MainThread] [qasync._windows._IocpProactor/_windows.py:78]: Closing
2025-10-15 17:32:34,047 [INFO] [MainThread] [root/log.py:59]: YASB v1.8.3
2025-10-15 17:32:34,047 [INFO] [Thread-1 (_run_server)] [cli_server/cli_server.py:212]: CLI server started v1.1.2
2025-10-15 17:32:34,047 [INFO] [MainThread] [cli_server/cli_server.py:104]: Log pipe server started
2025-10-15 17:32:34,806 [DEBUG] [MainThread] [comtypes/__init__.py:149]: CoInitializeEx(None, 2)
2025-10-15 17:32:41,322 [INFO] [MainThread] [core.utils.widgets.taskbar.window_manager/window_manager.py:191]: TaskbarWindowManager is starting...
2025-10-15 17:32:41,331 [INFO] [MainThread] [root/bar_manager.py:85]: Starting SystemEventListener...
2025-10-15 17:32:41,332 [INFO] [MainThread] [root/watcher.py:54]: Created file watcher for path C:\Users\Fahim Rifat\.config\yasb
2025-10-15 17:32:41,442 [DEBUG] [MainThread] [qasync._windows._EventPoller/_windows.py:215]: Starting (proactor: <_IocpProactor overlapped#=0 result#=0>)...
2025-10-15 17:32:41,450 [DEBUG] [Dummy-6] [qasync._windows._EventWorker/_windows.py:195]: Thread started
2025-10-15 17:32:54,934 [INFO] [MainThread] [root/log.py:59]: YASB v1.8.3
2025-10-15 17:32:54,936 [INFO] [Thread-1 (_run_server)] [cli_server/cli_server.py:212]: CLI server started v1.1.2
2025-10-15 17:32:54,936 [INFO] [MainThread] [cli_server/cli_server.py:104]: Log pipe server started
2025-10-15 17:32:54,937 [ERROR] [MainThread] [root/main.py:76]: Another instance of the YASB is already running.
2025-10-16 00:17:56,748 [INFO] [MainThread] [root/controller.py:35]: Exiting Application...
2025-10-16 00:17:56,856 [INFO] [MainThread] [cli_server/cli_server.py:112]: Log pipe server stopped
2025-10-16 00:17:56,856 [DEBUG] [MainThread] [cli_server/cli_server.py:206]: CLI server stopped
2025-10-16 00:17:56,932 [INFO] [MainThread] [root/bar_manager.py:92]: Stopping SystemEventListener...
2025-10-16 00:17:56,934 [INFO] [MainThread] [core.utils.widgets.taskbar.window_manager/window_manager.py:218]: TaskbarWindowManager stopped
2025-10-16 00:17:56,972 [DEBUG] [MainThread] [qasync._windows._EventPoller/_windows.py:220]: Stopping worker thread...
2025-10-16 00:17:56,982 [DEBUG] [Dummy-6] [qasync._windows._EventWorker/_windows.py:204]: Exiting thread
2025-10-16 00:17:56,990 [DEBUG] [MainThread] [qasync._windows._IocpProactor/_windows.py:78]: Closing
2025-10-16 09:51:54,208 [INFO] [MainThread] [root/log.py:59]: YASB v1.8.3
2025-10-16 09:51:54,210 [INFO] [Thread-1 (_run_server)] [cli_server/cli_server.py:212]: CLI server started v1.1.2
2025-10-16 09:51:54,210 [INFO] [MainThread] [cli_server/cli_server.py:104]: Log pipe server started
2025-10-16 09:51:55,033 [DEBUG] [MainThread] [comtypes/__init__.py:149]: CoInitializeEx(None, 2)
2025-10-16 09:52:04,077 [INFO] [MainThread] [core.utils.widgets.taskbar.window_manager/window_manager.py:191]: TaskbarWindowManager is starting...
2025-10-16 09:52:04,085 [INFO] [MainThread] [root/bar_manager.py:85]: Starting SystemEventListener...
2025-10-16 09:52:04,085 [INFO] [MainThread] [root/watcher.py:54]: Created file watcher for path C:\Users\Fahim Rifat\.config\yasb
2025-10-16 09:52:04,168 [DEBUG] [MainThread] [qasync._windows._EventPoller/_windows.py:215]: Starting (proactor: <_IocpProactor overlapped#=0 result#=0>)...
2025-10-16 09:52:04,170 [DEBUG] [Dummy-6] [qasync._windows._EventWorker/_windows.py:195]: Thread started
2025-10-16 09:52:19,952 [INFO] [MainThread] [root/log.py:59]: YASB v1.8.3
2025-10-16 09:52:19,953 [INFO] [Thread-1 (_run_server)] [cli_server/cli_server.py:212]: CLI server started v1.1.2
2025-10-16 09:52:19,954 [INFO] [MainThread] [cli_server/cli_server.py:104]: Log pipe server started
2025-10-16 09:52:19,954 [ERROR] [MainThread] [root/main.py:76]: Another instance of the YASB is already running.
2025-10-16 09:58:14,165 [INFO] [MainThread] [root/controller.py:15]: Reloading Application from tray...
2025-10-16 09:58:14,273 [INFO] [MainThread] [cli_server/cli_server.py:112]: Log pipe server stopped
2025-10-16 09:58:14,273 [DEBUG] [MainThread] [cli_server/cli_server.py:206]: CLI server stopped
2025-10-16 09:58:14,349 [INFO] [MainThread] [root/bar_manager.py:92]: Stopping SystemEventListener...
2025-10-16 09:58:14,352 [INFO] [MainThread] [core.utils.widgets.taskbar.window_manager/window_manager.py:218]: TaskbarWindowManager stopped
2025-10-16 09:58:14,365 [DEBUG] [MainThread] [qasync._windows._EventPoller/_windows.py:220]: Stopping worker thread...
2025-10-16 09:58:14,367 [DEBUG] [Dummy-6] [qasync._windows._EventWorker/_windows.py:204]: Exiting thread
2025-10-16 09:58:14,377 [DEBUG] [MainThread] [qasync._windows._IocpProactor/_windows.py:78]: Closing
2025-10-16 09:58:14,997 [INFO] [MainThread] [root/log.py:59]: YASB v1.8.3
2025-10-16 09:58:14,999 [INFO] [Thread-1 (_run_server)] [cli_server/cli_server.py:212]: CLI server started v1.1.2
2025-10-16 09:58:14,999 [INFO] [MainThread] [cli_server/cli_server.py:104]: Log pipe server started
2025-10-16 09:58:15,343 [DEBUG] [MainThread] [comtypes/__init__.py:149]: CoInitializeEx(None, 2)
2025-10-16 09:58:17,053 [INFO] [MainThread] [core.utils.widgets.taskbar.window_manager/window_manager.py:191]: TaskbarWindowManager is starting...
2025-10-16 09:58:17,078 [INFO] [MainThread] [root/bar_manager.py:85]: Starting SystemEventListener...
2025-10-16 09:58:17,079 [INFO] [MainThread] [root/watcher.py:54]: Created file watcher for path C:\Users\Fahim Rifat\.config\yasb
2025-10-16 09:58:17,146 [DEBUG] [MainThread] [qasync._windows._EventPoller/_windows.py:215]: Starting (proactor: <_IocpProactor overlapped#=0 result#=0>)...
2025-10-16 09:58:17,148 [DEBUG] [Dummy-6] [qasync._windows._EventWorker/_windows.py:195]: Thread started
2025-10-16 13:40:56,922 [INFO] [MainThread] [root/bar_manager.py:92]: Stopping SystemEventListener...
2025-10-16 13:40:56,940 [INFO] [MainThread] [core.utils.widgets.taskbar.window_manager/window_manager.py:218]: TaskbarWindowManager stopped
2025-10-16 16:18:57,463 [INFO] [MainThread] [root/log.py:59]: YASB v1.8.3
2025-10-16 16:18:57,463 [INFO] [Thread-1 (_run_server)] [cli_server/cli_server.py:212]: CLI server started v1.1.2
2025-10-16 16:18:57,463 [INFO] [MainThread] [cli_server/cli_server.py:104]: Log pipe server started
2025-10-16 16:18:57,920 [DEBUG] [MainThread] [comtypes/__init__.py:149]: CoInitializeEx(None, 2)
2025-10-16 16:19:03,180 [INFO] [MainThread] [core.utils.widgets.taskbar.window_manager/window_manager.py:191]: TaskbarWindowManager is starting...
2025-10-16 16:19:03,188 [INFO] [MainThread] [root/bar_manager.py:85]: Starting SystemEventListener...
2025-10-16 16:19:03,188 [INFO] [MainThread] [root/watcher.py:54]: Created file watcher for path C:\Users\Fahim Rifat\.config\yasb
2025-10-16 16:19:03,271 [DEBUG] [MainThread] [qasync._windows._EventPoller/_windows.py:215]: Starting (proactor: <_IocpProactor overlapped#=0 result#=0>)...
2025-10-16 16:19:03,272 [DEBUG] [Dummy-6] [qasync._windows._EventWorker/_windows.py:195]: Thread started
2025-10-16 16:19:03,923 [WARNING] [Thread-5 (check_for_update)] [root/update_check.py:54]: UpdateCheckService Failed to check for updates: Network error.
2025-10-16 16:19:22,678 [INFO] [MainThread] [root/log.py:59]: YASB v1.8.3
2025-10-16 16:19:22,680 [INFO] [Thread-1 (_run_server)] [cli_server/cli_server.py:212]: CLI server started v1.1.2
2025-10-16 16:19:22,680 [INFO] [MainThread] [cli_server/cli_server.py:104]: Log pipe server started
2025-10-16 16:19:22,681 [ERROR] [MainThread] [root/main.py:76]: Another instance of the YASB is already running.
2025-10-16 17:56:21,440 [INFO] [MainThread] [root/controller.py:35]: Exiting Application...
2025-10-16 17:56:21,546 [INFO] [MainThread] [cli_server/cli_server.py:112]: Log pipe server stopped
2025-10-16 17:56:21,546 [DEBUG] [MainThread] [cli_server/cli_server.py:206]: CLI server stopped
2025-10-16 17:56:21,659 [INFO] [MainThread] [root/bar_manager.py:92]: Stopping SystemEventListener...
2025-10-16 17:56:21,661 [INFO] [MainThread] [core.utils.widgets.taskbar.window_manager/window_manager.py:218]: TaskbarWindowManager stopped
2025-10-16 17:56:21,685 [DEBUG] [MainThread] [qasync._windows._EventPoller/_windows.py:220]: Stopping worker thread...
2025-10-16 17:56:21,688 [DEBUG] [Dummy-6] [qasync._windows._EventWorker/_windows.py:204]: Exiting thread
2025-10-16 17:56:21,698 [DEBUG] [MainThread] [qasync._windows._IocpProactor/_windows.py:78]: Closing
2025-10-16 18:51:35,525 [INFO] [MainThread] [root/log.py:59]: YASB v1.8.3
2025-10-16 18:51:35,527 [INFO] [Thread-1 (_run_server)] [cli_server/cli_server.py:212]: CLI server started v1.1.2
2025-10-16 18:51:35,527 [INFO] [MainThread] [cli_server/cli_server.py:104]: Log pipe server started
2025-10-16 18:51:35,920 [DEBUG] [MainThread] [comtypes/__init__.py:149]: CoInitializeEx(None, 2)
2025-10-16 18:51:38,543 [INFO] [MainThread] [core.utils.widgets.taskbar.window_manager/window_manager.py:191]: TaskbarWindowManager is starting...
2025-10-16 18:51:38,552 [INFO] [MainThread] [root/bar_manager.py:85]: Starting SystemEventListener...
2025-10-16 18:51:38,553 [INFO] [MainThread] [root/watcher.py:54]: Created file watcher for path C:\Users\Fahim Rifat\.config\yasb
2025-10-16 18:51:38,639 [DEBUG] [MainThread] [qasync._windows._EventPoller/_windows.py:215]: Starting (proactor: <_IocpProactor overlapped#=0 result#=0>)...
2025-10-16 18:51:38,641 [DEBUG] [Dummy-6] [qasync._windows._EventWorker/_windows.py:195]: Thread started
2025-10-16 18:51:51,338 [WARNING] [Thread-5 (check_for_update)] [root/update_check.py:54]: UpdateCheckService Failed to check for updates: Network error.
2025-10-16 18:52:02,245 [INFO] [MainThread] [root/log.py:59]: YASB v1.8.3
2025-10-16 18:52:02,247 [INFO] [Thread-1 (_run_server)] [cli_server/cli_server.py:212]: CLI server started v1.1.2
2025-10-16 18:52:02,248 [INFO] [MainThread] [cli_server/cli_server.py:104]: Log pipe server started
2025-10-16 18:52:02,248 [ERROR] [MainThread] [root/main.py:76]: Another instance of the YASB is already running.
2025-10-16 19:02:01,338 [INFO] [MainThread] [root/bar_manager.py:92]: Stopping SystemEventListener...
2025-10-16 19:02:01,342 [INFO] [MainThread] [core.utils.widgets.taskbar.window_manager/window_manager.py:218]: TaskbarWindowManager stopped
2025-10-16 23:38:46,600 [INFO] [MainThread] [root/log.py:59]: YASB v1.8.3
2025-10-16 23:38:46,602 [INFO] [Thread-1 (_run_server)] [cli_server/cli_server.py:212]: CLI server started v1.1.2
2025-10-16 23:38:46,604 [INFO] [MainThread] [cli_server/cli_server.py:104]: Log pipe server started
2025-10-16 23:38:47,036 [DEBUG] [MainThread] [comtypes/__init__.py:149]: CoInitializeEx(None, 2)
2025-10-16 23:38:49,118 [INFO] [MainThread] [core.utils.widgets.taskbar.window_manager/window_manager.py:191]: TaskbarWindowManager is starting...
2025-10-16 23:38:49,129 [INFO] [MainThread] [root/bar_manager.py:85]: Starting SystemEventListener...
2025-10-16 23:38:49,130 [INFO] [MainThread] [root/watcher.py:54]: Created file watcher for path C:\Users\Fahim Rifat\.config\yasb
2025-10-16 23:38:49,219 [DEBUG] [MainThread] [qasync._windows._EventPoller/_windows.py:215]: Starting (proactor: <_IocpProactor overlapped#=0 result#=0>)...
2025-10-16 23:38:49,221 [DEBUG] [Dummy-6] [qasync._windows._EventWorker/_windows.py:195]: Thread started
2025-10-16 23:38:59,688 [INFO] [MainThread] [root/log.py:59]: YASB v1.8.3
2025-10-16 23:38:59,689 [INFO] [Thread-1 (_run_server)] [cli_server/cli_server.py:212]: CLI server started v1.1.2
2025-10-16 23:38:59,690 [INFO] [MainThread] [cli_server/cli_server.py:104]: Log pipe server started
2025-10-16 23:38:59,691 [ERROR] [MainThread] [root/main.py:76]: Another instance of the YASB is already running.
2025-10-16 23:39:01,911 [WARNING] [Thread-5 (check_for_update)] [root/update_check.py:54]: UpdateCheckService Failed to check for updates: Network error.
2025-10-17 00:56:40,765 [INFO] [MainThread] [root/controller.py:15]: Reloading Application from tray...
2025-10-17 00:56:40,872 [INFO] [MainThread] [cli_server/cli_server.py:112]: Log pipe server stopped
2025-10-17 00:56:40,873 [DEBUG] [MainThread] [cli_server/cli_server.py:206]: CLI server stopped
2025-10-17 00:56:40,917 [INFO] [MainThread] [root/bar_manager.py:92]: Stopping SystemEventListener...
2025-10-17 00:56:40,919 [INFO] [MainThread] [core.utils.widgets.taskbar.window_manager/window_manager.py:218]: TaskbarWindowManager stopped
2025-10-17 00:56:40,928 [DEBUG] [MainThread] [qasync._windows._EventPoller/_windows.py:220]: Stopping worker thread...
2025-10-17 00:56:40,935 [DEBUG] [Dummy-6] [qasync._windows._EventWorker/_windows.py:204]: Exiting thread
2025-10-17 00:56:40,937 [DEBUG] [MainThread] [qasync._windows._IocpProactor/_windows.py:78]: Closing
2025-10-17 00:56:43,630 [INFO] [MainThread] [root/log.py:59]: YASB v1.8.3
2025-10-17 00:56:43,632 [INFO] [Thread-1 (_run_server)] [cli_server/cli_server.py:212]: CLI server started v1.1.2
2025-10-17 00:56:43,632 [INFO] [MainThread] [cli_server/cli_server.py:104]: Log pipe server started
2025-10-17 00:56:44,416 [DEBUG] [MainThread] [comtypes/__init__.py:149]: CoInitializeEx(None, 2)
2025-10-17 00:56:50,439 [INFO] [MainThread] [core.utils.widgets.taskbar.window_manager/window_manager.py:191]: TaskbarWindowManager is starting...
2025-10-17 00:56:50,443 [INFO] [MainThread] [root/bar_manager.py:85]: Starting SystemEventListener...
2025-10-17 00:56:50,444 [INFO] [MainThread] [root/watcher.py:54]: Created file watcher for path C:\Users\Fahim Rifat\.config\yasb
2025-10-17 00:56:50,511 [DEBUG] [MainThread] [qasync._windows._EventPoller/_windows.py:215]: Starting (proactor: <_IocpProactor overlapped#=0 result#=0>)...
2025-10-17 00:56:50,512 [DEBUG] [Dummy-6] [qasync._windows._EventWorker/_windows.py:195]: Thread started
2025-10-17 01:18:35,371 [INFO] [MainThread] [root/controller.py:35]: Exiting Application...
2025-10-17 01:18:35,473 [INFO] [MainThread] [cli_server/cli_server.py:112]: Log pipe server stopped
2025-10-17 01:18:35,473 [DEBUG] [MainThread] [cli_server/cli_server.py:206]: CLI server stopped
2025-10-17 01:18:35,604 [INFO] [MainThread] [root/bar_manager.py:92]: Stopping SystemEventListener...
2025-10-17 01:18:35,605 [INFO] [MainThread] [core.utils.widgets.taskbar.window_manager/window_manager.py:218]: TaskbarWindowManager stopped
2025-10-17 01:18:35,627 [DEBUG] [MainThread] [qasync._windows._EventPoller/_windows.py:220]: Stopping worker thread...
2025-10-17 01:18:35,630 [DEBUG] [Dummy-6] [qasync._windows._EventWorker/_windows.py:204]: Exiting thread
2025-10-17 01:18:35,635 [DEBUG] [MainThread] [qasync._windows._IocpProactor/_windows.py:78]: Closing
2025-10-17 18:45:23,750 [INFO] [MainThread] [root/log.py:59]: YASB v1.8.3
2025-10-17 18:45:23,750 [INFO] [Thread-1 (_run_server)] [cli_server/cli_server.py:212]: CLI server started v1.1.2
2025-10-17 18:45:23,755 [INFO] [MainThread] [cli_server/cli_server.py:104]: Log pipe server started
2025-10-17 18:45:24,109 [DEBUG] [MainThread] [comtypes/__init__.py:149]: CoInitializeEx(None, 2)
2025-10-17 18:45:26,890 [INFO] [MainThread] [core.utils.widgets.taskbar.window_manager/window_manager.py:191]: TaskbarWindowManager is starting...
2025-10-17 18:45:26,902 [INFO] [MainThread] [root/bar_manager.py:85]: Starting SystemEventListener...
2025-10-17 18:45:26,904 [INFO] [MainThread] [root/watcher.py:54]: Created file watcher for path C:\Users\Fahim Rifat\.config\yasb
2025-10-17 18:45:26,997 [DEBUG] [MainThread] [qasync._windows._EventPoller/_windows.py:215]: Starting (proactor: <_IocpProactor overlapped#=0 result#=0>)...
2025-10-17 18:45:26,998 [DEBUG] [Dummy-6] [qasync._windows._EventWorker/_windows.py:195]: Thread started
2025-10-17 18:45:55,569 [INFO] [MainThread] [root/log.py:59]: YASB v1.8.3
2025-10-17 18:45:55,570 [INFO] [Thread-1 (_run_server)] [cli_server/cli_server.py:212]: CLI server started v1.1.2
2025-10-17 18:45:55,570 [INFO] [MainThread] [cli_server/cli_server.py:104]: Log pipe server started
2025-10-17 18:45:55,572 [ERROR] [MainThread] [root/main.py:76]: Another instance of the YASB is already running.
2025-10-17 23:35:27,471 [INFO] [MainThread] [root/bar_manager.py:92]: Stopping SystemEventListener...
2025-10-17 23:35:27,473 [INFO] [MainThread] [core.utils.widgets.taskbar.window_manager/window_manager.py:218]: TaskbarWindowManager stopped
2025-10-18 18:42:14,320 [INFO] [MainThread] [root/log.py:59]: YASB v1.8.3
2025-10-18 18:42:14,320 [INFO] [Thread-1 (_run_server)] [cli_server/cli_server.py:212]: CLI server started v1.1.2
2025-10-18 18:42:14,320 [INFO] [MainThread] [cli_server/cli_server.py:104]: Log pipe server started
2025-10-18 18:42:15,096 [DEBUG] [MainThread] [comtypes/__init__.py:149]: CoInitializeEx(None, 2)
2025-10-18 18:42:23,329 [INFO] [MainThread] [core.utils.widgets.taskbar.window_manager/window_manager.py:191]: TaskbarWindowManager is starting...
2025-10-18 18:42:23,339 [INFO] [MainThread] [root/bar_manager.py:85]: Starting SystemEventListener...
2025-10-18 18:42:23,340 [INFO] [MainThread] [root/watcher.py:54]: Created file watcher for path C:\Users\Fahim Rifat\.config\yasb
2025-10-18 18:42:23,454 [DEBUG] [MainThread] [qasync._windows._EventPoller/_windows.py:215]: Starting (proactor: <_IocpProactor overlapped#=0 result#=0>)...
2025-10-18 18:42:23,457 [DEBUG] [Dummy-6] [qasync._windows._EventWorker/_windows.py:195]: Thread started
2025-10-18 18:43:07,839 [INFO] [MainThread] [root/log.py:59]: YASB v1.8.3
2025-10-18 18:43:07,841 [INFO] [Thread-1 (_run_server)] [cli_server/cli_server.py:212]: CLI server started v1.1.2
2025-10-18 18:43:07,841 [INFO] [MainThread] [cli_server/cli_server.py:104]: Log pipe server started
2025-10-18 18:43:07,841 [ERROR] [MainThread] [root/main.py:76]: Another instance of the YASB is already running.
2025-10-18 19:58:51,002 [INFO] [MainThread] [root/bar_manager.py:92]: Stopping SystemEventListener...
2025-10-18 19:58:51,004 [INFO] [MainThread] [core.utils.widgets.taskbar.window_manager/window_manager.py:218]: TaskbarWindowManager stopped
2025-10-18 20:01:01,167 [INFO] [MainThread] [root/log.py:59]: YASB v1.8.3
2025-10-18 20:01:01,167 [INFO] [Thread-1 (_run_server)] [cli_server/cli_server.py:212]: CLI server started v1.1.2
2025-10-18 20:01:01,167 [INFO] [MainThread] [cli_server/cli_server.py:104]: Log pipe server started
2025-10-18 20:01:02,076 [DEBUG] [MainThread] [comtypes/__init__.py:149]: CoInitializeEx(None, 2)
2025-10-18 20:01:10,465 [INFO] [MainThread] [core.utils.widgets.taskbar.window_manager/window_manager.py:191]: TaskbarWindowManager is starting...
2025-10-18 20:01:10,499 [INFO] [MainThread] [root/bar_manager.py:85]: Starting SystemEventListener...
2025-10-18 20:01:10,500 [INFO] [MainThread] [root/watcher.py:54]: Created file watcher for path C:\Users\Fahim Rifat\.config\yasb
2025-10-18 20:01:10,600 [DEBUG] [MainThread] [qasync._windows._EventPoller/_windows.py:215]: Starting (proactor: <_IocpProactor overlapped#=0 result#=0>)...
2025-10-18 20:01:10,603 [DEBUG] [Dummy-6] [qasync._windows._EventWorker/_windows.py:195]: Thread started
2025-10-18 20:02:47,188 [INFO] [MainThread] [root/log.py:59]: YASB v1.8.3
2025-10-18 20:02:47,189 [INFO] [Thread-1 (_run_server)] [cli_server/cli_server.py:212]: CLI server started v1.1.2
2025-10-18 20:02:47,190 [INFO] [MainThread] [cli_server/cli_server.py:104]: Log pipe server started
2025-10-18 20:02:47,190 [ERROR] [MainThread] [root/main.py:76]: Another instance of the YASB is already running.
2025-10-18 21:40:44,064 [INFO] [MainThread] [root/controller.py:35]: Exiting Application...
2025-10-18 21:40:44,171 [INFO] [MainThread] [cli_server/cli_server.py:112]: Log pipe server stopped
2025-10-18 21:40:44,171 [DEBUG] [MainThread] [cli_server/cli_server.py:206]: CLI server stopped
2025-10-18 21:40:44,258 [INFO] [MainThread] [root/bar_manager.py:92]: Stopping SystemEventListener...
2025-10-18 21:40:44,259 [INFO] [MainThread] [core.utils.widgets.taskbar.window_manager/window_manager.py:218]: TaskbarWindowManager stopped
2025-10-18 21:40:44,282 [DEBUG] [MainThread] [qasync._windows._EventPoller/_windows.py:220]: Stopping worker thread...
2025-10-18 21:40:44,298 [DEBUG] [Dummy-6] [qasync._windows._EventWorker/_windows.py:204]: Exiting thread
2025-10-18 21:40:44,302 [DEBUG] [MainThread] [qasync._windows._IocpProactor/_windows.py:78]: Closing
2025-10-19 18:13:19,792 [INFO] [MainThread] [root/log.py:59]: YASB v1.8.3
2025-10-19 18:13:19,794 [INFO] [Thread-1 (_run_server)] [cli_server/cli_server.py:212]: CLI server started v1.1.2
2025-10-19 18:13:19,795 [INFO] [MainThread] [cli_server/cli_server.py:104]: Log pipe server started
2025-10-19 18:13:20,654 [DEBUG] [MainThread] [comtypes/__init__.py:149]: CoInitializeEx(None, 2)
2025-10-19 18:13:29,132 [INFO] [MainThread] [core.utils.widgets.taskbar.window_manager/window_manager.py:191]: TaskbarWindowManager is starting...
2025-10-19 18:13:29,139 [INFO] [MainThread] [root/bar_manager.py:85]: Starting SystemEventListener...
2025-10-19 18:13:29,140 [INFO] [MainThread] [root/watcher.py:54]: Created file watcher for path C:\Users\Fahim Rifat\.config\yasb
2025-10-19 18:13:29,229 [DEBUG] [MainThread] [qasync._windows._EventPoller/_windows.py:215]: Starting (proactor: <_IocpProactor overlapped#=0 result#=0>)...
2025-10-19 18:13:29,231 [DEBUG] [Dummy-6] [qasync._windows._EventWorker/_windows.py:195]: Thread started
2025-10-19 18:13:40,173 [INFO] [MainThread] [root/log.py:59]: YASB v1.8.3
2025-10-19 18:13:40,175 [INFO] [Thread-1 (_run_server)] [cli_server/cli_server.py:212]: CLI server started v1.1.2
2025-10-19 18:13:40,175 [INFO] [MainThread] [cli_server/cli_server.py:104]: Log pipe server started
2025-10-19 18:13:40,176 [ERROR] [MainThread] [root/main.py:76]: Another instance of the YASB is already running.
2025-10-19 19:30:56,851 [INFO] [MainThread] [root/controller.py:35]: Exiting Application...
2025-10-19 19:30:56,962 [INFO] [MainThread] [cli_server/cli_server.py:112]: Log pipe server stopped
2025-10-19 19:30:56,962 [DEBUG] [MainThread] [cli_server/cli_server.py:206]: CLI server stopped
2025-10-19 19:30:57,919 [INFO] [MainThread] [root/bar_manager.py:92]: Stopping SystemEventListener...
2025-10-19 19:30:57,921 [INFO] [MainThread] [core.utils.widgets.taskbar.window_manager/window_manager.py:218]: TaskbarWindowManager stopped
2025-10-19 19:30:57,940 [DEBUG] [MainThread] [qasync._windows._EventPoller/_windows.py:220]: Stopping worker thread...
2025-10-19 19:30:57,942 [DEBUG] [Dummy-6] [qasync._windows._EventWorker/_windows.py:204]: Exiting thread
2025-10-19 19:30:57,948 [DEBUG] [MainThread] [qasync._windows._IocpProactor/_windows.py:78]: Closing
2025-10-19 20:10:34,083 [INFO] [MainThread] [root/log.py:59]: YASB v1.8.3
2025-10-19 20:10:34,094 [INFO] [Thread-1 (_run_server)] [cli_server/cli_server.py:212]: CLI server started v1.1.2
2025-10-19 20:10:34,094 [INFO] [MainThread] [cli_server/cli_server.py:104]: Log pipe server started
2025-10-19 20:10:34,472 [DEBUG] [MainThread] [comtypes/__init__.py:149]: CoInitializeEx(None, 2)
2025-10-19 20:10:41,572 [INFO] [MainThread] [core.utils.widgets.taskbar.window_manager/window_manager.py:191]: TaskbarWindowManager is starting...
2025-10-19 20:10:41,588 [INFO] [MainThread] [root/bar_manager.py:85]: Starting SystemEventListener...
2025-10-19 20:10:41,589 [INFO] [MainThread] [root/watcher.py:54]: Created file watcher for path C:\Users\Fahim Rifat\.config\yasb
2025-10-19 20:10:41,711 [DEBUG] [MainThread] [qasync._windows._EventPoller/_windows.py:215]: Starting (proactor: <_IocpProactor overlapped#=0 result#=0>)...
2025-10-19 20:10:41,714 [DEBUG] [Dummy-6] [qasync._windows._EventWorker/_windows.py:195]: Thread started
2025-10-19 20:11:06,288 [INFO] [MainThread] [root/log.py:59]: YASB v1.8.3
2025-10-19 20:11:06,290 [INFO] [Thread-1 (_run_server)] [cli_server/cli_server.py:212]: CLI server started v1.1.2
2025-10-19 20:11:06,291 [INFO] [MainThread] [cli_server/cli_server.py:104]: Log pipe server started
2025-10-19 20:11:06,291 [ERROR] [MainThread] [root/main.py:76]: Another instance of the YASB is already running.
2025-10-19 20:38:50,267 [INFO] [MainThread] [root/bar_manager.py:92]: Stopping SystemEventListener...
2025-10-19 20:38:50,277 [INFO] [MainThread] [core.utils.widgets.taskbar.window_manager/window_manager.py:218]: TaskbarWindowManager stopped
2025-10-19 22:12:11,296 [INFO] [MainThread] [root/log.py:59]: YASB v1.8.3
2025-10-19 22:12:11,298 [INFO] [Thread-1 (_run_server)] [cli_server/cli_server.py:212]: CLI server started v1.1.2
2025-10-19 22:12:11,298 [INFO] [MainThread] [cli_server/cli_server.py:104]: Log pipe server started
2025-10-19 22:12:12,133 [DEBUG] [MainThread] [comtypes/__init__.py:149]: CoInitializeEx(None, 2)
2025-10-19 22:12:21,042 [INFO] [MainThread] [core.utils.widgets.taskbar.window_manager/window_manager.py:191]: TaskbarWindowManager is starting...
2025-10-19 22:12:21,050 [INFO] [MainThread] [root/bar_manager.py:85]: Starting SystemEventListener...
2025-10-19 22:12:21,051 [INFO] [MainThread] [root/watcher.py:54]: Created file watcher for path C:\Users\Fahim Rifat\.config\yasb
2025-10-19 22:12:21,175 [DEBUG] [MainThread] [qasync._windows._EventPoller/_windows.py:215]: Starting (proactor: <_IocpProactor overlapped#=0 result#=0>)...
2025-10-19 22:12:21,178 [DEBUG] [Dummy-6] [qasync._windows._EventWorker/_windows.py:195]: Thread started
2025-10-19 22:12:49,493 [INFO] [MainThread] [root/log.py:59]: YASB v1.8.3
2025-10-19 22:12:49,495 [INFO] [Thread-1 (_run_server)] [cli_server/cli_server.py:212]: CLI server started v1.1.2
2025-10-19 22:12:49,495 [INFO] [MainThread] [cli_server/cli_server.py:104]: Log pipe server started
2025-10-19 22:12:49,496 [ERROR] [MainThread] [root/main.py:76]: Another instance of the YASB is already running.
2025-10-19 23:44:58,954 [INFO] [MainThread] [root/controller.py:35]: Exiting Application from tray...
2025-10-19 23:44:59,059 [INFO] [MainThread] [cli_server/cli_server.py:112]: Log pipe server stopped
2025-10-19 23:44:59,059 [DEBUG] [MainThread] [cli_server/cli_server.py:206]: CLI server stopped
2025-10-19 23:44:59,112 [INFO] [MainThread] [root/bar_manager.py:92]: Stopping SystemEventListener...
2025-10-19 23:44:59,113 [INFO] [MainThread] [core.utils.widgets.taskbar.window_manager/window_manager.py:218]: TaskbarWindowManager stopped
2025-10-19 23:44:59,122 [DEBUG] [MainThread] [qasync._windows._EventPoller/_windows.py:220]: Stopping worker thread...
2025-10-19 23:44:59,123 [DEBUG] [Dummy-6] [qasync._windows._EventWorker/_windows.py:204]: Exiting thread
2025-10-19 23:44:59,128 [DEBUG] [MainThread] [qasync._windows._IocpProactor/_windows.py:78]: Closing
2025-10-20 00:02:29,453 [INFO] [MainThread] [root/log.py:59]: YASB v1.8.3
2025-10-20 00:02:29,455 [INFO] [Thread-1 (_run_server)] [cli_server/cli_server.py:212]: CLI server started v1.1.2
2025-10-20 00:02:29,456 [INFO] [MainThread] [cli_server/cli_server.py:104]: Log pipe server started
2025-10-20 00:02:29,791 [DEBUG] [MainThread] [comtypes/__init__.py:149]: CoInitializeEx(None, 2)
2025-10-20 00:02:32,109 [INFO] [MainThread] [core.utils.widgets.taskbar.window_manager/window_manager.py:191]: TaskbarWindowManager is starting...
2025-10-20 00:02:32,116 [INFO] [MainThread] [root/bar_manager.py:85]: Starting SystemEventListener...
2025-10-20 00:02:32,116 [INFO] [MainThread] [root/watcher.py:54]: Created file watcher for path C:\Users\Fahim Rifat\.config\yasb
2025-10-20 00:02:32,186 [DEBUG] [MainThread] [qasync._windows._EventPoller/_windows.py:215]: Starting (proactor: <_IocpProactor overlapped#=0 result#=0>)...
2025-10-20 00:02:32,188 [DEBUG] [Dummy-6] [qasync._windows._EventWorker/_windows.py:195]: Thread started
2025-10-20 00:05:02,534 [INFO] [Thread-1 (_run_server)] [cli_server/cli_server.py:253]: CLI server received command: stop
2025-10-20 00:05:02,535 [INFO] [Thread-1 (_run_server)] [root/controller.py:35]: Exiting Application from CLI...
2025-10-20 00:05:02,646 [INFO] [Thread-1 (_run_server)] [cli_server/cli_server.py:112]: Log pipe server stopped
2025-10-20 00:05:02,646 [DEBUG] [Thread-1 (_run_server)] [cli_server/cli_server.py:206]: CLI server stopped
2025-10-20 00:05:03,489 [INFO] [MainThread] [root/bar_manager.py:92]: Stopping SystemEventListener...
2025-10-20 00:05:03,491 [INFO] [MainThread] [core.utils.widgets.taskbar.window_manager/window_manager.py:218]: TaskbarWindowManager stopped
2025-10-20 00:05:03,501 [DEBUG] [MainThread] [qasync._windows._EventPoller/_windows.py:220]: Stopping worker thread...
2025-10-20 00:05:03,506 [DEBUG] [Dummy-6] [qasync._windows._EventWorker/_windows.py:204]: Exiting thread
2025-10-20 00:05:03,510 [DEBUG] [MainThread] [qasync._windows._IocpProactor/_windows.py:78]: Closing
2025-10-20 00:05:04,422 [INFO] [MainThread] [root/log.py:59]: YASB v1.8.3
2025-10-20 00:05:04,424 [INFO] [Thread-1 (_run_server)] [cli_server/cli_server.py:212]: CLI server started v1.1.2
2025-10-20 00:05:04,425 [INFO] [MainThread] [cli_server/cli_server.py:104]: Log pipe server started
2025-10-20 00:05:05,298 [DEBUG] [MainThread] [comtypes/__init__.py:149]: CoInitializeEx(None, 2)
2025-10-20 00:05:07,891 [INFO] [MainThread] [core.utils.widgets.taskbar.window_manager/window_manager.py:191]: TaskbarWindowManager is starting...
2025-10-20 00:05:07,901 [INFO] [MainThread] [root/bar_manager.py:85]: Starting WindowsNotificationEventListener...
2025-10-20 00:05:07,902 [INFO] [MainThread] [root/watcher.py:54]: Created file watcher for path C:\Users\Fahim Rifat\.config\yasb
2025-10-20 00:05:07,997 [DEBUG] [MainThread] [qasync._windows._EventPoller/_windows.py:215]: Starting (proactor: <_IocpProactor overlapped#=0 result#=0>)...
2025-10-20 00:05:07,999 [DEBUG] [Dummy-6] [qasync._windows._EventWorker/_windows.py:195]: Thread started
2025-10-20 00:05:12,018 [DEBUG] [MainThread] [systray_widget/systray.py:538]: Loading state from C:\Users\Fahim Rifat\AppData\Local\YASB\systray_state_AUOPTRONICSDISPLAY1.json
2025-10-20 00:05:12,018 [DEBUG] [MainThread] [systray_widget/systray.py:548]: State file not found.
2025-10-20 00:05:12,046 [DEBUG] [TaskbarService] [systray_widget/systray.py:72]: TaskbarService thread is starting...
2025-10-20 00:05:12,046 [DEBUG] [TrayMonitor] [systray_widget/systray.py:58]: Systray thread is starting...
2025-10-20 00:05:12,056 [DEBUG] [TaskbarService] [root/tasks_service.py:75]: Found yasb systray hwnd: 459992
2025-10-20 00:05:12,057 [DEBUG] [TaskbarService] [systray_widget/tasks_service.py:81]: Adding TaskbandHWND prop to hwnd 459992
2025-10-20 00:05:12,467 [DEBUG] [MainThread] [systray_widget/systray.py:285]: Systray thread started
2025-10-20 00:05:12,672 [DEBUG] [TaskbarService] [systray_widget/tasks_service.py:81]: Adding TaskbandHWND prop to hwnd 459992
2025-10-20 00:05:12,674 [DEBUG] [TrayMonitor] [systray_widget/tray_monitor.py:228]: Finding real tray hwnd
2025-10-20 00:05:12,689 [DEBUG] [MainThread] [systray_widget/tray_monitor.py:154]: Sending TaskbarCreated message: 49254
2025-10-20 00:05:12,697 [ERROR] [TrayMonitor] [root/app_icons.py:170]: GetIconInfo failed: 0
2025-10-20 00:05:13,309 [INFO] [MainThread] [root/api.py:69]: Fetching new weather data at 2025-10-20 00:05:13.309261
2025-10-20 00:05:13,743 [DEBUG] [MainThread] [systray_widget/systray.py:476]: Re-sorting widgets
2025-10-20 00:05:13,744 [DEBUG] [MainThread] [systray_widget/systray.py:498]: Updating current state
2025-10-20 00:08:44,488 [INFO] [MainThread] [root/controller.py:15]: Reloading Application because of config change.
2025-10-20 00:08:44,601 [INFO] [MainThread] [cli_server/cli_server.py:112]: Log pipe server stopped
2025-10-20 00:08:44,601 [DEBUG] [MainThread] [cli_server/cli_server.py:206]: CLI server stopped
2025-10-20 00:08:44,624 [INFO] [MainThread] [root/bar_manager.py:76]: Successfully loaded updated config and re-initialised all bars.
2025-10-20 00:08:44,698 [INFO] [MainThread] [root/bar_manager.py:92]: Stopping WindowsNotificationEventListener...
2025-10-20 00:08:44,700 [INFO] [MainThread] [core.utils.widgets.taskbar.window_manager/window_manager.py:218]: TaskbarWindowManager stopped
2025-10-20 00:08:44,703 [DEBUG] [MainThread] [systray_widget/systray.py:498]: Updating current state
2025-10-20 00:08:44,703 [DEBUG] [MainThread] [systray_widget/systray.py:516]: Saving state to disk
2025-10-20 00:08:44,704 [DEBUG] [MainThread] [systray_widget/systray.py:520]: Saving state to C:\Users\Fahim Rifat\AppData\Local\YASB\systray_state_AUOPTRONICSDISPLAY1.json
2025-10-20 00:08:44,704 [DEBUG] [MainThread] [systray_widget/systray.py:528]: State file not found.
2025-10-20 00:08:44,732 [DEBUG] [MainThread] [qasync._windows._EventPoller/_windows.py:220]: Stopping worker thread...
2025-10-20 00:08:44,744 [DEBUG] [Dummy-6] [qasync._windows._EventWorker/_windows.py:204]: Exiting thread
2025-10-20 00:08:44,750 [DEBUG] [MainThread] [qasync._windows._IocpProactor/_windows.py:78]: Closing
2025-10-20 00:08:44,836 [DEBUG] [MainThread] [systray_widget/utils.py:96]: Destroying window 524852
2025-10-20 00:08:44,836 [DEBUG] [MainThread] [systray_widget/utils.py:96]: Destroying window 459992
2025-10-20 00:08:45,376 [INFO] [MainThread] [root/log.py:59]: YASB v1.8.3
2025-10-20 00:08:45,378 [INFO] [Thread-1 (_run_server)] [cli_server/cli_server.py:212]: CLI server started v1.1.2
2025-10-20 00:08:45,379 [INFO] [MainThread] [cli_server/cli_server.py:104]: Log pipe server started
2025-10-20 00:08:46,023 [DEBUG] [MainThread] [comtypes/__init__.py:149]: CoInitializeEx(None, 2)
2025-10-20 00:08:47,498 [INFO] [MainThread] [core.utils.widgets.taskbar.window_manager/window_manager.py:191]: TaskbarWindowManager is starting...
2025-10-20 00:08:47,510 [INFO] [MainThread] [root/bar_manager.py:85]: Starting WindowsNotificationEventListener...
2025-10-20 00:08:47,512 [INFO] [MainThread] [root/watcher.py:54]: Created file watcher for path C:\Users\Fahim Rifat\.config\yasb
2025-10-20 00:08:47,608 [DEBUG] [MainThread] [qasync._windows._EventPoller/_windows.py:215]: Starting (proactor: <_IocpProactor overlapped#=0 result#=0>)...
2025-10-20 00:08:47,610 [DEBUG] [Dummy-6] [qasync._windows._EventWorker/_windows.py:195]: Thread started
2025-10-20 00:08:47,850 [DEBUG] [MainThread] [systray_widget/systray.py:538]: Loading state from C:\Users\Fahim Rifat\AppData\Local\YASB\systray_state_AUOPTRONICSDISPLAY1.json
2025-10-20 00:08:47,863 [DEBUG] [TaskbarService] [systray_widget/systray.py:72]: TaskbarService thread is starting...
2025-10-20 00:08:47,864 [DEBUG] [TrayMonitor] [systray_widget/systray.py:58]: Systray thread is starting...
2025-10-20 00:08:47,885 [DEBUG] [TaskbarService] [root/tasks_service.py:75]: Found yasb systray hwnd: 788446
2025-10-20 00:08:47,886 [DEBUG] [TaskbarService] [systray_widget/tasks_service.py:81]: Adding TaskbandHWND prop to hwnd 788446
2025-10-20 00:08:47,908 [DEBUG] [MainThread] [systray_widget/systray.py:285]: Systray thread started
2025-10-20 00:08:48,112 [DEBUG] [TaskbarService] [systray_widget/tasks_service.py:81]: Adding TaskbandHWND prop to hwnd 788446
2025-10-20 00:08:48,115 [DEBUG] [TrayMonitor] [systray_widget/tray_monitor.py:228]: Finding real tray hwnd
2025-10-20 00:08:48,134 [DEBUG] [MainThread] [systray_widget/tray_monitor.py:154]: Sending TaskbarCreated message: 49254
2025-10-20 00:08:48,151 [ERROR] [TrayMonitor] [root/app_icons.py:170]: GetIconInfo failed: 0
2025-10-20 00:08:49,189 [DEBUG] [MainThread] [systray_widget/systray.py:476]: Re-sorting widgets
2025-10-20 00:08:49,190 [DEBUG] [MainThread] [systray_widget/systray.py:498]: Updating current state
2025-10-20 00:09:00,651 [INFO] [MainThread] [root/controller.py:15]: Reloading Application because of config change.
2025-10-20 00:09:00,766 [INFO] [MainThread] [cli_server/cli_server.py:112]: Log pipe server stopped
2025-10-20 00:09:00,766 [DEBUG] [MainThread] [cli_server/cli_server.py:206]: CLI server stopped
2025-10-20 00:09:00,774 [INFO] [MainThread] [root/bar_manager.py:76]: Successfully loaded updated config and re-initialised all bars.
2025-10-20 00:09:00,962 [INFO] [MainThread] [root/bar_manager.py:92]: Stopping WindowsNotificationEventListener...
2025-10-20 00:09:00,965 [INFO] [MainThread] [core.utils.widgets.taskbar.window_manager/window_manager.py:218]: TaskbarWindowManager stopped
2025-10-20 00:09:00,967 [DEBUG] [MainThread] [systray_widget/systray.py:498]: Updating current state
2025-10-20 00:09:00,968 [DEBUG] [MainThread] [systray_widget/systray.py:516]: Saving state to disk
2025-10-20 00:09:00,968 [DEBUG] [MainThread] [systray_widget/systray.py:520]: Saving state to C:\Users\Fahim Rifat\AppData\Local\YASB\systray_state_AUOPTRONICSDISPLAY1.json
2025-10-20 00:09:00,981 [DEBUG] [MainThread] [qasync._windows._EventPoller/_windows.py:220]: Stopping worker thread...
2025-10-20 00:09:00,983 [DEBUG] [Dummy-6] [qasync._windows._EventWorker/_windows.py:204]: Exiting thread
2025-10-20 00:09:00,988 [DEBUG] [MainThread] [qasync._windows._IocpProactor/_windows.py:78]: Closing
2025-10-20 00:09:01,043 [DEBUG] [MainThread] [systray_widget/utils.py:96]: Destroying window 1312800
2025-10-20 00:09:01,044 [DEBUG] [MainThread] [systray_widget/utils.py:96]: Destroying window 788446
2025-10-20 00:09:01,537 [INFO] [MainThread] [root/log.py:59]: YASB v1.8.3
2025-10-20 00:09:01,539 [INFO] [Thread-1 (_run_server)] [cli_server/cli_server.py:212]: CLI server started v1.1.2
2025-10-20 00:09:01,540 [INFO] [MainThread] [cli_server/cli_server.py:104]: Log pipe server started
2025-10-20 00:09:02,180 [DEBUG] [MainThread] [comtypes/__init__.py:149]: CoInitializeEx(None, 2)
2025-10-20 00:09:03,628 [INFO] [MainThread] [core.utils.widgets.taskbar.window_manager/window_manager.py:191]: TaskbarWindowManager is starting...
2025-10-20 00:09:03,639 [INFO] [MainThread] [root/bar_manager.py:85]: Starting WindowsNotificationEventListener...
2025-10-20 00:09:03,641 [INFO] [MainThread] [root/watcher.py:54]: Created file watcher for path C:\Users\Fahim Rifat\.config\yasb
2025-10-20 00:09:03,736 [DEBUG] [MainThread] [qasync._windows._EventPoller/_windows.py:215]: Starting (proactor: <_IocpProactor overlapped#=0 result#=0>)...
2025-10-20 00:09:03,738 [DEBUG] [Dummy-6] [qasync._windows._EventWorker/_windows.py:195]: Thread started
2025-10-20 00:09:03,968 [DEBUG] [MainThread] [systray_widget/systray.py:538]: Loading state from C:\Users\Fahim Rifat\AppData\Local\YASB\systray_state_AUOPTRONICSDISPLAY1.json
2025-10-20 00:09:03,982 [DEBUG] [TaskbarService] [systray_widget/systray.py:72]: TaskbarService thread is starting...
2025-10-20 00:09:03,994 [DEBUG] [TrayMonitor] [systray_widget/systray.py:58]: Systray thread is starting...
2025-10-20 00:09:04,004 [DEBUG] [TaskbarService] [root/tasks_service.py:75]: Found yasb systray hwnd: 525328
2025-10-20 00:09:04,004 [DEBUG] [TaskbarService] [systray_widget/tasks_service.py:81]: Adding TaskbandHWND prop to hwnd 525328
2025-10-20 00:09:04,026 [DEBUG] [MainThread] [systray_widget/systray.py:285]: Systray thread started
2025-10-20 00:09:04,132 [DEBUG] [TrayMonitor] [systray_widget/tray_monitor.py:228]: Finding real tray hwnd
2025-10-20 00:09:04,230 [DEBUG] [TaskbarService] [systray_widget/tasks_service.py:81]: Adding TaskbandHWND prop to hwnd 525328
2025-10-20 00:09:04,246 [DEBUG] [MainThread] [systray_widget/tray_monitor.py:154]: Sending TaskbarCreated message: 49254
2025-10-20 00:09:04,260 [ERROR] [TrayMonitor] [root/app_icons.py:170]: GetIconInfo failed: 0
2025-10-20 00:09:05,298 [DEBUG] [MainThread] [systray_widget/systray.py:476]: Re-sorting widgets
2025-10-20 00:09:05,298 [DEBUG] [MainThread] [systray_widget/systray.py:498]: Updating current state
2025-10-20 00:09:13,452 [INFO] [MainThread] [root/controller.py:15]: Reloading Application because of config change.
2025-10-20 00:09:13,564 [INFO] [MainThread] [cli_server/cli_server.py:112]: Log pipe server stopped
2025-10-20 00:09:13,564 [DEBUG] [MainThread] [cli_server/cli_server.py:206]: CLI server stopped
2025-10-20 00:09:13,573 [INFO] [MainThread] [root/bar_manager.py:76]: Successfully loaded updated config and re-initialised all bars.
2025-10-20 00:09:13,685 [INFO] [MainThread] [root/bar_manager.py:92]: Stopping WindowsNotificationEventListener...
2025-10-20 00:09:13,687 [INFO] [MainThread] [core.utils.widgets.taskbar.window_manager/window_manager.py:218]: TaskbarWindowManager stopped
2025-10-20 00:09:13,689 [DEBUG] [MainThread] [systray_widget/systray.py:498]: Updating current state
2025-10-20 00:09:13,690 [DEBUG] [MainThread] [systray_widget/systray.py:516]: Saving state to disk
2025-10-20 00:09:13,690 [DEBUG] [MainThread] [systray_widget/systray.py:520]: Saving state to C:\Users\Fahim Rifat\AppData\Local\YASB\systray_state_AUOPTRONICSDISPLAY1.json
2025-10-20 00:09:13,705 [DEBUG] [MainThread] [qasync._windows._EventPoller/_windows.py:220]: Stopping worker thread...
2025-10-20 00:09:13,706 [DEBUG] [Dummy-6] [qasync._windows._EventWorker/_windows.py:204]: Exiting thread
2025-10-20 00:09:13,713 [DEBUG] [MainThread] [qasync._windows._IocpProactor/_windows.py:78]: Closing
2025-10-20 00:09:13,765 [DEBUG] [MainThread] [systray_widget/utils.py:96]: Destroying window 459318
2025-10-20 00:09:13,765 [DEBUG] [MainThread] [systray_widget/utils.py:96]: Destroying window 525328
2025-10-20 00:09:14,268 [INFO] [MainThread] [root/log.py:59]: YASB v1.8.3
2025-10-20 00:09:14,269 [INFO] [Thread-1 (_run_server)] [cli_server/cli_server.py:212]: CLI server started v1.1.2
2025-10-20 00:09:14,270 [INFO] [MainThread] [cli_server/cli_server.py:104]: Log pipe server started
2025-10-20 00:09:14,911 [DEBUG] [MainThread] [comtypes/__init__.py:149]: CoInitializeEx(None, 2)
2025-10-20 00:09:16,470 [INFO] [MainThread] [core.utils.widgets.taskbar.window_manager/window_manager.py:191]: TaskbarWindowManager is starting...
2025-10-20 00:09:16,481 [INFO] [MainThread] [root/bar_manager.py:85]: Starting WindowsNotificationEventListener...
2025-10-20 00:09:16,483 [INFO] [MainThread] [root/watcher.py:54]: Created file watcher for path C:\Users\Fahim Rifat\.config\yasb
2025-10-20 00:09:16,588 [DEBUG] [MainThread] [qasync._windows._EventPoller/_windows.py:215]: Starting (proactor: <_IocpProactor overlapped#=0 result#=0>)...
2025-10-20 00:09:16,592 [DEBUG] [Dummy-6] [qasync._windows._EventWorker/_windows.py:195]: Thread started
2025-10-20 00:09:16,851 [DEBUG] [MainThread] [systray_widget/systray.py:538]: Loading state from C:\Users\Fahim Rifat\AppData\Local\YASB\systray_state_AUOPTRONICSDISPLAY1.json
2025-10-20 00:09:16,865 [DEBUG] [TrayMonitor] [systray_widget/systray.py:58]: Systray thread is starting...
2025-10-20 00:09:16,878 [DEBUG] [TaskbarService] [systray_widget/systray.py:72]: TaskbarService thread is starting...
2025-10-20 00:09:16,891 [DEBUG] [TaskbarService] [root/tasks_service.py:75]: Found yasb systray hwnd: 721938
2025-10-20 00:09:16,891 [DEBUG] [TaskbarService] [systray_widget/tasks_service.py:81]: Adding TaskbandHWND prop to hwnd 721938
2025-10-20 00:09:16,914 [DEBUG] [MainThread] [systray_widget/systray.py:285]: Systray thread started
2025-10-20 00:09:17,118 [DEBUG] [TaskbarService] [systray_widget/tasks_service.py:81]: Adding TaskbandHWND prop to hwnd 721938
2025-10-20 00:09:17,121 [DEBUG] [TrayMonitor] [systray_widget/tray_monitor.py:228]: Finding real tray hwnd
2025-10-20 00:09:17,143 [DEBUG] [MainThread] [systray_widget/tray_monitor.py:154]: Sending TaskbarCreated message: 49254
2025-10-20 00:09:17,158 [ERROR] [TrayMonitor] [root/app_icons.py:170]: GetIconInfo failed: 0
2025-10-20 00:09:18,194 [DEBUG] [MainThread] [systray_widget/systray.py:476]: Re-sorting widgets
2025-10-20 00:09:18,195 [DEBUG] [MainThread] [systray_widget/systray.py:498]: Updating current state
2025-10-20 00:10:35,301 [INFO] [MainThread] [root/controller.py:15]: Reloading Application because of config change.
2025-10-20 00:10:35,413 [INFO] [MainThread] [cli_server/cli_server.py:112]: Log pipe server stopped
2025-10-20 00:10:35,413 [DEBUG] [MainThread] [cli_server/cli_server.py:206]: CLI server stopped
2025-10-20 00:10:35,422 [INFO] [MainThread] [root/bar_manager.py:76]: Successfully loaded updated config and re-initialised all bars.
2025-10-20 00:10:36,312 [INFO] [MainThread] [root/bar_manager.py:92]: Stopping WindowsNotificationEventListener...
2025-10-20 00:10:36,314 [INFO] [MainThread] [core.utils.widgets.taskbar.window_manager/window_manager.py:218]: TaskbarWindowManager stopped
2025-10-20 00:10:36,316 [DEBUG] [MainThread] [systray_widget/systray.py:498]: Updating current state
2025-10-20 00:10:36,316 [DEBUG] [MainThread] [systray_widget/systray.py:516]: Saving state to disk
2025-10-20 00:10:36,317 [DEBUG] [MainThread] [systray_widget/systray.py:520]: Saving state to C:\Users\Fahim Rifat\AppData\Local\YASB\systray_state_AUOPTRONICSDISPLAY1.json
2025-10-20 00:10:36,328 [DEBUG] [MainThread] [qasync._windows._EventPoller/_windows.py:220]: Stopping worker thread...
2025-10-20 00:10:36,329 [DEBUG] [Dummy-6] [qasync._windows._EventWorker/_windows.py:204]: Exiting thread
2025-10-20 00:10:36,335 [DEBUG] [MainThread] [qasync._windows._IocpProactor/_windows.py:78]: Closing
2025-10-20 00:10:36,457 [DEBUG] [MainThread] [systray_widget/utils.py:96]: Destroying window 984272
2025-10-20 00:10:36,457 [DEBUG] [MainThread] [systray_widget/utils.py:96]: Destroying window 721938
2025-10-20 00:10:37,062 [INFO] [MainThread] [root/log.py:59]: YASB v1.8.3
2025-10-20 00:10:37,063 [INFO] [Thread-1 (_run_server)] [cli_server/cli_server.py:212]: CLI server started v1.1.2
2025-10-20 00:10:37,064 [INFO] [MainThread] [cli_server/cli_server.py:104]: Log pipe server started
2025-10-20 00:10:37,701 [DEBUG] [MainThread] [comtypes/__init__.py:149]: CoInitializeEx(None, 2)
2025-10-20 00:10:39,159 [INFO] [MainThread] [core.utils.widgets.taskbar.window_manager/window_manager.py:191]: TaskbarWindowManager is starting...
2025-10-20 00:10:39,169 [INFO] [MainThread] [root/bar_manager.py:85]: Starting WindowsNotificationEventListener...
2025-10-20 00:10:39,171 [INFO] [MainThread] [root/watcher.py:54]: Created file watcher for path C:\Users\Fahim Rifat\.config\yasb
2025-10-20 00:10:39,271 [DEBUG] [MainThread] [qasync._windows._EventPoller/_windows.py:215]: Starting (proactor: <_IocpProactor overlapped#=0 result#=0>)...
2025-10-20 00:10:39,273 [DEBUG] [Dummy-6] [qasync._windows._EventWorker/_windows.py:195]: Thread started
2025-10-20 00:10:39,509 [DEBUG] [MainThread] [systray_widget/systray.py:538]: Loading state from C:\Users\Fahim Rifat\AppData\Local\YASB\systray_state_AUOPTRONICSDISPLAY1.json
2025-10-20 00:10:39,522 [DEBUG] [TrayMonitor] [systray_widget/systray.py:58]: Systray thread is starting...
2025-10-20 00:10:39,523 [DEBUG] [TaskbarService] [systray_widget/systray.py:72]: TaskbarService thread is starting...
2025-10-20 00:10:39,546 [DEBUG] [TaskbarService] [root/tasks_service.py:75]: Found yasb systray hwnd: 852502
2025-10-20 00:10:39,546 [DEBUG] [TaskbarService] [systray_widget/tasks_service.py:81]: Adding TaskbandHWND prop to hwnd 852502
2025-10-20 00:10:39,568 [DEBUG] [MainThread] [systray_widget/systray.py:285]: Systray thread started
2025-10-20 00:10:39,770 [DEBUG] [TaskbarService] [systray_widget/tasks_service.py:81]: Adding TaskbandHWND prop to hwnd 852502
2025-10-20 00:10:39,772 [DEBUG] [TrayMonitor] [systray_widget/tray_monitor.py:228]: Finding real tray hwnd
2025-10-20 00:10:39,790 [DEBUG] [MainThread] [systray_widget/tray_monitor.py:154]: Sending TaskbarCreated message: 49254
2025-10-20 00:10:39,805 [ERROR] [TrayMonitor] [root/app_icons.py:170]: GetIconInfo failed: 0
2025-10-20 00:10:40,848 [DEBUG] [MainThread] [systray_widget/systray.py:476]: Re-sorting widgets
2025-10-20 00:10:40,849 [DEBUG] [MainThread] [systray_widget/systray.py:498]: Updating current state
2025-10-20 00:10:58,374 [INFO] [MainThread] [root/controller.py:15]: Reloading Application because of config change.
2025-10-20 00:10:58,488 [INFO] [MainThread] [cli_server/cli_server.py:112]: Log pipe server stopped
2025-10-20 00:10:58,488 [DEBUG] [MainThread] [cli_server/cli_server.py:206]: CLI server stopped
2025-10-20 00:10:58,497 [INFO] [MainThread] [root/bar_manager.py:76]: Successfully loaded updated config and re-initialised all bars.
2025-10-20 00:10:59,358 [INFO] [MainThread] [root/bar_manager.py:92]: Stopping WindowsNotificationEventListener...
2025-10-20 00:10:59,360 [INFO] [MainThread] [core.utils.widgets.taskbar.window_manager/window_manager.py:218]: TaskbarWindowManager stopped
2025-10-20 00:10:59,362 [DEBUG] [MainThread] [systray_widget/systray.py:498]: Updating current state
2025-10-20 00:10:59,363 [DEBUG] [MainThread] [systray_widget/systray.py:516]: Saving state to disk
2025-10-20 00:10:59,364 [DEBUG] [MainThread] [systray_widget/systray.py:520]: Saving state to C:\Users\Fahim Rifat\AppData\Local\YASB\systray_state_AUOPTRONICSDISPLAY1.json
2025-10-20 00:10:59,375 [DEBUG] [MainThread] [qasync._windows._EventPoller/_windows.py:220]: Stopping worker thread...
2025-10-20 00:10:59,390 [DEBUG] [Dummy-6] [qasync._windows._EventWorker/_windows.py:204]: Exiting thread
2025-10-20 00:10:59,395 [DEBUG] [MainThread] [qasync._windows._IocpProactor/_windows.py:78]: Closing
2025-10-20 00:10:59,450 [DEBUG] [MainThread] [systray_widget/utils.py:96]: Destroying window 656462
2025-10-20 00:10:59,450 [DEBUG] [MainThread] [systray_widget/utils.py:96]: Destroying window 852502
2025-10-20 00:10:59,964 [INFO] [MainThread] [root/log.py:59]: YASB v1.8.3
2025-10-20 00:10:59,966 [INFO] [Thread-1 (_run_server)] [cli_server/cli_server.py:212]: CLI server started v1.1.2
2025-10-20 00:10:59,966 [INFO] [MainThread] [cli_server/cli_server.py:104]: Log pipe server started
2025-10-20 00:11:00,601 [DEBUG] [MainThread] [comtypes/__init__.py:149]: CoInitializeEx(None, 2)
2025-10-20 00:11:02,065 [INFO] [MainThread] [core.utils.widgets.taskbar.window_manager/window_manager.py:191]: TaskbarWindowManager is starting...
2025-10-20 00:11:02,076 [INFO] [MainThread] [root/bar_manager.py:85]: Starting WindowsNotificationEventListener...
2025-10-20 00:11:02,077 [INFO] [MainThread] [root/watcher.py:54]: Created file watcher for path C:\Users\Fahim Rifat\.config\yasb
2025-10-20 00:11:02,176 [DEBUG] [MainThread] [qasync._windows._EventPoller/_windows.py:215]: Starting (proactor: <_IocpProactor overlapped#=0 result#=0>)...
2025-10-20 00:11:02,177 [DEBUG] [Dummy-6] [qasync._windows._EventWorker/_windows.py:195]: Thread started
2025-10-20 00:11:02,412 [DEBUG] [MainThread] [systray_widget/systray.py:538]: Loading state from C:\Users\Fahim Rifat\AppData\Local\YASB\systray_state_AUOPTRONICSDISPLAY1.json
2025-10-20 00:11:02,425 [DEBUG] [TaskbarService] [systray_widget/systray.py:72]: TaskbarService thread is starting...
2025-10-20 00:11:02,426 [DEBUG] [TrayMonitor] [systray_widget/systray.py:58]: Systray thread is starting...
2025-10-20 00:11:02,449 [DEBUG] [TaskbarService] [root/tasks_service.py:75]: Found yasb systray hwnd: 655926
2025-10-20 00:11:02,449 [DEBUG] [TaskbarService] [systray_widget/tasks_service.py:81]: Adding TaskbandHWND prop to hwnd 655926
2025-10-20 00:11:02,470 [DEBUG] [MainThread] [systray_widget/systray.py:285]: Systray thread started
2025-10-20 00:11:02,674 [DEBUG] [TaskbarService] [systray_widget/tasks_service.py:81]: Adding TaskbandHWND prop to hwnd 655926
2025-10-20 00:11:02,676 [DEBUG] [TrayMonitor] [systray_widget/tray_monitor.py:228]: Finding real tray hwnd
2025-10-20 00:11:02,703 [DEBUG] [MainThread] [systray_widget/tray_monitor.py:154]: Sending TaskbarCreated message: 49254
2025-10-20 00:11:02,715 [ERROR] [TrayMonitor] [root/app_icons.py:170]: GetIconInfo failed: 0
2025-10-20 00:11:03,763 [DEBUG] [MainThread] [systray_widget/systray.py:476]: Re-sorting widgets
2025-10-20 00:11:03,763 [DEBUG] [MainThread] [systray_widget/systray.py:498]: Updating current state
2025-10-20 00:11:22,451 [INFO] [MainThread] [root/controller.py:15]: Reloading Application because of config change.
2025-10-20 00:11:22,557 [INFO] [MainThread] [cli_server/cli_server.py:112]: Log pipe server stopped
2025-10-20 00:11:22,557 [DEBUG] [MainThread] [cli_server/cli_server.py:206]: CLI server stopped
2025-10-20 00:11:22,569 [INFO] [MainThread] [root/bar_manager.py:76]: Successfully loaded updated config and re-initialised all bars.
2025-10-20 00:11:23,457 [INFO] [MainThread] [root/bar_manager.py:92]: Stopping WindowsNotificationEventListener...
2025-10-20 00:11:23,460 [INFO] [MainThread] [core.utils.widgets.taskbar.window_manager/window_manager.py:218]: TaskbarWindowManager stopped
2025-10-20 00:11:23,461 [DEBUG] [MainThread] [systray_widget/systray.py:498]: Updating current state
2025-10-20 00:11:23,462 [DEBUG] [MainThread] [systray_widget/systray.py:516]: Saving state to disk
2025-10-20 00:11:23,463 [DEBUG] [MainThread] [systray_widget/systray.py:520]: Saving state to C:\Users\Fahim Rifat\AppData\Local\YASB\systray_state_AUOPTRONICSDISPLAY1.json
2025-10-20 00:11:23,474 [DEBUG] [MainThread] [qasync._windows._EventPoller/_windows.py:220]: Stopping worker thread...
2025-10-20 00:11:23,477 [DEBUG] [Dummy-6] [qasync._windows._EventWorker/_windows.py:204]: Exiting thread
2025-10-20 00:11:23,484 [DEBUG] [MainThread] [qasync._windows._IocpProactor/_windows.py:78]: Closing
2025-10-20 00:11:23,598 [DEBUG] [MainThread] [systray_widget/utils.py:96]: Destroying window 2425606
2025-10-20 00:11:23,599 [DEBUG] [MainThread] [systray_widget/utils.py:96]: Destroying window 655926
2025-10-20 00:11:24,102 [INFO] [MainThread] [root/log.py:59]: YASB v1.8.3
2025-10-20 00:11:24,104 [INFO] [Thread-1 (_run_server)] [cli_server/cli_server.py:212]: CLI server started v1.1.2
2025-10-20 00:11:24,105 [INFO] [MainThread] [cli_server/cli_server.py:104]: Log pipe server started
2025-10-20 00:11:24,733 [DEBUG] [MainThread] [comtypes/__init__.py:149]: CoInitializeEx(None, 2)
2025-10-20 00:11:26,257 [INFO] [MainThread] [core.utils.widgets.taskbar.window_manager/window_manager.py:191]: TaskbarWindowManager is starting...
2025-10-20 00:11:26,267 [INFO] [MainThread] [root/bar_manager.py:85]: Starting WindowsNotificationEventListener...
2025-10-20 00:11:26,269 [INFO] [MainThread] [root/watcher.py:54]: Created file watcher for path C:\Users\Fahim Rifat\.config\yasb
2025-10-20 00:11:26,366 [DEBUG] [MainThread] [qasync._windows._EventPoller/_windows.py:215]: Starting (proactor: <_IocpProactor overlapped#=0 result#=0>)...
2025-10-20 00:11:26,367 [DEBUG] [Dummy-6] [qasync._windows._EventWorker/_windows.py:195]: Thread started
2025-10-20 00:11:26,608 [DEBUG] [MainThread] [systray_widget/systray.py:538]: Loading state from C:\Users\Fahim Rifat\AppData\Local\YASB\systray_state_AUOPTRONICSDISPLAY1.json
2025-10-20 00:11:26,622 [DEBUG] [TrayMonitor] [systray_widget/systray.py:58]: Systray thread is starting...
2025-10-20 00:11:26,622 [DEBUG] [TaskbarService] [systray_widget/systray.py:72]: TaskbarService thread is starting...
2025-10-20 00:11:26,645 [DEBUG] [TaskbarService] [root/tasks_service.py:75]: Found yasb systray hwnd: 1180894
2025-10-20 00:11:26,645 [DEBUG] [TaskbarService] [systray_widget/tasks_service.py:81]: Adding TaskbandHWND prop to hwnd 1180894
2025-10-20 00:11:26,668 [DEBUG] [MainThread] [systray_widget/systray.py:285]: Systray thread started
2025-10-20 00:11:26,872 [DEBUG] [TaskbarService] [systray_widget/tasks_service.py:81]: Adding TaskbandHWND prop to hwnd 1180894
2025-10-20 00:11:26,874 [DEBUG] [TrayMonitor] [systray_widget/tray_monitor.py:228]: Finding real tray hwnd
2025-10-20 00:11:26,890 [DEBUG] [MainThread] [systray_widget/tray_monitor.py:154]: Sending TaskbarCreated message: 49254
2025-10-20 00:11:26,902 [ERROR] [TrayMonitor] [root/app_icons.py:170]: GetIconInfo failed: 0
2025-10-20 00:11:27,950 [DEBUG] [MainThread] [systray_widget/systray.py:476]: Re-sorting widgets
2025-10-20 00:11:27,950 [DEBUG] [MainThread] [systray_widget/systray.py:498]: Updating current state
2025-10-20 00:12:12,743 [INFO] [MainThread] [root/controller.py:15]: Reloading Application because of config change.
2025-10-20 00:12:12,856 [INFO] [MainThread] [cli_server/cli_server.py:112]: Log pipe server stopped
2025-10-20 00:12:12,856 [DEBUG] [MainThread] [cli_server/cli_server.py:206]: CLI server stopped
2025-10-20 00:12:12,880 [INFO] [MainThread] [root/bar_manager.py:76]: Successfully loaded updated config and re-initialised all bars.
2025-10-20 00:12:13,765 [INFO] [MainThread] [root/bar_manager.py:92]: Stopping WindowsNotificationEventListener...
2025-10-20 00:12:13,767 [INFO] [MainThread] [core.utils.widgets.taskbar.window_manager/window_manager.py:218]: TaskbarWindowManager stopped
2025-10-20 00:12:13,768 [DEBUG] [MainThread] [systray_widget/systray.py:498]: Updating current state
2025-10-20 00:12:13,769 [DEBUG] [MainThread] [systray_widget/systray.py:516]: Saving state to disk
2025-10-20 00:12:13,769 [DEBUG] [MainThread] [systray_widget/systray.py:520]: Saving state to C:\Users\Fahim Rifat\AppData\Local\YASB\systray_state_AUOPTRONICSDISPLAY1.json
2025-10-20 00:12:13,782 [DEBUG] [MainThread] [qasync._windows._EventPoller/_windows.py:220]: Stopping worker thread...
2025-10-20 00:12:13,789 [DEBUG] [Dummy-6] [qasync._windows._EventWorker/_windows.py:204]: Exiting thread
2025-10-20 00:12:13,796 [DEBUG] [MainThread] [qasync._windows._IocpProactor/_windows.py:78]: Closing
2025-10-20 00:12:13,882 [DEBUG] [MainThread] [systray_widget/utils.py:96]: Destroying window 1378078
2025-10-20 00:12:13,883 [DEBUG] [MainThread] [systray_widget/utils.py:96]: Destroying window 1180894
2025-10-20 00:12:14,455 [INFO] [MainThread] [root/log.py:59]: YASB v1.8.3
2025-10-20 00:12:14,457 [INFO] [Thread-1 (_run_server)] [cli_server/cli_server.py:212]: CLI server started v1.1.2
2025-10-20 00:12:14,458 [INFO] [MainThread] [cli_server/cli_server.py:104]: Log pipe server started
2025-10-20 00:12:15,117 [DEBUG] [MainThread] [comtypes/__init__.py:149]: CoInitializeEx(None, 2)
2025-10-20 00:12:16,607 [INFO] [MainThread] [core.utils.widgets.taskbar.window_manager/window_manager.py:191]: TaskbarWindowManager is starting...
2025-10-20 00:12:16,617 [INFO] [MainThread] [root/bar_manager.py:85]: Starting WindowsNotificationEventListener...
2025-10-20 00:12:16,618 [INFO] [MainThread] [root/watcher.py:54]: Created file watcher for path C:\Users\Fahim Rifat\.config\yasb
2025-10-20 00:12:16,710 [DEBUG] [MainThread] [qasync._windows._EventPoller/_windows.py:215]: Starting (proactor: <_IocpProactor overlapped#=0 result#=0>)...
2025-10-20 00:12:16,713 [DEBUG] [Dummy-6] [qasync._windows._EventWorker/_windows.py:195]: Thread started
2025-10-20 00:12:16,957 [DEBUG] [MainThread] [systray_widget/systray.py:538]: Loading state from C:\Users\Fahim Rifat\AppData\Local\YASB\systray_state_AUOPTRONICSDISPLAY1.json
2025-10-20 00:12:16,971 [DEBUG] [TrayMonitor] [systray_widget/systray.py:58]: Systray thread is starting...
2025-10-20 00:12:16,985 [DEBUG] [TaskbarService] [systray_widget/systray.py:72]: TaskbarService thread is starting...
2025-10-20 00:12:16,995 [DEBUG] [TaskbarService] [root/tasks_service.py:75]: Found yasb systray hwnd: 853068
2025-10-20 00:12:16,995 [DEBUG] [TaskbarService] [systray_widget/tasks_service.py:81]: Adding TaskbandHWND prop to hwnd 853068
2025-10-20 00:12:17,015 [DEBUG] [MainThread] [systray_widget/systray.py:285]: Systray thread started
2025-10-20 00:12:17,218 [DEBUG] [TaskbarService] [systray_widget/tasks_service.py:81]: Adding TaskbandHWND prop to hwnd 853068
2025-10-20 00:12:17,220 [DEBUG] [TrayMonitor] [systray_widget/tray_monitor.py:228]: Finding real tray hwnd
2025-10-20 00:12:17,238 [DEBUG] [MainThread] [systray_widget/tray_monitor.py:154]: Sending TaskbarCreated message: 49254
2025-10-20 00:12:17,253 [ERROR] [TrayMonitor] [root/app_icons.py:170]: GetIconInfo failed: 0
2025-10-20 00:12:18,303 [DEBUG] [MainThread] [systray_widget/systray.py:476]: Re-sorting widgets
2025-10-20 00:12:18,303 [DEBUG] [MainThread] [systray_widget/systray.py:498]: Updating current state
2025-10-20 00:12:30,156 [INFO] [MainThread] [root/controller.py:15]: Reloading Application because of config change.
2025-10-20 00:12:30,268 [INFO] [MainThread] [cli_server/cli_server.py:112]: Log pipe server stopped
2025-10-20 00:12:30,268 [DEBUG] [MainThread] [cli_server/cli_server.py:206]: CLI server stopped
2025-10-20 00:12:30,291 [INFO] [MainThread] [root/bar_manager.py:76]: Successfully loaded updated config and re-initialised all bars.
2025-10-20 00:12:30,476 [INFO] [MainThread] [root/bar_manager.py:92]: Stopping WindowsNotificationEventListener...
2025-10-20 00:12:30,479 [INFO] [MainThread] [core.utils.widgets.taskbar.window_manager/window_manager.py:218]: TaskbarWindowManager stopped
2025-10-20 00:12:30,482 [DEBUG] [MainThread] [systray_widget/systray.py:498]: Updating current state
2025-10-20 00:12:30,482 [DEBUG] [MainThread] [systray_widget/systray.py:516]: Saving state to disk
2025-10-20 00:12:30,483 [DEBUG] [MainThread] [systray_widget/systray.py:520]: Saving state to C:\Users\Fahim Rifat\AppData\Local\YASB\systray_state_AUOPTRONICSDISPLAY1.json
2025-10-20 00:12:30,499 [DEBUG] [MainThread] [qasync._windows._EventPoller/_windows.py:220]: Stopping worker thread...
2025-10-20 00:12:30,505 [DEBUG] [Dummy-6] [qasync._windows._EventWorker/_windows.py:204]: Exiting thread
2025-10-20 00:12:30,511 [DEBUG] [MainThread] [qasync._windows._IocpProactor/_windows.py:78]: Closing
2025-10-20 00:12:30,596 [DEBUG] [MainThread] [systray_widget/utils.py:96]: Destroying window 918744
2025-10-20 00:12:30,596 [DEBUG] [MainThread] [systray_widget/utils.py:96]: Destroying window 853068
2025-10-20 00:12:31,079 [INFO] [MainThread] [root/log.py:59]: YASB v1.8.3
2025-10-20 00:12:31,081 [INFO] [Thread-1 (_run_server)] [cli_server/cli_server.py:212]: CLI server started v1.1.2
2025-10-20 00:12:31,082 [INFO] [MainThread] [cli_server/cli_server.py:104]: Log pipe server started
2025-10-20 00:12:31,749 [DEBUG] [MainThread] [comtypes/__init__.py:149]: CoInitializeEx(None, 2)
2025-10-20 00:12:33,255 [INFO] [MainThread] [core.utils.widgets.taskbar.window_manager/window_manager.py:191]: TaskbarWindowManager is starting...
2025-10-20 00:12:33,266 [INFO] [MainThread] [root/bar_manager.py:85]: Starting WindowsNotificationEventListener...
2025-10-20 00:12:33,268 [INFO] [MainThread] [root/watcher.py:54]: Created file watcher for path C:\Users\Fahim Rifat\.config\yasb
2025-10-20 00:12:33,363 [DEBUG] [MainThread] [qasync._windows._EventPoller/_windows.py:215]: Starting (proactor: <_IocpProactor overlapped#=0 result#=0>)...
2025-10-20 00:12:33,365 [DEBUG] [Dummy-6] [qasync._windows._EventWorker/_windows.py:195]: Thread started
2025-10-20 00:12:33,596 [DEBUG] [MainThread] [systray_widget/systray.py:538]: Loading state from C:\Users\Fahim Rifat\AppData\Local\YASB\systray_state_AUOPTRONICSDISPLAY1.json
2025-10-20 00:12:33,610 [DEBUG] [TrayMonitor] [systray_widget/systray.py:58]: Systray thread is starting...
2025-10-20 00:12:33,611 [DEBUG] [TaskbarService] [systray_widget/systray.py:72]: TaskbarService thread is starting...
2025-10-20 00:12:33,633 [DEBUG] [TaskbarService] [root/tasks_service.py:75]: Found yasb systray hwnd: 1639812
2025-10-20 00:12:33,633 [DEBUG] [TaskbarService] [systray_widget/tasks_service.py:81]: Adding TaskbandHWND prop to hwnd 1639812
2025-10-20 00:12:33,655 [DEBUG] [MainThread] [systray_widget/systray.py:285]: Systray thread started
2025-10-20 00:12:33,859 [DEBUG] [TaskbarService] [systray_widget/tasks_service.py:81]: Adding TaskbandHWND prop to hwnd 1639812
2025-10-20 00:12:33,861 [DEBUG] [TrayMonitor] [systray_widget/tray_monitor.py:228]: Finding real tray hwnd
2025-10-20 00:12:33,876 [DEBUG] [MainThread] [systray_widget/tray_monitor.py:154]: Sending TaskbarCreated message: 49254
2025-10-20 00:12:33,892 [ERROR] [TrayMonitor] [root/app_icons.py:170]: GetIconInfo failed: 0
2025-10-20 00:12:34,943 [DEBUG] [MainThread] [systray_widget/systray.py:476]: Re-sorting widgets
2025-10-20 00:12:34,943 [DEBUG] [MainThread] [systray_widget/systray.py:498]: Updating current state
2025-10-20 00:12:45,865 [INFO] [MainThread] [root/controller.py:15]: Reloading Application because of config change.
2025-10-20 00:12:45,972 [INFO] [MainThread] [cli_server/cli_server.py:112]: Log pipe server stopped
2025-10-20 00:12:45,972 [DEBUG] [MainThread] [cli_server/cli_server.py:206]: CLI server stopped
2025-10-20 00:12:45,981 [INFO] [MainThread] [root/bar_manager.py:76]: Successfully loaded updated config and re-initialised all bars.
2025-10-20 00:12:46,048 [INFO] [MainThread] [root/bar_manager.py:92]: Stopping WindowsNotificationEventListener...
2025-10-20 00:12:46,054 [INFO] [MainThread] [core.utils.widgets.taskbar.window_manager/window_manager.py:218]: TaskbarWindowManager stopped
2025-10-20 00:12:46,057 [DEBUG] [MainThread] [systray_widget/systray.py:498]: Updating current state
2025-10-20 00:12:46,059 [DEBUG] [MainThread] [systray_widget/systray.py:516]: Saving state to disk
2025-10-20 00:12:46,060 [DEBUG] [MainThread] [systray_widget/systray.py:520]: Saving state to C:\Users\Fahim Rifat\AppData\Local\YASB\systray_state_AUOPTRONICSDISPLAY1.json
2025-10-20 00:12:46,071 [DEBUG] [MainThread] [qasync._windows._EventPoller/_windows.py:220]: Stopping worker thread...
2025-10-20 00:12:46,082 [DEBUG] [Dummy-6] [qasync._windows._EventWorker/_windows.py:204]: Exiting thread
2025-10-20 00:12:46,088 [DEBUG] [MainThread] [qasync._windows._IocpProactor/_windows.py:78]: Closing
2025-10-20 00:12:46,179 [DEBUG] [MainThread] [systray_widget/utils.py:96]: Destroying window 1508936
2025-10-20 00:12:46,180 [DEBUG] [MainThread] [systray_widget/utils.py:96]: Destroying window 1639812
2025-10-20 00:12:46,796 [INFO] [MainThread] [root/log.py:59]: YASB v1.8.3
2025-10-20 00:12:46,797 [INFO] [Thread-1 (_run_server)] [cli_server/cli_server.py:212]: CLI server started v1.1.2
2025-10-20 00:12:46,798 [INFO] [MainThread] [cli_server/cli_server.py:104]: Log pipe server started
2025-10-20 00:12:47,509 [DEBUG] [MainThread] [comtypes/__init__.py:149]: CoInitializeEx(None, 2)
2025-10-20 00:12:49,179 [INFO] [MainThread] [core.utils.widgets.taskbar.window_manager/window_manager.py:191]: TaskbarWindowManager is starting...
2025-10-20 00:12:49,196 [INFO] [MainThread] [root/bar_manager.py:85]: Starting WindowsNotificationEventListener...
2025-10-20 00:12:49,198 [INFO] [MainThread] [root/watcher.py:54]: Created file watcher for path C:\Users\Fahim Rifat\.config\yasb
2025-10-20 00:12:49,307 [DEBUG] [MainThread] [qasync._windows._EventPoller/_windows.py:215]: Starting (proactor: <_IocpProactor overlapped#=0 result#=0>)...
2025-10-20 00:12:49,309 [DEBUG] [Dummy-6] [qasync._windows._EventWorker/_windows.py:195]: Thread started
2025-10-20 00:12:49,565 [DEBUG] [MainThread] [systray_widget/systray.py:538]: Loading state from C:\Users\Fahim Rifat\AppData\Local\YASB\systray_state_AUOPTRONICSDISPLAY1.json
2025-10-20 00:12:49,578 [DEBUG] [TrayMonitor] [systray_widget/systray.py:58]: Systray thread is starting...
2025-10-20 00:12:49,578 [DEBUG] [TaskbarService] [systray_widget/systray.py:72]: TaskbarService thread is starting...
2025-10-20 00:12:49,600 [DEBUG] [TaskbarService] [root/tasks_service.py:75]: Found yasb systray hwnd: 1180426
2025-10-20 00:12:49,600 [DEBUG] [TaskbarService] [systray_widget/tasks_service.py:81]: Adding TaskbandHWND prop to hwnd 1180426
2025-10-20 00:12:49,623 [DEBUG] [MainThread] [systray_widget/systray.py:285]: Systray thread started
2025-10-20 00:12:49,826 [DEBUG] [TaskbarService] [systray_widget/tasks_service.py:81]: Adding TaskbandHWND prop to hwnd 1180426
2025-10-20 00:12:49,829 [DEBUG] [TrayMonitor] [systray_widget/tray_monitor.py:228]: Finding real tray hwnd
2025-10-20 00:12:49,845 [DEBUG] [MainThread] [systray_widget/tray_monitor.py:154]: Sending TaskbarCreated message: 49254
2025-10-20 00:12:49,861 [ERROR] [TrayMonitor] [root/app_icons.py:170]: GetIconInfo failed: 0
2025-10-20 00:12:50,898 [DEBUG] [MainThread] [systray_widget/systray.py:476]: Re-sorting widgets
2025-10-20 00:12:50,899 [DEBUG] [MainThread] [systray_widget/systray.py:498]: Updating current state
2025-10-20 00:32:17,537 [DEBUG] [MainThread] [systray_widget/systray.py:476]: Re-sorting widgets
2025-10-20 00:32:17,537 [DEBUG] [MainThread] [systray_widget/systray.py:498]: Updating current state
2025-10-20 00:32:44,024 [INFO] [MainThread] [root/controller.py:15]: Reloading Application because of config change.
2025-10-20 00:32:44,127 [INFO] [MainThread] [cli_server/cli_server.py:112]: Log pipe server stopped
2025-10-20 00:32:44,127 [DEBUG] [MainThread] [cli_server/cli_server.py:206]: CLI server stopped
2025-10-20 00:32:44,150 [INFO] [MainThread] [root/bar_manager.py:76]: Successfully loaded updated config and re-initialised all bars.
2025-10-20 00:32:44,233 [INFO] [MainThread] [root/bar_manager.py:92]: Stopping WindowsNotificationEventListener...
2025-10-20 00:32:44,251 [INFO] [MainThread] [core.utils.widgets.taskbar.window_manager/window_manager.py:218]: TaskbarWindowManager stopped
2025-10-20 00:32:44,258 [DEBUG] [MainThread] [systray_widget/systray.py:498]: Updating current state
2025-10-20 00:32:44,258 [DEBUG] [MainThread] [systray_widget/systray.py:516]: Saving state to disk
2025-10-20 00:32:44,260 [DEBUG] [MainThread] [systray_widget/systray.py:520]: Saving state to C:\Users\Fahim Rifat\AppData\Local\YASB\systray_state_AUOPTRONICSDISPLAY1.json
2025-10-20 00:32:44,273 [DEBUG] [MainThread] [qasync._windows._EventPoller/_windows.py:220]: Stopping worker thread...
2025-10-20 00:32:44,286 [DEBUG] [Dummy-6] [qasync._windows._EventWorker/_windows.py:204]: Exiting thread
2025-10-20 00:32:44,294 [DEBUG] [MainThread] [qasync._windows._IocpProactor/_windows.py:78]: Closing
2025-10-20 00:32:44,347 [DEBUG] [MainThread] [systray_widget/utils.py:96]: Destroying window 1181908
2025-10-20 00:32:44,347 [DEBUG] [MainThread] [systray_widget/utils.py:96]: Destroying window 1180426
2025-10-20 00:32:45,224 [INFO] [MainThread] [root/log.py:59]: YASB v1.8.3
2025-10-20 00:32:45,226 [INFO] [Thread-1 (_run_server)] [cli_server/cli_server.py:212]: CLI server started v1.1.2
2025-10-20 00:32:45,227 [INFO] [MainThread] [cli_server/cli_server.py:104]: Log pipe server started
2025-10-20 00:32:46,050 [DEBUG] [MainThread] [comtypes/__init__.py:149]: CoInitializeEx(None, 2)
2025-10-20 00:32:47,574 [INFO] [MainThread] [core.utils.widgets.taskbar.window_manager/window_manager.py:191]: TaskbarWindowManager is starting...
2025-10-20 00:32:47,587 [INFO] [MainThread] [root/bar_manager.py:85]: Starting WindowsNotificationEventListener...
2025-10-20 00:32:47,590 [INFO] [MainThread] [root/watcher.py:54]: Created file watcher for path C:\Users\Fahim Rifat\.config\yasb
2025-10-20 00:32:47,745 [DEBUG] [MainThread] [qasync._windows._EventPoller/_windows.py:215]: Starting (proactor: <_IocpProactor overlapped#=0 result#=0>)...
2025-10-20 00:32:47,749 [DEBUG] [Dummy-6] [qasync._windows._EventWorker/_windows.py:195]: Thread started
2025-10-20 00:32:48,171 [DEBUG] [MainThread] [systray_widget/systray.py:538]: Loading state from C:\Users\Fahim Rifat\AppData\Local\YASB\systray_state_AUOPTRONICSDISPLAY1.json
2025-10-20 00:32:48,190 [DEBUG] [TaskbarService] [systray_widget/systray.py:72]: TaskbarService thread is starting...
2025-10-20 00:32:48,190 [DEBUG] [TrayMonitor] [systray_widget/systray.py:58]: Systray thread is starting...
2025-10-20 00:32:48,218 [DEBUG] [TaskbarService] [root/tasks_service.py:75]: Found yasb systray hwnd: 918536
2025-10-20 00:32:48,219 [DEBUG] [TaskbarService] [systray_widget/tasks_service.py:81]: Adding TaskbandHWND prop to hwnd 918536
2025-10-20 00:32:48,244 [DEBUG] [MainThread] [systray_widget/systray.py:285]: Systray thread started
2025-10-20 00:32:48,446 [DEBUG] [TaskbarService] [systray_widget/tasks_service.py:81]: Adding TaskbandHWND prop to hwnd 918536
2025-10-20 00:32:48,448 [DEBUG] [TrayMonitor] [systray_widget/tray_monitor.py:228]: Finding real tray hwnd
2025-10-20 00:32:48,471 [DEBUG] [MainThread] [systray_widget/tray_monitor.py:154]: Sending TaskbarCreated message: 49254
2025-10-20 00:32:48,493 [ERROR] [TrayMonitor] [root/app_icons.py:170]: GetIconInfo failed: 0
2025-10-20 00:32:49,534 [DEBUG] [MainThread] [systray_widget/systray.py:476]: Re-sorting widgets
2025-10-20 00:32:49,534 [DEBUG] [MainThread] [systray_widget/systray.py:498]: Updating current state
2025-10-20 00:33:54,284 [DEBUG] [MainThread] [systray_widget/systray.py:476]: Re-sorting widgets
2025-10-20 00:33:54,285 [DEBUG] [MainThread] [systray_widget/systray.py:498]: Updating current state
2025-10-20 00:35:58,113 [DEBUG] [MainThread] [systray_widget/systray.py:476]: Re-sorting widgets
2025-10-20 00:35:58,114 [DEBUG] [MainThread] [systray_widget/systray.py:498]: Updating current state
2025-10-20 00:36:25,886 [DEBUG] [MainThread] [systray_widget/systray.py:476]: Re-sorting widgets
2025-10-20 00:36:25,886 [DEBUG] [MainThread] [systray_widget/systray.py:498]: Updating current state
2025-10-20 00:40:22,735 [DEBUG] [MainThread] [systray_widget/systray.py:476]: Re-sorting widgets
2025-10-20 00:40:22,736 [DEBUG] [MainThread] [systray_widget/systray.py:498]: Updating current state
2025-10-20 00:43:47,327 [DEBUG] [MainThread] [systray_widget/systray.py:476]: Re-sorting widgets
2025-10-20 00:43:47,328 [DEBUG] [MainThread] [systray_widget/systray.py:498]: Updating current state
2025-10-20 00:43:55,737 [DEBUG] [MainThread] [systray_widget/systray.py:476]: Re-sorting widgets
2025-10-20 00:43:55,738 [DEBUG] [MainThread] [systray_widget/systray.py:498]: Updating current state
2025-10-20 00:47:24,003 [INFO] [MainThread] [root/controller.py:15]: Reloading Application because of config change.
2025-10-20 00:47:24,104 [INFO] [MainThread] [cli_server/cli_server.py:112]: Log pipe server stopped
2025-10-20 00:47:24,104 [DEBUG] [MainThread] [cli_server/cli_server.py:206]: CLI server stopped
2025-10-20 00:47:24,127 [INFO] [MainThread] [root/bar_manager.py:76]: Successfully loaded updated config and re-initialised all bars.
2025-10-20 00:47:25,018 [INFO] [MainThread] [root/bar_manager.py:92]: Stopping WindowsNotificationEventListener...
2025-10-20 00:47:25,038 [INFO] [MainThread] [core.utils.widgets.taskbar.window_manager/window_manager.py:218]: TaskbarWindowManager stopped
2025-10-20 00:47:25,040 [DEBUG] [MainThread] [systray_widget/systray.py:498]: Updating current state
2025-10-20 00:47:25,040 [DEBUG] [MainThread] [systray_widget/systray.py:516]: Saving state to disk
2025-10-20 00:47:25,041 [DEBUG] [MainThread] [systray_widget/systray.py:520]: Saving state to C:\Users\Fahim Rifat\AppData\Local\YASB\systray_state_AUOPTRONICSDISPLAY1.json
2025-10-20 00:47:25,050 [DEBUG] [MainThread] [qasync._windows._EventPoller/_windows.py:220]: Stopping worker thread...
2025-10-20 00:47:25,057 [DEBUG] [Dummy-6] [qasync._windows._EventWorker/_windows.py:204]: Exiting thread
2025-10-20 00:47:25,063 [DEBUG] [MainThread] [qasync._windows._IocpProactor/_windows.py:78]: Closing
2025-10-20 00:47:25,146 [DEBUG] [MainThread] [systray_widget/utils.py:96]: Destroying window 2295046
2025-10-20 00:47:25,147 [DEBUG] [MainThread] [systray_widget/utils.py:96]: Destroying window 918536
2025-10-20 00:47:25,680 [INFO] [MainThread] [root/log.py:59]: YASB v1.8.3
2025-10-20 00:47:25,681 [INFO] [Thread-1 (_run_server)] [cli_server/cli_server.py:212]: CLI server started v1.1.2
2025-10-20 00:47:25,682 [INFO] [MainThread] [cli_server/cli_server.py:104]: Log pipe server started
2025-10-20 00:47:26,022 [DEBUG] [MainThread] [comtypes/__init__.py:149]: CoInitializeEx(None, 2)
2025-10-20 00:47:27,252 [INFO] [MainThread] [core.utils.widgets.taskbar.window_manager/window_manager.py:191]: TaskbarWindowManager is starting...
2025-10-20 00:47:27,260 [INFO] [MainThread] [root/bar_manager.py:85]: Starting WindowsNotificationEventListener...
2025-10-20 00:47:27,261 [INFO] [MainThread] [root/watcher.py:54]: Created file watcher for path C:\Users\Fahim Rifat\.config\yasb
2025-10-20 00:47:27,360 [DEBUG] [MainThread] [qasync._windows._EventPoller/_windows.py:215]: Starting (proactor: <_IocpProactor overlapped#=0 result#=0>)...
2025-10-20 00:47:27,361 [DEBUG] [Dummy-6] [qasync._windows._EventWorker/_windows.py:195]: Thread started
2025-10-20 00:47:27,363 [DEBUG] [MainThread] [systray_widget/systray.py:538]: Loading state from C:\Users\Fahim Rifat\AppData\Local\YASB\systray_state_AUOPTRONICSDISPLAY1.json
2025-10-20 00:47:27,378 [DEBUG] [TaskbarService] [systray_widget/systray.py:72]: TaskbarService thread is starting...
2025-10-20 00:47:27,378 [DEBUG] [TrayMonitor] [systray_widget/systray.py:58]: Systray thread is starting...
2025-10-20 00:47:27,400 [DEBUG] [TaskbarService] [root/tasks_service.py:75]: Found yasb systray hwnd: 1508560
2025-10-20 00:47:27,400 [DEBUG] [TaskbarService] [systray_widget/tasks_service.py:81]: Adding TaskbandHWND prop to hwnd 1508560
2025-10-20 00:47:27,651 [DEBUG] [MainThread] [systray_widget/systray.py:285]: Systray thread started
2025-10-20 00:47:27,855 [DEBUG] [TaskbarService] [systray_widget/tasks_service.py:81]: Adding TaskbandHWND prop to hwnd 1508560
2025-10-20 00:47:27,858 [DEBUG] [TrayMonitor] [systray_widget/tray_monitor.py:228]: Finding real tray hwnd
2025-10-20 00:47:27,873 [DEBUG] [MainThread] [systray_widget/tray_monitor.py:154]: Sending TaskbarCreated message: 49254
2025-10-20 00:47:27,890 [ERROR] [TrayMonitor] [root/app_icons.py:170]: GetIconInfo failed: 0
2025-10-20 00:47:28,919 [DEBUG] [MainThread] [systray_widget/systray.py:476]: Re-sorting widgets
2025-10-20 00:47:28,919 [DEBUG] [MainThread] [systray_widget/systray.py:498]: Updating current state
2025-10-20 00:49:07,332 [INFO] [MainThread] [root/controller.py:15]: Reloading Application because of config change.
2025-10-20 00:49:07,443 [INFO] [MainThread] [cli_server/cli_server.py:112]: Log pipe server stopped
2025-10-20 00:49:07,443 [DEBUG] [MainThread] [cli_server/cli_server.py:206]: CLI server stopped
2025-10-20 00:49:07,454 [INFO] [MainThread] [root/bar_manager.py:76]: Successfully loaded updated config and re-initialised all bars.
2025-10-20 00:49:08,337 [INFO] [MainThread] [root/bar_manager.py:92]: Stopping WindowsNotificationEventListener...
2025-10-20 00:49:08,340 [INFO] [MainThread] [core.utils.widgets.taskbar.window_manager/window_manager.py:218]: TaskbarWindowManager stopped
2025-10-20 00:49:08,341 [DEBUG] [MainThread] [systray_widget/systray.py:498]: Updating current state
2025-10-20 00:49:08,342 [DEBUG] [MainThread] [systray_widget/systray.py:516]: Saving state to disk
2025-10-20 00:49:08,342 [DEBUG] [MainThread] [systray_widget/systray.py:520]: Saving state to C:\Users\Fahim Rifat\AppData\Local\YASB\systray_state_AUOPTRONICSDISPLAY1.json
2025-10-20 00:49:08,352 [DEBUG] [MainThread] [qasync._windows._EventPoller/_windows.py:220]: Stopping worker thread...
2025-10-20 00:49:08,361 [DEBUG] [Dummy-6] [qasync._windows._EventWorker/_windows.py:204]: Exiting thread
2025-10-20 00:49:08,368 [DEBUG] [MainThread] [qasync._windows._IocpProactor/_windows.py:78]: Closing
2025-10-20 00:49:08,421 [DEBUG] [MainThread] [systray_widget/utils.py:96]: Destroying window 1508574
2025-10-20 00:49:08,421 [DEBUG] [MainThread] [systray_widget/utils.py:96]: Destroying window 1508560
2025-10-20 00:49:08,997 [INFO] [MainThread] [root/log.py:59]: YASB v1.8.3
2025-10-20 00:49:08,999 [INFO] [Thread-1 (_run_server)] [cli_server/cli_server.py:212]: CLI server started v1.1.2
2025-10-20 00:49:09,000 [INFO] [MainThread] [cli_server/cli_server.py:104]: Log pipe server started
2025-10-20 00:49:09,365 [DEBUG] [MainThread] [comtypes/__init__.py:149]: CoInitializeEx(None, 2)
2025-10-20 00:49:10,537 [INFO] [MainThread] [core.utils.widgets.taskbar.window_manager/window_manager.py:191]: TaskbarWindowManager is starting...
2025-10-20 00:49:10,545 [INFO] [MainThread] [root/watcher.py:54]: Created file watcher for path C:\Users\Fahim Rifat\.config\yasb
2025-10-20 00:49:10,635 [DEBUG] [MainThread] [qasync._windows._EventPoller/_windows.py:215]: Starting (proactor: <_IocpProactor overlapped#=0 result#=0>)...
2025-10-20 00:49:10,636 [DEBUG] [Dummy-6] [qasync._windows._EventWorker/_windows.py:195]: Thread started
2025-10-20 00:49:10,637 [DEBUG] [MainThread] [systray_widget/systray.py:538]: Loading state from C:\Users\Fahim Rifat\AppData\Local\YASB\systray_state_AUOPTRONICSDISPLAY1.json
2025-10-20 00:49:10,652 [DEBUG] [TrayMonitor] [systray_widget/systray.py:58]: Systray thread is starting...
2025-10-20 00:49:10,653 [DEBUG] [TaskbarService] [systray_widget/systray.py:72]: TaskbarService thread is starting...
2025-10-20 00:49:10,674 [DEBUG] [TaskbarService] [root/tasks_service.py:75]: Found yasb systray hwnd: 917760
2025-10-20 00:49:10,674 [DEBUG] [TaskbarService] [systray_widget/tasks_service.py:81]: Adding TaskbandHWND prop to hwnd 917760
2025-10-20 00:49:10,927 [DEBUG] [MainThread] [systray_widget/systray.py:285]: Systray thread started
2025-10-20 00:49:11,116 [DEBUG] [TrayMonitor] [systray_widget/tray_monitor.py:228]: Finding real tray hwnd
2025-10-20 00:49:11,132 [DEBUG] [TaskbarService] [systray_widget/tasks_service.py:81]: Adding TaskbandHWND prop to hwnd 917760
2025-10-20 00:49:11,150 [DEBUG] [MainThread] [systray_widget/tray_monitor.py:154]: Sending TaskbarCreated message: 49254
2025-10-20 00:49:11,169 [ERROR] [TrayMonitor] [root/app_icons.py:170]: GetIconInfo failed: 0
2025-10-20 00:49:12,200 [DEBUG] [MainThread] [systray_widget/systray.py:476]: Re-sorting widgets
2025-10-20 00:49:12,200 [DEBUG] [MainThread] [systray_widget/systray.py:498]: Updating current state
2025-10-20 00:50:04,210 [INFO] [MainThread] [root/controller.py:15]: Reloading Application because of config change.
2025-10-20 00:50:04,313 [INFO] [MainThread] [cli_server/cli_server.py:112]: Log pipe server stopped
2025-10-20 00:50:04,313 [DEBUG] [MainThread] [cli_server/cli_server.py:206]: CLI server stopped
2025-10-20 00:50:04,324 [INFO] [MainThread] [root/bar_manager.py:76]: Successfully loaded updated config and re-initialised all bars.
2025-10-20 00:50:05,210 [INFO] [MainThread] [core.utils.widgets.taskbar.window_manager/window_manager.py:218]: TaskbarWindowManager stopped
2025-10-20 00:50:05,211 [DEBUG] [MainThread] [systray_widget/systray.py:498]: Updating current state
2025-10-20 00:50:05,212 [DEBUG] [MainThread] [systray_widget/systray.py:516]: Saving state to disk
2025-10-20 00:50:05,213 [DEBUG] [MainThread] [systray_widget/systray.py:520]: Saving state to C:\Users\Fahim Rifat\AppData\Local\YASB\systray_state_AUOPTRONICSDISPLAY1.json
2025-10-20 00:50:05,223 [DEBUG] [MainThread] [qasync._windows._EventPoller/_windows.py:220]: Stopping worker thread...
2025-10-20 00:50:05,231 [DEBUG] [Dummy-6] [qasync._windows._EventWorker/_windows.py:204]: Exiting thread
2025-10-20 00:50:05,237 [DEBUG] [MainThread] [qasync._windows._IocpProactor/_windows.py:78]: Closing
2025-10-20 00:50:05,343 [DEBUG] [MainThread] [systray_widget/utils.py:96]: Destroying window 1377926
2025-10-20 00:50:05,344 [DEBUG] [MainThread] [systray_widget/utils.py:96]: Destroying window 917760
2025-10-20 00:50:05,794 [INFO] [MainThread] [root/log.py:59]: YASB v1.8.3
2025-10-20 00:50:05,796 [INFO] [Thread-1 (_run_server)] [cli_server/cli_server.py:212]: CLI server started v1.1.2
2025-10-20 00:50:05,797 [INFO] [MainThread] [cli_server/cli_server.py:104]: Log pipe server started
2025-10-20 00:50:06,132 [DEBUG] [MainThread] [comtypes/__init__.py:149]: CoInitializeEx(None, 2)
2025-10-20 00:50:07,348 [INFO] [MainThread] [core.utils.widgets.taskbar.window_manager/window_manager.py:191]: TaskbarWindowManager is starting...
2025-10-20 00:50:07,356 [INFO] [MainThread] [root/watcher.py:54]: Created file watcher for path C:\Users\Fahim Rifat\.config\yasb
2025-10-20 00:50:07,445 [DEBUG] [MainThread] [qasync._windows._EventPoller/_windows.py:215]: Starting (proactor: <_IocpProactor overlapped#=0 result#=0>)...
2025-10-20 00:50:07,447 [DEBUG] [Dummy-6] [qasync._windows._EventWorker/_windows.py:195]: Thread started
2025-10-20 00:50:07,448 [DEBUG] [MainThread] [systray_widget/systray.py:538]: Loading state from C:\Users\Fahim Rifat\AppData\Local\YASB\systray_state_AUOPTRONICSDISPLAY1.json
2025-10-20 00:50:07,462 [DEBUG] [TrayMonitor] [systray_widget/systray.py:58]: Systray thread is starting...
2025-10-20 00:50:07,477 [DEBUG] [TaskbarService] [systray_widget/systray.py:72]: TaskbarService thread is starting...
2025-10-20 00:50:07,487 [DEBUG] [TaskbarService] [root/tasks_service.py:75]: Found yasb systray hwnd: 1312778
2025-10-20 00:50:07,488 [DEBUG] [TaskbarService] [systray_widget/tasks_service.py:81]: Adding TaskbandHWND prop to hwnd 1312778
2025-10-20 00:50:07,748 [DEBUG] [MainThread] [systray_widget/systray.py:285]: Systray thread started
2025-10-20 00:50:07,953 [DEBUG] [TaskbarService] [systray_widget/tasks_service.py:81]: Adding TaskbandHWND prop to hwnd 1312778
2025-10-20 00:50:07,954 [DEBUG] [TrayMonitor] [systray_widget/tray_monitor.py:228]: Finding real tray hwnd
2025-10-20 00:50:07,974 [DEBUG] [MainThread] [systray_widget/tray_monitor.py:154]: Sending TaskbarCreated message: 49254
2025-10-20 00:50:07,992 [ERROR] [TrayMonitor] [root/app_icons.py:170]: GetIconInfo failed: 0
2025-10-20 00:50:09,036 [DEBUG] [MainThread] [systray_widget/systray.py:476]: Re-sorting widgets
2025-10-20 00:50:09,036 [DEBUG] [MainThread] [systray_widget/systray.py:498]: Updating current state
2025-10-20 00:51:18,698 [ERROR] [MainThread] [root/config.py:124]: The file 'C:\Users\Fahim Rifat\.config\yasb\config.yaml' contains Parser Error(s). Please fix:
while parsing a flow node
expected the node content, but found ','
  in "C:\Users\Fahim Rifat\.config\yasb\config.yaml", line 27, column 47
2025-10-20 00:51:30,383 [INFO] [MainThread] [root/controller.py:15]: Reloading Application because of config change.
2025-10-20 00:51:30,484 [INFO] [MainThread] [cli_server/cli_server.py:112]: Log pipe server stopped
2025-10-20 00:51:30,484 [DEBUG] [MainThread] [cli_server/cli_server.py:206]: CLI server stopped
2025-10-20 00:51:30,494 [INFO] [MainThread] [root/bar_manager.py:76]: Successfully loaded updated config and re-initialised all bars.
2025-10-20 00:51:31,359 [INFO] [MainThread] [core.utils.widgets.taskbar.window_manager/window_manager.py:218]: TaskbarWindowManager stopped
2025-10-20 00:51:31,361 [DEBUG] [MainThread] [systray_widget/systray.py:498]: Updating current state
2025-10-20 00:51:31,362 [DEBUG] [MainThread] [systray_widget/systray.py:516]: Saving state to disk
2025-10-20 00:51:31,362 [DEBUG] [MainThread] [systray_widget/systray.py:520]: Saving state to C:\Users\Fahim Rifat\AppData\Local\YASB\systray_state_AUOPTRONICSDISPLAY1.json
2025-10-20 00:51:31,368 [DEBUG] [MainThread] [qasync._windows._EventPoller/_windows.py:220]: Stopping worker thread...
2025-10-20 00:51:31,384 [DEBUG] [Dummy-6] [qasync._windows._EventWorker/_windows.py:204]: Exiting thread
2025-10-20 00:51:31,389 [DEBUG] [MainThread] [qasync._windows._IocpProactor/_windows.py:78]: Closing
2025-10-20 00:51:31,489 [DEBUG] [MainThread] [systray_widget/utils.py:96]: Destroying window 787840
2025-10-20 00:51:31,489 [DEBUG] [MainThread] [systray_widget/utils.py:96]: Destroying window 1312778
2025-10-20 00:51:32,021 [INFO] [MainThread] [root/log.py:59]: YASB v1.8.3
2025-10-20 00:51:32,023 [INFO] [Thread-1 (_run_server)] [cli_server/cli_server.py:212]: CLI server started v1.1.2
2025-10-20 00:51:32,024 [INFO] [MainThread] [cli_server/cli_server.py:104]: Log pipe server started
2025-10-20 00:51:32,540 [DEBUG] [MainThread] [comtypes/__init__.py:149]: CoInitializeEx(None, 2)
2025-10-20 00:51:33,537 [INFO] [MainThread] [core.utils.widgets.taskbar.window_manager/window_manager.py:191]: TaskbarWindowManager is starting...
2025-10-20 00:51:33,544 [INFO] [MainThread] [root/watcher.py:54]: Created file watcher for path C:\Users\Fahim Rifat\.config\yasb
2025-10-20 00:51:33,632 [DEBUG] [MainThread] [qasync._windows._EventPoller/_windows.py:215]: Starting (proactor: <_IocpProactor overlapped#=0 result#=0>)...
2025-10-20 00:51:33,634 [DEBUG] [Dummy-6] [qasync._windows._EventWorker/_windows.py:195]: Thread started
2025-10-20 00:51:33,872 [DEBUG] [MainThread] [systray_widget/systray.py:538]: Loading state from C:\Users\Fahim Rifat\AppData\Local\YASB\systray_state_AUOPTRONICSDISPLAY1.json
2025-10-20 00:51:33,898 [DEBUG] [TrayMonitor] [systray_widget/systray.py:58]: Systray thread is starting...
2025-10-20 00:51:33,898 [DEBUG] [TaskbarService] [systray_widget/systray.py:72]: TaskbarService thread is starting...
2025-10-20 00:51:33,910 [DEBUG] [TaskbarService] [root/tasks_service.py:75]: Found yasb systray hwnd: 1048832
2025-10-20 00:51:33,910 [DEBUG] [TaskbarService] [systray_widget/tasks_service.py:81]: Adding TaskbandHWND prop to hwnd 1048832
2025-10-20 00:51:33,930 [DEBUG] [MainThread] [systray_widget/systray.py:285]: Systray thread started
2025-10-20 00:51:34,135 [DEBUG] [TaskbarService] [systray_widget/tasks_service.py:81]: Adding TaskbandHWND prop to hwnd 1048832
2025-10-20 00:51:34,138 [DEBUG] [TrayMonitor] [systray_widget/tray_monitor.py:228]: Finding real tray hwnd
2025-10-20 00:51:34,153 [DEBUG] [MainThread] [systray_widget/tray_monitor.py:154]: Sending TaskbarCreated message: 49254
2025-10-20 00:51:34,171 [ERROR] [TrayMonitor] [root/app_icons.py:170]: GetIconInfo failed: 0
2025-10-20 00:51:35,212 [DEBUG] [MainThread] [systray_widget/systray.py:476]: Re-sorting widgets
2025-10-20 00:51:35,212 [DEBUG] [MainThread] [systray_widget/systray.py:498]: Updating current state
2025-10-20 00:51:55,018 [INFO] [MainThread] [root/controller.py:15]: Reloading Application because of config change.
2025-10-20 00:51:55,126 [INFO] [MainThread] [cli_server/cli_server.py:112]: Log pipe server stopped
2025-10-20 00:51:55,126 [DEBUG] [MainThread] [cli_server/cli_server.py:206]: CLI server stopped
2025-10-20 00:51:55,136 [INFO] [MainThread] [root/bar_manager.py:76]: Successfully loaded updated config and re-initialised all bars.
2025-10-20 00:51:56,006 [INFO] [MainThread] [core.utils.widgets.taskbar.window_manager/window_manager.py:218]: TaskbarWindowManager stopped
2025-10-20 00:51:56,008 [DEBUG] [MainThread] [systray_widget/systray.py:498]: Updating current state
2025-10-20 00:51:56,008 [DEBUG] [MainThread] [systray_widget/systray.py:516]: Saving state to disk
2025-10-20 00:51:56,009 [DEBUG] [MainThread] [systray_widget/systray.py:520]: Saving state to C:\Users\Fahim Rifat\AppData\Local\YASB\systray_state_AUOPTRONICSDISPLAY1.json
2025-10-20 00:51:56,021 [DEBUG] [MainThread] [qasync._windows._EventPoller/_windows.py:220]: Stopping worker thread...
2025-10-20 00:51:56,032 [DEBUG] [Dummy-6] [qasync._windows._EventWorker/_windows.py:204]: Exiting thread
2025-10-20 00:51:56,037 [DEBUG] [MainThread] [qasync._windows._IocpProactor/_windows.py:78]: Closing
2025-10-20 00:51:56,108 [DEBUG] [MainThread] [systray_widget/utils.py:96]: Destroying window 2164390
2025-10-20 00:51:56,108 [DEBUG] [MainThread] [systray_widget/utils.py:96]: Destroying window 1048832
2025-10-20 00:51:56,616 [INFO] [MainThread] [root/log.py:59]: YASB v1.8.3
2025-10-20 00:51:56,618 [INFO] [Thread-1 (_run_server)] [cli_server/cli_server.py:212]: CLI server started v1.1.2
2025-10-20 00:51:56,618 [INFO] [MainThread] [cli_server/cli_server.py:104]: Log pipe server started
2025-10-20 00:51:57,127 [DEBUG] [MainThread] [comtypes/__init__.py:149]: CoInitializeEx(None, 2)
2025-10-20 00:51:58,150 [INFO] [MainThread] [core.utils.widgets.taskbar.window_manager/window_manager.py:191]: TaskbarWindowManager is starting...
2025-10-20 00:51:58,158 [INFO] [MainThread] [root/watcher.py:54]: Created file watcher for path C:\Users\Fahim Rifat\.config\yasb
2025-10-20 00:51:58,248 [DEBUG] [MainThread] [qasync._windows._EventPoller/_windows.py:215]: Starting (proactor: <_IocpProactor overlapped#=0 result#=0>)...
2025-10-20 00:51:58,251 [DEBUG] [Dummy-6] [qasync._windows._EventWorker/_windows.py:195]: Thread started
2025-10-20 00:51:58,500 [DEBUG] [MainThread] [systray_widget/systray.py:538]: Loading state from C:\Users\Fahim Rifat\AppData\Local\YASB\systray_state_AUOPTRONICSDISPLAY1.json
2025-10-20 00:51:58,528 [DEBUG] [TrayMonitor] [systray_widget/systray.py:58]: Systray thread is starting...
2025-10-20 00:51:58,529 [DEBUG] [TaskbarService] [systray_widget/systray.py:72]: TaskbarService thread is starting...
2025-10-20 00:51:58,539 [DEBUG] [TaskbarService] [root/tasks_service.py:75]: Found yasb systray hwnd: 4851458
2025-10-20 00:51:58,539 [DEBUG] [TaskbarService] [systray_widget/tasks_service.py:81]: Adding TaskbandHWND prop to hwnd 4851458
2025-10-20 00:51:58,558 [DEBUG] [MainThread] [systray_widget/systray.py:285]: Systray thread started
2025-10-20 00:51:58,762 [DEBUG] [TaskbarService] [systray_widget/tasks_service.py:81]: Adding TaskbandHWND prop to hwnd 4851458
2025-10-20 00:51:58,762 [DEBUG] [TrayMonitor] [systray_widget/tray_monitor.py:228]: Finding real tray hwnd
2025-10-20 00:51:58,784 [DEBUG] [MainThread] [systray_widget/tray_monitor.py:154]: Sending TaskbarCreated message: 49254
2025-10-20 00:51:58,802 [ERROR] [TrayMonitor] [root/app_icons.py:170]: GetIconInfo failed: 0
2025-10-20 00:51:59,836 [DEBUG] [MainThread] [systray_widget/systray.py:476]: Re-sorting widgets
2025-10-20 00:51:59,836 [DEBUG] [MainThread] [systray_widget/systray.py:498]: Updating current state
2025-10-20 00:54:23,206 [INFO] [MainThread] [root/controller.py:15]: Reloading Application because of config change.
2025-10-20 00:54:23,310 [INFO] [MainThread] [cli_server/cli_server.py:112]: Log pipe server stopped
2025-10-20 00:54:23,310 [DEBUG] [MainThread] [cli_server/cli_server.py:206]: CLI server stopped
2025-10-20 00:54:23,320 [INFO] [MainThread] [root/bar_manager.py:76]: Successfully loaded updated config and re-initialised all bars.
2025-10-20 00:54:24,227 [INFO] [MainThread] [core.utils.widgets.taskbar.window_manager/window_manager.py:218]: TaskbarWindowManager stopped
2025-10-20 00:54:24,229 [DEBUG] [MainThread] [systray_widget/systray.py:498]: Updating current state
2025-10-20 00:54:24,230 [DEBUG] [MainThread] [systray_widget/systray.py:516]: Saving state to disk
2025-10-20 00:54:24,230 [DEBUG] [MainThread] [systray_widget/systray.py:520]: Saving state to C:\Users\Fahim Rifat\AppData\Local\YASB\systray_state_AUOPTRONICSDISPLAY1.json
2025-10-20 00:54:24,240 [DEBUG] [MainThread] [qasync._windows._EventPoller/_windows.py:220]: Stopping worker thread...
2025-10-20 00:54:24,245 [DEBUG] [Dummy-6] [qasync._windows._EventWorker/_windows.py:204]: Exiting thread
2025-10-20 00:54:24,251 [DEBUG] [MainThread] [qasync._windows._IocpProactor/_windows.py:78]: Closing
2025-10-20 00:54:24,347 [DEBUG] [MainThread] [systray_widget/utils.py:96]: Destroying window 1770006
2025-10-20 00:54:24,348 [DEBUG] [MainThread] [systray_widget/utils.py:96]: Destroying window 4851458
2025-10-20 00:54:24,860 [INFO] [MainThread] [root/log.py:59]: YASB v1.8.3
2025-10-20 00:54:24,861 [INFO] [Thread-1 (_run_server)] [cli_server/cli_server.py:212]: CLI server started v1.1.2
2025-10-20 00:54:24,862 [INFO] [MainThread] [cli_server/cli_server.py:104]: Log pipe server started
2025-10-20 00:54:25,124 [DEBUG] [MainThread] [comtypes/__init__.py:149]: CoInitializeEx(None, 2)
2025-10-20 00:54:26,542 [INFO] [MainThread] [core.utils.widgets.taskbar.window_manager/window_manager.py:191]: TaskbarWindowManager is starting...
2025-10-20 00:54:26,550 [INFO] [MainThread] [root/watcher.py:54]: Created file watcher for path C:\Users\Fahim Rifat\.config\yasb
2025-10-20 00:54:26,643 [DEBUG] [MainThread] [qasync._windows._EventPoller/_windows.py:215]: Starting (proactor: <_IocpProactor overlapped#=0 result#=0>)...
2025-10-20 00:54:26,644 [DEBUG] [Dummy-6] [qasync._windows._EventWorker/_windows.py:195]: Thread started
2025-10-20 00:54:26,894 [DEBUG] [MainThread] [systray_widget/systray.py:538]: Loading state from C:\Users\Fahim Rifat\AppData\Local\YASB\systray_state_AUOPTRONICSDISPLAY1.json
2025-10-20 00:54:26,922 [DEBUG] [TrayMonitor] [systray_widget/systray.py:58]: Systray thread is starting...
2025-10-20 00:54:26,922 [DEBUG] [TaskbarService] [systray_widget/systray.py:72]: TaskbarService thread is starting...
2025-10-20 00:54:26,933 [DEBUG] [TaskbarService] [root/tasks_service.py:75]: Found yasb systray hwnd: 2164702
2025-10-20 00:54:26,933 [DEBUG] [TaskbarService] [systray_widget/tasks_service.py:81]: Adding TaskbandHWND prop to hwnd 2164702
2025-10-20 00:54:26,956 [DEBUG] [MainThread] [systray_widget/systray.py:285]: Systray thread started
2025-10-20 00:54:27,121 [DEBUG] [TrayMonitor] [systray_widget/tray_monitor.py:228]: Finding real tray hwnd
2025-10-20 00:54:27,159 [DEBUG] [TaskbarService] [systray_widget/tasks_service.py:81]: Adding TaskbandHWND prop to hwnd 2164702
2025-10-20 00:54:27,179 [DEBUG] [MainThread] [systray_widget/tray_monitor.py:154]: Sending TaskbarCreated message: 49254
2025-10-20 00:54:27,199 [ERROR] [TrayMonitor] [root/app_icons.py:170]: GetIconInfo failed: 0
2025-10-20 00:54:28,227 [DEBUG] [MainThread] [systray_widget/systray.py:476]: Re-sorting widgets
2025-10-20 00:54:28,228 [DEBUG] [MainThread] [systray_widget/systray.py:498]: Updating current state
2025-10-20 00:56:31,052 [INFO] [MainThread] [root/controller.py:35]: Exiting Application...
2025-10-20 00:56:31,160 [INFO] [MainThread] [cli_server/cli_server.py:112]: Log pipe server stopped
2025-10-20 00:56:31,160 [DEBUG] [MainThread] [cli_server/cli_server.py:206]: CLI server stopped
2025-10-20 00:56:31,256 [INFO] [MainThread] [core.utils.widgets.taskbar.window_manager/window_manager.py:218]: TaskbarWindowManager stopped
2025-10-20 00:56:31,257 [DEBUG] [MainThread] [systray_widget/systray.py:498]: Updating current state
2025-10-20 00:56:31,258 [DEBUG] [MainThread] [systray_widget/systray.py:516]: Saving state to disk
2025-10-20 00:56:31,259 [DEBUG] [MainThread] [systray_widget/systray.py:520]: Saving state to C:\Users\Fahim Rifat\AppData\Local\YASB\systray_state_AUOPTRONICSDISPLAY1.json
2025-10-20 00:56:31,280 [DEBUG] [MainThread] [qasync._windows._EventPoller/_windows.py:220]: Stopping worker thread...
2025-10-20 00:56:31,286 [DEBUG] [Dummy-6] [qasync._windows._EventWorker/_windows.py:204]: Exiting thread
2025-10-20 00:56:31,288 [DEBUG] [MainThread] [qasync._windows._IocpProactor/_windows.py:78]: Closing
2025-10-20 00:56:31,322 [DEBUG] [MainThread] [systray_widget/utils.py:96]: Destroying window 1704500
2025-10-20 00:56:31,323 [DEBUG] [MainThread] [systray_widget/utils.py:96]: Destroying window 2164702
2025-10-20 00:58:12,227 [INFO] [MainThread] [root/log.py:59]: YASB v1.8.3
2025-10-20 00:58:12,227 [INFO] [Thread-1 (_run_server)] [cli_server/cli_server.py:212]: CLI server started v1.1.2
2025-10-20 00:58:12,227 [INFO] [MainThread] [cli_server/cli_server.py:104]: Log pipe server started
2025-10-20 00:58:12,861 [DEBUG] [MainThread] [comtypes/__init__.py:149]: CoInitializeEx(None, 2)
2025-10-20 00:58:22,034 [INFO] [MainThread] [core.utils.widgets.taskbar.window_manager/window_manager.py:191]: TaskbarWindowManager is starting...
2025-10-20 00:58:22,043 [INFO] [MainThread] [root/watcher.py:54]: Created file watcher for path C:\Users\Fahim Rifat\.config\yasb
2025-10-20 00:58:22,429 [DEBUG] [MainThread] [qasync._windows._EventPoller/_windows.py:215]: Starting (proactor: <_IocpProactor overlapped#=0 result#=0>)...
2025-10-20 00:58:22,432 [DEBUG] [Dummy-6] [qasync._windows._EventWorker/_windows.py:195]: Thread started
2025-10-20 00:58:27,589 [DEBUG] [MainThread] [systray_widget/systray.py:538]: Loading state from C:\Users\Fahim Rifat\AppData\Local\YASB\systray_state_AUOPTRONICSDISPLAY1.json
2025-10-20 00:58:27,621 [DEBUG] [TaskbarService] [systray_widget/systray.py:72]: TaskbarService thread is starting...
2025-10-20 00:58:27,621 [DEBUG] [TrayMonitor] [systray_widget/systray.py:58]: Systray thread is starting...
2025-10-20 00:58:27,639 [DEBUG] [TaskbarService] [root/tasks_service.py:75]: Found yasb systray hwnd: 66764
2025-10-20 00:58:27,639 [DEBUG] [TaskbarService] [systray_widget/tasks_service.py:81]: Adding TaskbandHWND prop to hwnd 66764
2025-10-20 00:58:27,667 [DEBUG] [MainThread] [systray_widget/systray.py:285]: Systray thread started
2025-10-20 00:58:27,869 [DEBUG] [TaskbarService] [systray_widget/tasks_service.py:81]: Adding TaskbandHWND prop to hwnd 66764
2025-10-20 00:58:27,870 [DEBUG] [TrayMonitor] [systray_widget/tray_monitor.py:228]: Finding real tray hwnd
2025-10-20 00:58:27,888 [DEBUG] [MainThread] [systray_widget/tray_monitor.py:154]: Sending TaskbarCreated message: 49246
2025-10-20 00:58:27,895 [ERROR] [TrayMonitor] [root/app_icons.py:170]: GetIconInfo failed: 0
2025-10-20 00:58:28,913 [DEBUG] [MainThread] [systray_widget/systray.py:476]: Re-sorting widgets
2025-10-20 00:58:28,913 [DEBUG] [MainThread] [systray_widget/systray.py:498]: Updating current state
2025-10-20 00:58:37,323 [DEBUG] [MainThread] [systray_widget/systray.py:476]: Re-sorting widgets
2025-10-20 00:58:37,323 [DEBUG] [MainThread] [systray_widget/systray.py:498]: Updating current state
2025-10-20 00:58:38,794 [DEBUG] [MainThread] [systray_widget/systray.py:476]: Re-sorting widgets
2025-10-20 00:58:38,794 [DEBUG] [MainThread] [systray_widget/systray.py:498]: Updating current state
2025-10-20 00:58:47,048 [DEBUG] [MainThread] [systray_widget/systray.py:476]: Re-sorting widgets
2025-10-20 00:58:47,049 [DEBUG] [MainThread] [systray_widget/systray.py:498]: Updating current state
2025-10-20 00:58:49,114 [INFO] [MainThread] [root/log.py:59]: YASB v1.8.3
2025-10-20 00:58:49,116 [INFO] [Thread-1 (_run_server)] [cli_server/cli_server.py:212]: CLI server started v1.1.2
2025-10-20 00:58:49,117 [INFO] [MainThread] [cli_server/cli_server.py:104]: Log pipe server started
2025-10-20 00:58:49,117 [ERROR] [MainThread] [root/main.py:76]: Another instance of the YASB is already running.
2025-10-20 00:58:54,303 [ERROR] [TrayMonitor] [root/app_icons.py:170]: GetIconInfo failed: 0
2025-10-20 00:58:55,280 [DEBUG] [MainThread] [systray_widget/systray.py:476]: Re-sorting widgets
2025-10-20 00:58:55,280 [DEBUG] [MainThread] [systray_widget/systray.py:498]: Updating current state
2025-10-20 00:59:15,306 [INFO] [MainThread] [root/controller.py:35]: Exiting Application...
2025-10-20 00:59:15,420 [INFO] [MainThread] [cli_server/cli_server.py:112]: Log pipe server stopped
2025-10-20 00:59:15,420 [DEBUG] [MainThread] [cli_server/cli_server.py:206]: CLI server stopped
2025-10-20 00:59:16,310 [INFO] [MainThread] [core.utils.widgets.taskbar.window_manager/window_manager.py:218]: TaskbarWindowManager stopped
2025-10-20 00:59:16,311 [DEBUG] [MainThread] [systray_widget/systray.py:498]: Updating current state
2025-10-20 00:59:16,312 [DEBUG] [MainThread] [systray_widget/systray.py:516]: Saving state to disk
2025-10-20 00:59:16,313 [DEBUG] [MainThread] [systray_widget/systray.py:520]: Saving state to C:\Users\Fahim Rifat\AppData\Local\YASB\systray_state_AUOPTRONICSDISPLAY1.json
2025-10-20 00:59:16,336 [DEBUG] [MainThread] [qasync._windows._EventPoller/_windows.py:220]: Stopping worker thread...
2025-10-20 00:59:16,340 [DEBUG] [Dummy-6] [qasync._windows._EventWorker/_windows.py:204]: Exiting thread
2025-10-20 00:59:16,343 [DEBUG] [MainThread] [qasync._windows._IocpProactor/_windows.py:78]: Closing
2025-10-20 00:59:16,391 [DEBUG] [MainThread] [systray_widget/utils.py:96]: Destroying window 132298
2025-10-20 00:59:16,391 [DEBUG] [MainThread] [systray_widget/utils.py:96]: Destroying window 66764
2025-10-20 11:33:30,093 [INFO] [MainThread] [root/log.py:59]: YASB v1.8.3
2025-10-20 11:33:30,095 [INFO] [Thread-1 (_run_server)] [cli_server/cli_server.py:212]: CLI server started v1.1.2
2025-10-20 11:33:30,097 [INFO] [MainThread] [cli_server/cli_server.py:104]: Log pipe server started
2025-10-20 11:33:30,690 [DEBUG] [MainThread] [comtypes/__init__.py:149]: CoInitializeEx(None, 2)
2025-10-20 11:33:36,416 [INFO] [MainThread] [core.utils.widgets.taskbar.window_manager/window_manager.py:191]: TaskbarWindowManager is starting...
2025-10-20 11:33:36,424 [INFO] [MainThread] [root/watcher.py:54]: Created file watcher for path C:\Users\Fahim Rifat\.config\yasb
2025-10-20 11:33:36,554 [DEBUG] [MainThread] [qasync._windows._EventPoller/_windows.py:215]: Starting (proactor: <_IocpProactor overlapped#=0 result#=0>)...
2025-10-20 11:33:36,609 [DEBUG] [Dummy-6] [qasync._windows._EventWorker/_windows.py:195]: Thread started
2025-10-20 11:33:38,306 [DEBUG] [MainThread] [systray_widget/systray.py:538]: Loading state from C:\Users\Fahim Rifat\AppData\Local\YASB\systray_state_AUOPTRONICSDISPLAY1.json
2025-10-20 11:33:38,321 [DEBUG] [TrayMonitor] [systray_widget/systray.py:58]: Systray thread is starting...
2025-10-20 11:33:38,322 [DEBUG] [TaskbarService] [systray_widget/systray.py:72]: TaskbarService thread is starting...
2025-10-20 11:33:38,339 [DEBUG] [TaskbarService] [root/tasks_service.py:75]: Found yasb systray hwnd: 66708
2025-10-20 11:33:38,340 [DEBUG] [TaskbarService] [systray_widget/tasks_service.py:81]: Adding TaskbandHWND prop to hwnd 66708
2025-10-20 11:33:38,366 [DEBUG] [MainThread] [systray_widget/systray.py:285]: Systray thread started
2025-10-20 11:33:38,567 [DEBUG] [TaskbarService] [systray_widget/tasks_service.py:81]: Adding TaskbandHWND prop to hwnd 66708
2025-10-20 11:33:38,568 [DEBUG] [TrayMonitor] [systray_widget/tray_monitor.py:228]: Finding real tray hwnd
2025-10-20 11:33:38,586 [DEBUG] [MainThread] [systray_widget/tray_monitor.py:154]: Sending TaskbarCreated message: 49258
2025-10-20 11:33:38,593 [ERROR] [TrayMonitor] [root/app_icons.py:170]: GetIconInfo failed: 0
2025-10-20 11:33:39,946 [DEBUG] [MainThread] [systray_widget/systray.py:476]: Re-sorting widgets
2025-10-20 11:33:39,946 [DEBUG] [MainThread] [systray_widget/systray.py:498]: Updating current state
2025-10-20 11:33:49,147 [DEBUG] [MainThread] [systray_widget/systray.py:476]: Re-sorting widgets
2025-10-20 11:33:49,147 [DEBUG] [MainThread] [systray_widget/systray.py:498]: Updating current state
2025-10-20 11:33:53,596 [DEBUG] [MainThread] [systray_widget/systray.py:476]: Re-sorting widgets
2025-10-20 11:33:53,596 [DEBUG] [MainThread] [systray_widget/systray.py:498]: Updating current state
2025-10-20 11:33:54,325 [INFO] [MainThread] [root/log.py:59]: YASB v1.8.3
2025-10-20 11:33:54,327 [INFO] [Thread-1 (_run_server)] [cli_server/cli_server.py:212]: CLI server started v1.1.2
2025-10-20 11:33:54,327 [INFO] [MainThread] [cli_server/cli_server.py:104]: Log pipe server started
2025-10-20 11:33:54,328 [ERROR] [MainThread] [root/main.py:76]: Another instance of the YASB is already running.
2025-10-20 11:33:59,072 [DEBUG] [MainThread] [systray_widget/systray.py:476]: Re-sorting widgets
2025-10-20 11:33:59,072 [DEBUG] [MainThread] [systray_widget/systray.py:498]: Updating current state
2025-10-20 11:34:22,748 [ERROR] [TrayMonitor] [root/app_icons.py:170]: GetIconInfo failed: 0
2025-10-20 11:34:23,731 [DEBUG] [MainThread] [systray_widget/systray.py:476]: Re-sorting widgets
2025-10-20 11:34:23,732 [DEBUG] [MainThread] [systray_widget/systray.py:498]: Updating current state
2025-10-20 12:04:36,895 [INFO] [MainThread] [root/controller.py:15]: Reloading Application because of config change.
2025-10-20 12:04:37,002 [INFO] [MainThread] [cli_server/cli_server.py:112]: Log pipe server stopped
2025-10-20 12:04:37,002 [DEBUG] [MainThread] [cli_server/cli_server.py:206]: CLI server stopped
2025-10-20 12:04:37,026 [INFO] [MainThread] [root/bar_manager.py:76]: Successfully loaded updated config and re-initialised all bars.
2025-10-20 12:04:37,112 [INFO] [MainThread] [core.utils.widgets.taskbar.window_manager/window_manager.py:218]: TaskbarWindowManager stopped
2025-10-20 12:04:37,119 [DEBUG] [MainThread] [systray_widget/systray.py:498]: Updating current state
2025-10-20 12:04:37,119 [DEBUG] [MainThread] [systray_widget/systray.py:516]: Saving state to disk
2025-10-20 12:04:37,120 [DEBUG] [MainThread] [systray_widget/systray.py:520]: Saving state to C:\Users\Fahim Rifat\AppData\Local\YASB\systray_state_AUOPTRONICSDISPLAY1.json
2025-10-20 12:04:37,201 [DEBUG] [MainThread] [qasync._windows._EventPoller/_windows.py:220]: Stopping worker thread...
2025-10-20 12:04:37,224 [DEBUG] [Dummy-6] [qasync._windows._EventWorker/_windows.py:204]: Exiting thread
2025-10-20 12:04:37,229 [DEBUG] [MainThread] [qasync._windows._IocpProactor/_windows.py:78]: Closing
2025-10-20 12:04:37,288 [DEBUG] [MainThread] [systray_widget/utils.py:96]: Destroying window 66710
2025-10-20 12:04:37,288 [DEBUG] [MainThread] [systray_widget/utils.py:96]: Destroying window 66708
2025-10-20 12:04:39,983 [INFO] [MainThread] [root/log.py:59]: YASB v1.8.3
2025-10-20 12:04:39,985 [INFO] [Thread-1 (_run_server)] [cli_server/cli_server.py:212]: CLI server started v1.1.2
2025-10-20 12:04:39,985 [INFO] [MainThread] [cli_server/cli_server.py:104]: Log pipe server started
2025-10-20 12:04:40,574 [DEBUG] [MainThread] [comtypes/__init__.py:149]: CoInitializeEx(None, 2)
2025-10-20 12:04:47,360 [INFO] [MainThread] [core.utils.widgets.taskbar.window_manager/window_manager.py:191]: TaskbarWindowManager is starting...
2025-10-20 12:04:47,369 [INFO] [MainThread] [root/watcher.py:54]: Created file watcher for path C:\Users\Fahim Rifat\.config\yasb
2025-10-20 12:04:47,460 [DEBUG] [MainThread] [qasync._windows._EventPoller/_windows.py:215]: Starting (proactor: <_IocpProactor overlapped#=0 result#=0>)...
2025-10-20 12:04:47,462 [DEBUG] [Dummy-6] [qasync._windows._EventWorker/_windows.py:195]: Thread started
2025-10-20 12:04:51,363 [DEBUG] [MainThread] [systray_widget/systray.py:538]: Loading state from C:\Users\Fahim Rifat\AppData\Local\YASB\systray_state_AUOPTRONICSDISPLAY1.json
2025-10-20 12:04:51,376 [DEBUG] [TaskbarService] [systray_widget/systray.py:72]: TaskbarService thread is starting...
2025-10-20 12:04:51,389 [DEBUG] [TrayMonitor] [systray_widget/systray.py:58]: Systray thread is starting...
2025-10-20 12:04:51,398 [DEBUG] [TaskbarService] [root/tasks_service.py:75]: Found yasb systray hwnd: 132508
2025-10-20 12:04:51,398 [DEBUG] [TaskbarService] [systray_widget/tasks_service.py:81]: Adding TaskbandHWND prop to hwnd 132508
2025-10-20 12:04:51,418 [DEBUG] [MainThread] [systray_widget/systray.py:285]: Systray thread started
2025-10-20 12:04:51,622 [DEBUG] [TaskbarService] [systray_widget/tasks_service.py:81]: Adding TaskbandHWND prop to hwnd 132508
2025-10-20 12:04:51,624 [DEBUG] [TrayMonitor] [systray_widget/tray_monitor.py:228]: Finding real tray hwnd
2025-10-20 12:04:51,636 [DEBUG] [MainThread] [systray_widget/tray_monitor.py:154]: Sending TaskbarCreated message: 49258
2025-10-20 12:04:51,653 [ERROR] [TrayMonitor] [root/app_icons.py:170]: GetIconInfo failed: 0
2025-10-20 12:04:52,686 [DEBUG] [MainThread] [systray_widget/systray.py:476]: Re-sorting widgets
2025-10-20 12:04:52,686 [DEBUG] [MainThread] [systray_widget/systray.py:498]: Updating current state
2025-10-20 12:05:22,214 [INFO] [MainThread] [root/controller.py:15]: Reloading Application because of config change.
2025-10-20 12:05:22,315 [INFO] [MainThread] [cli_server/cli_server.py:112]: Log pipe server stopped
2025-10-20 12:05:22,315 [DEBUG] [MainThread] [cli_server/cli_server.py:206]: CLI server stopped
2025-10-20 12:05:22,326 [INFO] [MainThread] [root/bar_manager.py:76]: Successfully loaded updated config and re-initialised all bars.
2025-10-20 12:05:23,199 [INFO] [MainThread] [core.utils.widgets.taskbar.window_manager/window_manager.py:218]: TaskbarWindowManager stopped
2025-10-20 12:05:23,205 [DEBUG] [MainThread] [systray_widget/systray.py:498]: Updating current state
2025-10-20 12:05:23,206 [DEBUG] [MainThread] [systray_widget/systray.py:516]: Saving state to disk
2025-10-20 12:05:23,207 [DEBUG] [MainThread] [systray_widget/systray.py:520]: Saving state to C:\Users\Fahim Rifat\AppData\Local\YASB\systray_state_AUOPTRONICSDISPLAY1.json
2025-10-20 12:05:23,219 [DEBUG] [MainThread] [qasync._windows._EventPoller/_windows.py:220]: Stopping worker thread...
2025-10-20 12:05:23,229 [DEBUG] [Dummy-6] [qasync._windows._EventWorker/_windows.py:204]: Exiting thread
2025-10-20 12:05:23,235 [DEBUG] [MainThread] [qasync._windows._IocpProactor/_windows.py:78]: Closing
2025-10-20 12:05:23,315 [DEBUG] [MainThread] [systray_widget/utils.py:96]: Destroying window 262166
2025-10-20 12:05:23,315 [DEBUG] [MainThread] [systray_widget/utils.py:96]: Destroying window 132508
2025-10-20 12:05:23,767 [INFO] [MainThread] [root/log.py:59]: YASB v1.8.3
2025-10-20 12:05:23,769 [INFO] [Thread-1 (_run_server)] [cli_server/cli_server.py:212]: CLI server started v1.1.2
2025-10-20 12:05:23,770 [INFO] [MainThread] [cli_server/cli_server.py:104]: Log pipe server started
2025-10-20 12:05:24,018 [DEBUG] [MainThread] [comtypes/__init__.py:149]: CoInitializeEx(None, 2)
2025-10-20 12:05:25,829 [INFO] [MainThread] [core.utils.widgets.taskbar.window_manager/window_manager.py:191]: TaskbarWindowManager is starting...
2025-10-20 12:05:25,837 [INFO] [MainThread] [root/watcher.py:54]: Created file watcher for path C:\Users\Fahim Rifat\.config\yasb
2025-10-20 12:05:25,924 [DEBUG] [MainThread] [qasync._windows._EventPoller/_windows.py:215]: Starting (proactor: <_IocpProactor overlapped#=0 result#=0>)...
2025-10-20 12:05:25,926 [DEBUG] [Dummy-6] [qasync._windows._EventWorker/_windows.py:195]: Thread started
2025-10-20 12:05:26,156 [DEBUG] [MainThread] [systray_widget/systray.py:538]: Loading state from C:\Users\Fahim Rifat\AppData\Local\YASB\systray_state_AUOPTRONICSDISPLAY1.json
2025-10-20 12:05:26,183 [DEBUG] [TaskbarService] [systray_widget/systray.py:72]: TaskbarService thread is starting...
2025-10-20 12:05:26,183 [DEBUG] [TrayMonitor] [systray_widget/systray.py:58]: Systray thread is starting...
2025-10-20 12:05:26,192 [DEBUG] [TaskbarService] [root/tasks_service.py:75]: Found yasb systray hwnd: 591006
2025-10-20 12:05:26,192 [DEBUG] [TaskbarService] [systray_widget/tasks_service.py:81]: Adding TaskbandHWND prop to hwnd 591006
2025-10-20 12:05:26,212 [DEBUG] [MainThread] [systray_widget/systray.py:285]: Systray thread started
2025-10-20 12:05:26,415 [DEBUG] [TaskbarService] [systray_widget/tasks_service.py:81]: Adding TaskbandHWND prop to hwnd 591006
2025-10-20 12:05:26,418 [DEBUG] [TrayMonitor] [systray_widget/tray_monitor.py:228]: Finding real tray hwnd
2025-10-20 12:05:26,432 [DEBUG] [MainThread] [systray_widget/tray_monitor.py:154]: Sending TaskbarCreated message: 49258
2025-10-20 12:05:26,457 [ERROR] [TrayMonitor] [root/app_icons.py:170]: GetIconInfo failed: 0
2025-10-20 12:05:27,499 [DEBUG] [MainThread] [systray_widget/systray.py:476]: Re-sorting widgets
2025-10-20 12:05:27,499 [DEBUG] [MainThread] [systray_widget/systray.py:498]: Updating current state
2025-10-20 12:07:19,231 [INFO] [MainThread] [root/controller.py:15]: Reloading Application because of config change.
2025-10-20 12:07:19,332 [INFO] [MainThread] [cli_server/cli_server.py:112]: Log pipe server stopped
2025-10-20 12:07:19,332 [DEBUG] [MainThread] [cli_server/cli_server.py:206]: CLI server stopped
2025-10-20 12:07:19,342 [INFO] [MainThread] [root/bar_manager.py:76]: Successfully loaded updated config and re-initialised all bars.
2025-10-20 12:07:20,218 [INFO] [MainThread] [core.utils.widgets.taskbar.window_manager/window_manager.py:218]: TaskbarWindowManager stopped
2025-10-20 12:07:20,220 [DEBUG] [MainThread] [systray_widget/systray.py:498]: Updating current state
2025-10-20 12:07:20,221 [DEBUG] [MainThread] [systray_widget/systray.py:516]: Saving state to disk
2025-10-20 12:07:20,221 [DEBUG] [MainThread] [systray_widget/systray.py:520]: Saving state to C:\Users\Fahim Rifat\AppData\Local\YASB\systray_state_AUOPTRONICSDISPLAY1.json
2025-10-20 12:07:20,230 [DEBUG] [MainThread] [qasync._windows._EventPoller/_windows.py:220]: Stopping worker thread...
2025-10-20 12:07:20,234 [DEBUG] [Dummy-6] [qasync._windows._EventWorker/_windows.py:204]: Exiting thread
2025-10-20 12:07:20,241 [DEBUG] [MainThread] [qasync._windows._IocpProactor/_windows.py:78]: Closing
2025-10-20 12:07:20,291 [DEBUG] [MainThread] [systray_widget/utils.py:96]: Destroying window 197782
2025-10-20 12:07:20,291 [DEBUG] [MainThread] [systray_widget/utils.py:96]: Destroying window 591006
2025-10-20 12:07:20,776 [INFO] [MainThread] [root/log.py:59]: YASB v1.8.3
2025-10-20 12:07:20,778 [INFO] [Thread-1 (_run_server)] [cli_server/cli_server.py:212]: CLI server started v1.1.2
2025-10-20 12:07:20,778 [INFO] [MainThread] [cli_server/cli_server.py:104]: Log pipe server started
2025-10-20 12:07:21,029 [DEBUG] [MainThread] [comtypes/__init__.py:149]: CoInitializeEx(None, 2)
2025-10-20 12:07:22,827 [INFO] [MainThread] [core.utils.widgets.taskbar.window_manager/window_manager.py:191]: TaskbarWindowManager is starting...
2025-10-20 12:07:22,835 [INFO] [MainThread] [root/watcher.py:54]: Created file watcher for path C:\Users\Fahim Rifat\.config\yasb
2025-10-20 12:07:22,919 [DEBUG] [MainThread] [qasync._windows._EventPoller/_windows.py:215]: Starting (proactor: <_IocpProactor overlapped#=0 result#=0>)...
2025-10-20 12:07:22,922 [DEBUG] [Dummy-6] [qasync._windows._EventWorker/_windows.py:195]: Thread started
2025-10-20 12:07:23,150 [DEBUG] [MainThread] [systray_widget/systray.py:538]: Loading state from C:\Users\Fahim Rifat\AppData\Local\YASB\systray_state_AUOPTRONICSDISPLAY1.json
2025-10-20 12:07:23,164 [DEBUG] [TrayMonitor] [systray_widget/systray.py:58]: Systray thread is starting...
2025-10-20 12:07:23,165 [DEBUG] [TaskbarService] [systray_widget/systray.py:72]: TaskbarService thread is starting...
2025-10-20 12:07:23,185 [DEBUG] [TaskbarService] [root/tasks_service.py:75]: Found yasb systray hwnd: 2424930
2025-10-20 12:07:23,185 [DEBUG] [TaskbarService] [systray_widget/tasks_service.py:81]: Adding TaskbandHWND prop to hwnd 2424930
2025-10-20 12:07:23,205 [DEBUG] [MainThread] [systray_widget/systray.py:285]: Systray thread started
2025-10-20 12:07:23,303 [DEBUG] [TrayMonitor] [systray_widget/tray_monitor.py:228]: Finding real tray hwnd
2025-10-20 12:07:23,410 [DEBUG] [TaskbarService] [systray_widget/tasks_service.py:81]: Adding TaskbandHWND prop to hwnd 2424930
2025-10-20 12:07:23,424 [DEBUG] [MainThread] [systray_widget/tray_monitor.py:154]: Sending TaskbarCreated message: 49258
2025-10-20 12:07:23,448 [ERROR] [TrayMonitor] [root/app_icons.py:170]: GetIconInfo failed: 0
2025-10-20 12:07:24,493 [DEBUG] [MainThread] [systray_widget/systray.py:476]: Re-sorting widgets
2025-10-20 12:07:24,494 [DEBUG] [MainThread] [systray_widget/systray.py:498]: Updating current state
2025-10-20 12:07:56,436 [INFO] [MainThread] [root/controller.py:15]: Reloading Application because of config change.
2025-10-20 12:07:56,550 [INFO] [MainThread] [cli_server/cli_server.py:112]: Log pipe server stopped
2025-10-20 12:07:56,550 [DEBUG] [MainThread] [cli_server/cli_server.py:206]: CLI server stopped
2025-10-20 12:07:56,572 [INFO] [MainThread] [root/bar_manager.py:76]: Successfully loaded updated config and re-initialised all bars.
2025-10-20 12:07:56,653 [INFO] [MainThread] [core.utils.widgets.taskbar.window_manager/window_manager.py:218]: TaskbarWindowManager stopped
2025-10-20 12:07:56,655 [DEBUG] [MainThread] [systray_widget/systray.py:498]: Updating current state
2025-10-20 12:07:56,656 [DEBUG] [MainThread] [systray_widget/systray.py:516]: Saving state to disk
2025-10-20 12:07:56,658 [DEBUG] [MainThread] [systray_widget/systray.py:520]: Saving state to C:\Users\Fahim Rifat\AppData\Local\YASB\systray_state_AUOPTRONICSDISPLAY1.json
2025-10-20 12:07:56,665 [DEBUG] [MainThread] [qasync._windows._EventPoller/_windows.py:220]: Stopping worker thread...
2025-10-20 12:07:56,676 [DEBUG] [Dummy-6] [qasync._windows._EventWorker/_windows.py:204]: Exiting thread
2025-10-20 12:07:56,681 [DEBUG] [MainThread] [qasync._windows._IocpProactor/_windows.py:78]: Closing
2025-10-20 12:07:56,742 [DEBUG] [MainThread] [systray_widget/utils.py:96]: Destroying window 788102
2025-10-20 12:07:56,742 [DEBUG] [MainThread] [systray_widget/utils.py:96]: Destroying window 2424930
2025-10-20 12:07:57,265 [INFO] [MainThread] [root/log.py:59]: YASB v1.8.3
2025-10-20 12:07:57,266 [INFO] [Thread-1 (_run_server)] [cli_server/cli_server.py:212]: CLI server started v1.1.2
2025-10-20 12:07:57,267 [INFO] [MainThread] [cli_server/cli_server.py:104]: Log pipe server started
2025-10-20 12:07:57,534 [DEBUG] [MainThread] [comtypes/__init__.py:149]: CoInitializeEx(None, 2)
2025-10-20 12:07:59,568 [INFO] [MainThread] [core.utils.widgets.taskbar.window_manager/window_manager.py:191]: TaskbarWindowManager is starting...
2025-10-20 12:07:59,577 [INFO] [MainThread] [root/watcher.py:54]: Created file watcher for path C:\Users\Fahim Rifat\.config\yasb
2025-10-20 12:07:59,665 [DEBUG] [MainThread] [qasync._windows._EventPoller/_windows.py:215]: Starting (proactor: <_IocpProactor overlapped#=0 result#=0>)...
2025-10-20 12:07:59,667 [DEBUG] [Dummy-6] [qasync._windows._EventWorker/_windows.py:195]: Thread started
2025-10-20 12:07:59,910 [DEBUG] [MainThread] [systray_widget/systray.py:538]: Loading state from C:\Users\Fahim Rifat\AppData\Local\YASB\systray_state_AUOPTRONICSDISPLAY1.json
2025-10-20 12:07:59,924 [DEBUG] [TaskbarService] [systray_widget/systray.py:72]: TaskbarService thread is starting...
2025-10-20 12:07:59,925 [DEBUG] [TrayMonitor] [systray_widget/systray.py:58]: Systray thread is starting...
2025-10-20 12:07:59,945 [DEBUG] [TaskbarService] [root/tasks_service.py:75]: Found yasb systray hwnd: 458776
2025-10-20 12:07:59,945 [DEBUG] [TaskbarService] [systray_widget/tasks_service.py:81]: Adding TaskbandHWND prop to hwnd 458776
2025-10-20 12:07:59,965 [DEBUG] [MainThread] [systray_widget/systray.py:285]: Systray thread started
2025-10-20 12:08:00,169 [DEBUG] [TaskbarService] [systray_widget/tasks_service.py:81]: Adding TaskbandHWND prop to hwnd 458776
2025-10-20 12:08:00,171 [DEBUG] [TrayMonitor] [systray_widget/tray_monitor.py:228]: Finding real tray hwnd
2025-10-20 12:08:00,185 [DEBUG] [MainThread] [systray_widget/tray_monitor.py:154]: Sending TaskbarCreated message: 49258
2025-10-20 12:08:00,206 [ERROR] [TrayMonitor] [root/app_icons.py:170]: GetIconInfo failed: 0
2025-10-20 12:08:01,250 [DEBUG] [MainThread] [systray_widget/systray.py:476]: Re-sorting widgets
2025-10-20 12:08:01,251 [DEBUG] [MainThread] [systray_widget/systray.py:498]: Updating current state
2025-10-20 12:11:48,726 [INFO] [MainThread] [root/controller.py:15]: Reloading Application because of config change.
2025-10-20 12:11:48,827 [INFO] [MainThread] [cli_server/cli_server.py:112]: Log pipe server stopped
2025-10-20 12:11:48,827 [DEBUG] [MainThread] [cli_server/cli_server.py:206]: CLI server stopped
2025-10-20 12:11:48,835 [INFO] [MainThread] [root/bar_manager.py:76]: Successfully loaded updated config and re-initialised all bars.
2025-10-20 12:11:48,918 [INFO] [MainThread] [core.utils.widgets.taskbar.window_manager/window_manager.py:218]: TaskbarWindowManager stopped
2025-10-20 12:11:48,919 [DEBUG] [MainThread] [systray_widget/systray.py:498]: Updating current state
2025-10-20 12:11:48,920 [DEBUG] [MainThread] [systray_widget/systray.py:516]: Saving state to disk
2025-10-20 12:11:48,920 [DEBUG] [MainThread] [systray_widget/systray.py:520]: Saving state to C:\Users\Fahim Rifat\AppData\Local\YASB\systray_state_AUOPTRONICSDISPLAY1.json
2025-10-20 12:11:48,926 [DEBUG] [MainThread] [qasync._windows._EventPoller/_windows.py:220]: Stopping worker thread...
2025-10-20 12:11:48,937 [DEBUG] [Dummy-6] [qasync._windows._EventWorker/_windows.py:204]: Exiting thread
2025-10-20 12:11:49,013 [DEBUG] [MainThread] [qasync._windows._IocpProactor/_windows.py:78]: Closing
2025-10-20 12:11:49,073 [DEBUG] [MainThread] [systray_widget/utils.py:96]: Destroying window 328850
2025-10-20 12:11:49,073 [DEBUG] [MainThread] [systray_widget/utils.py:96]: Destroying window 458776
2025-10-20 12:11:49,532 [INFO] [MainThread] [root/log.py:59]: YASB v1.8.3
2025-10-20 12:11:49,534 [INFO] [Thread-1 (_run_server)] [cli_server/cli_server.py:212]: CLI server started v1.1.2
2025-10-20 12:11:49,535 [INFO] [MainThread] [cli_server/cli_server.py:104]: Log pipe server started
2025-10-20 12:11:49,787 [DEBUG] [MainThread] [comtypes/__init__.py:149]: CoInitializeEx(None, 2)
2025-10-20 12:11:51,457 [INFO] [MainThread] [core.utils.widgets.taskbar.window_manager/window_manager.py:191]: TaskbarWindowManager is starting...
2025-10-20 12:11:51,464 [INFO] [MainThread] [root/watcher.py:54]: Created file watcher for path C:\Users\Fahim Rifat\.config\yasb
2025-10-20 12:11:51,551 [DEBUG] [MainThread] [qasync._windows._EventPoller/_windows.py:215]: Starting (proactor: <_IocpProactor overlapped#=0 result#=0>)...
2025-10-20 12:11:51,553 [DEBUG] [Dummy-6] [qasync._windows._EventWorker/_windows.py:195]: Thread started
2025-10-20 12:11:51,784 [DEBUG] [MainThread] [systray_widget/systray.py:538]: Loading state from C:\Users\Fahim Rifat\AppData\Local\YASB\systray_state_AUOPTRONICSDISPLAY1.json
2025-10-20 12:11:51,797 [DEBUG] [TaskbarService] [systray_widget/systray.py:72]: TaskbarService thread is starting...
2025-10-20 12:11:51,810 [DEBUG] [TrayMonitor] [systray_widget/systray.py:58]: Systray thread is starting...
2025-10-20 12:11:51,821 [DEBUG] [TaskbarService] [root/tasks_service.py:75]: Found yasb systray hwnd: 919174
2025-10-20 12:11:51,821 [DEBUG] [TaskbarService] [systray_widget/tasks_service.py:81]: Adding TaskbandHWND prop to hwnd 919174
2025-10-20 12:11:51,840 [DEBUG] [MainThread] [systray_widget/systray.py:285]: Systray thread started
2025-10-20 12:11:51,863 [DEBUG] [TrayMonitor] [systray_widget/tray_monitor.py:228]: Finding real tray hwnd
2025-10-20 12:11:52,043 [DEBUG] [TaskbarService] [systray_widget/tasks_service.py:81]: Adding TaskbandHWND prop to hwnd 919174
2025-10-20 12:11:52,059 [DEBUG] [MainThread] [systray_widget/tray_monitor.py:154]: Sending TaskbarCreated message: 49258
2025-10-20 12:11:52,078 [ERROR] [TrayMonitor] [root/app_icons.py:170]: GetIconInfo failed: 0
2025-10-20 12:11:53,113 [DEBUG] [MainThread] [systray_widget/systray.py:476]: Re-sorting widgets
2025-10-20 12:11:53,114 [DEBUG] [MainThread] [systray_widget/systray.py:498]: Updating current state
